26/01/16 13:04:06 INFO DriverDaemon$: Started Log4j2
26/01/16 13:04:07 INFO ShutdownHookManager$: Adding shutdown hook with priority=25, defined at com.databricks.DatabricksMain.setupLog4j2Conf
26/01/16 13:04:08 INFO DriverDaemon$: SafeFailCloseBehavior is not set, using the default behavior
26/01/16 13:04:09 INFO DriverDaemon$: Current JVM Version 17.0.16
26/01/16 13:04:09 INFO DriverDaemon$: Current JVM tzdata: 2025b
26/01/16 13:04:09 INFO DriverDaemon$: Fail to access field Promise.completeAllExceptions, could be due to not using Databricks' fork
java.lang.NoSuchFieldException: scala$concurrent$impl$Promise$$completeAllExceptions
	at java.base/java.lang.Class.getDeclaredField(Class.java:2610)
	at com.databricks.DatabricksMain.getPromiseCompleteAllExceptions(DatabricksMain.scala:397)
	at com.databricks.DatabricksMain.liftedTree1$1(DatabricksMain.scala:412)
	at com.databricks.DatabricksMain.initPromiseCompleteAllExceptions(DatabricksMain.scala:410)
	at com.databricks.DatabricksMain.initDatabricks(DatabricksMain.scala:470)
	at com.databricks.DatabricksMain.$anonfun$main$1(DatabricksMain.scala:231)
	at scala.runtime.java8.JFunction0$mcV$sp.apply(JFunction0$mcV$sp.scala:18)
	at com.databricks.context.integrity.IntegrityCheckContext$ThreadLocalStorage$.withValue(IntegrityCheckContext.scala:73)
	at com.databricks.DatabricksMain.main(DatabricksMain.scala:224)
	at com.databricks.backend.daemon.driver.DriverDaemon.main(DriverDaemon.scala)
26/01/16 13:04:09 INFO ShutdownHookManager$: Adding shutdown hook with priority=100, defined at com.databricks.DatabricksMain.initDatabricks, timeout=17000ms
26/01/16 13:04:09 INFO ShutdownHookManager$: Adding shutdown hook with priority=200, defined at com.databricks.DatabricksMain.initDatabricks
26/01/16 13:04:10 INFO DriverDaemon$: ========== driver starting up ==========
26/01/16 13:04:10 INFO DriverDaemon$: Java: Azul Systems, Inc. 17.0.16
26/01/16 13:04:10 INFO DriverDaemon$: OS: Linux/amd64 5.15.0-1091-azure
26/01/16 13:04:10 INFO DriverDaemon$: CWD: /databricks/driver
26/01/16 13:04:10 INFO DriverDaemon$: Mem: Max: 6.3G loaded GCs: PS MarkSweep, PS Scavenge
26/01/16 13:04:10 INFO DriverDaemon$: Logging multibyte characters: ✓
26/01/16 13:04:10 INFO DriverDaemon$: 'publicFile.rolling.rewrite' appender in root logger: class org.apache.logging.log4j.core.appender.rewrite.RewriteAppender
26/01/16 13:04:10 INFO DriverDaemon$: == Modules:
26/01/16 13:04:12 INFO DriverDaemon$: Starting prometheus metrics log export timer
26/01/16 13:04:12 INFO SnapstartUtils$: Checkpoint host network info: CheckpointHostInfo(null,null,null,0308-151607-btdoodbb-10-139-64-18/127.0.1.1,0308-151607-btdoodbb-10-139-64-18)
26/01/16 13:04:12 INFO DriverDaemon$: Skipping class preloading because it is not enabled in conf
26/01/16 13:04:14 INFO DriverDaemon$: Loaded JDBC drivers in 1663 ms
26/01/16 13:04:14 INFO DatabricksEdgeConfigs: serverlessEnabled : false
26/01/16 13:04:14 INFO DatabricksEdgeConfigs: perfPackEnabled : false
26/01/16 13:04:14 INFO DatabricksEdgeConfigs: classicSqlEnabled : false
26/01/16 13:04:14 INFO DatabricksEdgeConfigs: spark.databricks.test.default.enabled : false
26/01/16 13:04:14 INFO DriverDaemon$: Universe Git Hash: be8ec112e5913695edf5aa7ae4a50344f27d1410
26/01/16 13:04:14 INFO DriverDaemon$: Spark Git Hash: 087c015dc931580750085f93130126392b88884e
26/01/16 13:04:14 WARN SparkConfUtils$: Setting the same key twice for spark.hadoop.hive.server2.keystore.path
26/01/16 13:04:14 WARN SparkConfUtils$: Skipping empty value for spark.hadoop.hive.server2.keystore.password
26/01/16 13:04:14 WARN SparkConfUtils$: Setting the same key twice for spark.databricks.io.directoryCommit.enableLogicalDelete
26/01/16 13:04:14 INFO SparkConfUtils$: Customize spark config according to file /tmp/custom-spark.conf
26/01/16 13:04:14 WARN RunHelpers$: Missing tag isolation client: java.util.NoSuchElementException: key not found: TagDefinition(clientType,The client type for a request, used for isolating resources for the request.,DATA_LABEL_SYSTEM_NOT_SENSITIVE,false,List(),)
26/01/16 13:04:14 INFO DriverDaemon$: Waiting for lazy Spark confs
26/01/16 13:04:14 INFO DriverDaemon$: Finished waiting for lazy Spark confs
26/01/16 13:04:14 INFO DriverDaemon$: Running post-lazy config delivery actions
26/01/16 13:04:14 INFO DriverDaemon$: Finished running post-lazy config delivery actions
26/01/16 13:04:14 INFO DatabricksILoop$: Creating throwaway interpreter
26/01/16 13:04:14 INFO ClusterStartupStepsLogger: Finished driver warm-up step: handling lazy conf in 1 ms
26/01/16 13:04:16 INFO MetastoreMonitor$: Internal metastore configured
26/01/16 13:04:16 INFO DriverDaemon$: Starting metastore monitor
26/01/16 13:04:16 INFO DriverDaemon$: Started metastore monitor
26/01/16 13:04:16 INFO DriverDaemon$: Creating driver daemon
26/01/16 13:04:16 INFO DataSourceFactory$: DataSource Jdbc URL: jdbc:mariadb://consolidated-eastus2c3-prod-metastore-0.mysql.database.azure.com:9207/organization116288240407984?useSSL=true&sslMode=VERIFY_CA&disableSslHostnameVerification=true&trustServerCertificate=false&serverSslCert=/databricks/common/mysql-ssl-ca-cert.crt
26/01/16 13:04:16 INFO DriverDaemon: Created corral client
26/01/16 13:04:16 INFO DriverDaemon: Creating driver corral backend
26/01/16 13:04:16 INFO DriverCorral: Creating the driver context
26/01/16 13:04:16 INFO DatabricksILoop$: Class Server Dir: /local_disk0/tmp/repl/spark-1425469067982477112-cf0d207c-6002-456a-bf58-4e0882f41585
26/01/16 13:04:16 WARN SparkConfUtils$: Setting the same key twice for spark.hadoop.hive.server2.keystore.path
26/01/16 13:04:16 WARN SparkConfUtils$: Skipping empty value for spark.hadoop.hive.server2.keystore.password
26/01/16 13:04:16 WARN SparkConfUtils$: Setting the same key twice for spark.databricks.io.directoryCommit.enableLogicalDelete
26/01/16 13:04:16 INFO SparkConfUtils$: Customize spark config according to file /tmp/custom-spark.conf
26/01/16 13:04:16 INFO HikariDataSource: metastore-monitor - Starting...
26/01/16 13:04:16 INFO SparkContext: Running Spark version 3.5.2
26/01/16 13:04:16 INFO SparkContext: OS info Linux, 5.15.0-1091-azure, amd64
26/01/16 13:04:16 INFO SparkContext: Java version 17.0.16
26/01/16 13:04:16 INFO HikariDataSource: metastore-monitor - Start completed.
26/01/16 13:04:17 INFO ResourceUtils: ==============================================================
26/01/16 13:04:17 INFO ResourceUtils: No custom resources configured for spark.driver.
26/01/16 13:04:17 INFO ResourceUtils: ==============================================================
26/01/16 13:04:17 INFO SparkContext: Submitted application: Databricks Shell
26/01/16 13:04:17 INFO ResourceProfile: Default ResourceProfile created, executor resources: Map(memory -> name: memory, amount: 7284, script: , vendor: , offHeap -> name: offHeap, amount: 0, script: , vendor: ), task resources: Map(cpus -> name: cpus, amount: 1.0)
26/01/16 13:04:17 INFO ResourceProfile: Limiting resource is cpu
26/01/16 13:04:17 INFO ResourceProfileManager: Added ResourceProfile id: 0
26/01/16 13:04:17 INFO JvmCrashLogger: Past JVM crashes: detected 0, logged 0, and skipped 0 already logged
26/01/16 13:04:17 INFO SecurityManager: Changing view acls to: root
26/01/16 13:04:17 INFO SecurityManager: Changing modify acls to: root
26/01/16 13:04:17 INFO SecurityManager: Changing view acls groups to: root
26/01/16 13:04:17 INFO SecurityManager: Changing modify acls groups to: root
26/01/16 13:04:17 INFO SecurityManager: SecurityManager: authentication is enabled: false; ui acls disabled; users with view permissions: root groups with view permissions: EMPTY; users with modify permissions: root; groups with modify permissions: EMPTY; RPC SSL enabled: false
26/01/16 13:04:18 INFO Utils: Successfully started service 'sparkDriver' on port 34795.
26/01/16 13:04:18 INFO HikariDataSource: metastore-monitor - Shutdown initiated...
26/01/16 13:04:18 INFO HikariDataSource: metastore-monitor - Shutdown completed.
26/01/16 13:04:18 INFO MetastoreMonitor: Metastore healthcheck successful (connection duration = 2246 milliseconds)
26/01/16 13:04:18 INFO DataSourceFactory$: DataSource Jdbc URL: jdbc:mariadb://consolidated-eastus2c3-prod-metastore-0.mysql.database.azure.com:9207/organization116288240407984?useSSL=true&sslMode=VERIFY_CA&disableSslHostnameVerification=true&trustServerCertificate=false&serverSslCert=/databricks/common/mysql-ssl-ca-cert.crt
26/01/16 13:04:18 INFO HikariDataSource: metastore-monitor - Starting...
26/01/16 13:04:18 INFO HikariDataSource: metastore-monitor - Start completed.
26/01/16 13:04:18 INFO SparkEnv: Registering MapOutputTracker
26/01/16 13:04:18 INFO SparkEnv: Registering BlockManagerMaster
26/01/16 13:04:18 INFO BlockManagerMasterEndpoint: Using org.apache.spark.storage.DefaultTopologyMapper for getting topology information
26/01/16 13:04:18 INFO BlockManagerMasterEndpoint: BlockManagerMasterEndpoint up
26/01/16 13:04:18 INFO SparkEnv: Registering BlockManagerMasterHeartbeat
26/01/16 13:04:18 INFO DiskBlockManager: Created local directory at /local_disk0/blockmgr-589ec05f-f150-4bb3-8890-9f8f9701891d
26/01/16 13:04:18 INFO SparkEnv: Registering OutputCommitCoordinator
26/01/16 13:04:19 INFO ThreadDumpManager: ThreadDumpManager: started.
26/01/16 13:04:19 INFO HangingThreadDetector: HangingThreadDetector starting.
26/01/16 13:04:19 INFO HangingThreadDetector: Hanging thread detection task starting.
26/01/16 13:04:19 INFO HikariDataSource: metastore-monitor - Shutdown initiated...
26/01/16 13:04:19 INFO HikariDataSource: metastore-monitor - Shutdown completed.
26/01/16 13:04:19 INFO MetastoreMonitor: PoPProxy healthcheck successful (connection duration = 716 milliseconds)
26/01/16 13:04:19 INFO SparkContext: Spark configuration:
databricks.data.unity.enabled=true
databricks.sqlgateway.history.queryParametersByteLimit=51200
libraryDownload.sleepIntervalSeconds=5
libraryDownload.timeoutSeconds=180
spark.aether.driver.id=driver
spark.akka.frameSize=256
spark.app.name=Databricks Shell
spark.app.startTime=1768568656822
spark.cleaner.referenceTracking.blocking=false
spark.databricks.SC200982.blockBuiltInFunctionOverride=true
spark.databricks.SC200982.blockSecuritySensitiveFunctionOverride=false
spark.databricks.SharedUCWorkspaceLocalFilesystem.enable=true
spark.databricks.abTesting.client.httpClientClass=com.databricks.common.client.DreamcatcherRuntimeHttpClient
spark.databricks.acl.checkPermission.impl=com.databricks.sql.acl.CheckPermissions
spark.databricks.acl.client=com.databricks.spark.sql.acl.client.SparkSqlAclClient
spark.databricks.acl.defaultSessionCatalogOnly=true
spark.databricks.acl.dfAclsEnabled=true
spark.databricks.acl.enabled=true
spark.databricks.acl.filesystem.checkPermission.impl=com.databricks.sql.acl.CheckFileSystemSafety
spark.databricks.acl.hiveNamespaceOnly=true
spark.databricks.acl.provider=com.databricks.sql.acl.ReflectionBackedAclProvider
spark.databricks.acl.scim.client=com.databricks.spark.sql.acl.client.DriverToWebappScimClient
spark.databricks.acl.secureCatalogRestrictObjLists=true
spark.databricks.acl.secureDefaultSessionCatalogImpls=com.databricks.sql.transaction.tahoe.catalog.DeltaCatalog
spark.databricks.acl.skipCheckingPlans=NONE
spark.databricks.aether.fixedPort.enabled=true
spark.databricks.automl.serviceEnabled=true
spark.databricks.autotune.maintenance.client.classname=com.databricks.maintenanceautocompute.MACClientImpl
spark.databricks.autotune.maintenance.client.clusterScoped.asyncForcePush.enabled=true
spark.databricks.cloudProvider=Azure
spark.databricks.cloudfetch.hasRegionSupport=true
spark.databricks.cloudfetch.requestDownloadUrlsWithHeaders=*********(redacted)
spark.databricks.cloudfetch.requesterClassName=*********(redacted)
spark.databricks.clusterSource=UI
spark.databricks.clusterUsageTags.attribute_tag_budget=
spark.databricks.clusterUsageTags.attribute_tag_dust_bazel_path=
spark.databricks.clusterUsageTags.attribute_tag_dust_execution_env=
spark.databricks.clusterUsageTags.attribute_tag_dust_maintainer=
spark.databricks.clusterUsageTags.attribute_tag_dust_resource_class=
spark.databricks.clusterUsageTags.attribute_tag_dust_runbot_id=
spark.databricks.clusterUsageTags.attribute_tag_dust_runner=
spark.databricks.clusterUsageTags.attribute_tag_dust_suite=
spark.databricks.clusterUsageTags.attribute_tag_platform_name=
spark.databricks.clusterUsageTags.attribute_tag_service=
spark.databricks.clusterUsageTags.autoTerminationMinutes=10
spark.databricks.clusterUsageTags.azureSubscriptionId=065c7b63-5be8-4a11-8c0f-254cca444c4e
spark.databricks.clusterUsageTags.cloudProvider=Azure
spark.databricks.clusterUsageTags.clusterAllTags=[{"key":"Vendor","value":"Databricks"},{"key":"Creator","value":"marcos.lourenco@vale.com"},{"key":"ClusterName","value":"hs-community-dev"},{"key":"ClusterId","value":"0308-151607-btdoodbb"},{"key":"DBA Support Team","value":"cec@vale.com"},{"key":"Auto Shutdown","value":" FALSE"},{"key":"Created By","value":"gustavo.cabrini@dxc.com"},{"key":"AppId","value":"APP03505"},{"key":"Workload Type","value":"PRD"},{"key":"Description","value":"Comunidade de Data & Analytics"},{"key":"KPE","value":"FALSE"},{"key":"Budget Clearance","value":"1000"},{"key":"Support","value":"Foundation.Delivery.Center@Vale.com"},{"key":"Billing Entity","value":"VALE S.A."},{"key":"Responsible - Infra","value":"C0639011@vale.com"},{"key":"Cost Center","value":"1010103"},{"key":"dxcMonitored","value":"True"},{"key":"dxcManaged","value":"True"},{"key":"Responsible - App","value":"susana.queiroz@vale.com"},{"key":"Overbudget","value":"FALSE"},{"key":"Billing DXC","value":"TRUE"},{"key":"Backup","value":"N/A"},{"key":"LGPD","value":"FALSE"},{"key":"Status","value":"In Production"},{"key":"DatabricksEnvironment","value":"workerenv-116288240407984"}]
spark.databricks.clusterUsageTags.clusterAvailability=ON_DEMAND_AZURE
spark.databricks.clusterUsageTags.clusterCreator=Webapp
spark.databricks.clusterUsageTags.clusterFirstOnDemand=1
spark.databricks.clusterUsageTags.clusterGeneration=3001
spark.databricks.clusterUsageTags.clusterHasPolicy=true
spark.databricks.clusterUsageTags.clusterId=0308-151607-btdoodbb
spark.databricks.clusterUsageTags.clusterLastActivityTime=1768565311053
spark.databricks.clusterUsageTags.clusterLogDeliveryEnabled=true
spark.databricks.clusterUsageTags.clusterLogDestination=/Volumes/hs_franquia/logs/hs-community-dev-logs
spark.databricks.clusterUsageTags.clusterLogDestinationType=VOLUMES
spark.databricks.clusterUsageTags.clusterMaxWorkers=3
spark.databricks.clusterUsageTags.clusterMetastoreAccessType=RDS_DIRECT
spark.databricks.clusterUsageTags.clusterMinWorkers=1
spark.databricks.clusterUsageTags.clusterName=hs-community-dev
spark.databricks.clusterUsageTags.clusterNoDriverDaemon=false
spark.databricks.clusterUsageTags.clusterNodeType=Standard_DS3_v2
spark.databricks.clusterUsageTags.clusterNodeTypeFlexibilityEnabled=false
spark.databricks.clusterUsageTags.clusterNumCustomTags=0
spark.databricks.clusterUsageTags.clusterNumSshKeys=0
spark.databricks.clusterUsageTags.clusterOwnerOrgId=116288240407984
spark.databricks.clusterUsageTags.clusterOwnerUserId=*********(redacted)
spark.databricks.clusterUsageTags.clusterPinned=true
spark.databricks.clusterUsageTags.clusterPolicyId=0001554354EE152E
spark.databricks.clusterUsageTags.clusterPythonVersion=3
spark.databricks.clusterUsageTags.clusterResourceClass=default
spark.databricks.clusterUsageTags.clusterScalingType=autoscaling
spark.databricks.clusterUsageTags.clusterSizeType=VM_CONTAINER
spark.databricks.clusterUsageTags.clusterSku=STANDARD_SKU
spark.databricks.clusterUsageTags.clusterSpotBidMaxPrice=-1.0
spark.databricks.clusterUsageTags.clusterState=Restarting
spark.databricks.clusterUsageTags.clusterStateMessage=Starting Spark
spark.databricks.clusterUsageTags.clusterTargetWorkers=1
spark.databricks.clusterUsageTags.clusterUnityCatalogMode=*********(redacted)
spark.databricks.clusterUsageTags.clusterWorkers=1
spark.databricks.clusterUsageTags.computeKind=CLASSIC_PREVIEW
spark.databricks.clusterUsageTags.containerType=LXC
spark.databricks.clusterUsageTags.dataPlaneRegion=eastus2
spark.databricks.clusterUsageTags.driverContainerId=2f408f9b22194d8190b0ab3c16fdc9ce
spark.databricks.clusterUsageTags.driverContainerPrivateIp=10.139.64.18
spark.databricks.clusterUsageTags.driverInstanceId=b7969848cef340869b00fcbc1af91299
spark.databricks.clusterUsageTags.driverInstancePrivateIp=10.139.0.19
spark.databricks.clusterUsageTags.driverNodeType=Standard_DS3_v2
spark.databricks.clusterUsageTags.driverPublicDns=172.200.164.194
spark.databricks.clusterUsageTags.effectiveSparkVersion=16.4.x-scala2.13
spark.databricks.clusterUsageTags.enableCredentialPassthrough=*********(redacted)
spark.databricks.clusterUsageTags.enableDfAcls=true
spark.databricks.clusterUsageTags.enableElasticDisk=true
spark.databricks.clusterUsageTags.enableGlueCatalogCredentialPassthrough=*********(redacted)
spark.databricks.clusterUsageTags.enableJdbcAutoStart=true
spark.databricks.clusterUsageTags.enableJobsAutostart=true
spark.databricks.clusterUsageTags.enableLocalDiskEncryption=false
spark.databricks.clusterUsageTags.enableSqlAclsOnly=false
spark.databricks.clusterUsageTags.hailEnabled=false
spark.databricks.clusterUsageTags.ignoreTerminationEventInAlerting=false
spark.databricks.clusterUsageTags.instanceWorkerEnvId=workerenv-116288240407984
spark.databricks.clusterUsageTags.instanceWorkerEnvNetworkType=default
spark.databricks.clusterUsageTags.isDpCpPrivateLinkEnabled=false
spark.databricks.clusterUsageTags.isGroupCluster=false
spark.databricks.clusterUsageTags.isIMv2Enabled=true
spark.databricks.clusterUsageTags.isServicePrincipalCluster=false
spark.databricks.clusterUsageTags.isSingleNode=false
spark.databricks.clusterUsageTags.isSingleUserCluster=*********(redacted)
spark.databricks.clusterUsageTags.managedResourceGroup=databricks-rg-dbw-dataanalytics-hs-001-j5rui75s4dsvc
spark.databricks.clusterUsageTags.ngrokNpipEnabled=false
spark.databricks.clusterUsageTags.numPerClusterInitScriptsV2=0
spark.databricks.clusterUsageTags.numPerClusterInitScriptsV2Abfss=0
spark.databricks.clusterUsageTags.numPerClusterInitScriptsV2Dbfs=0
spark.databricks.clusterUsageTags.numPerClusterInitScriptsV2File=0
spark.databricks.clusterUsageTags.numPerClusterInitScriptsV2Gcs=0
spark.databricks.clusterUsageTags.numPerClusterInitScriptsV2S3=0
spark.databricks.clusterUsageTags.numPerClusterInitScriptsV2Volumes=0
spark.databricks.clusterUsageTags.numPerClusterInitScriptsV2Workspace=0
spark.databricks.clusterUsageTags.numPerGlobalInitScriptsV2=0
spark.databricks.clusterUsageTags.orgId=116288240407984
spark.databricks.clusterUsageTags.privateLinkEnabled=false
spark.databricks.clusterUsageTags.region=eastus2
spark.databricks.clusterUsageTags.runtimeEngine=STANDARD
spark.databricks.clusterUsageTags.shardName=az-eastus2-c3
spark.databricks.clusterUsageTags.sparkEnvVarContainsBacktick=false
spark.databricks.clusterUsageTags.sparkEnvVarContainsDollarSign=false
spark.databricks.clusterUsageTags.sparkEnvVarContainsDoubleQuotes=false
spark.databricks.clusterUsageTags.sparkEnvVarContainsEscape=false
spark.databricks.clusterUsageTags.sparkEnvVarContainsNewline=false
spark.databricks.clusterUsageTags.sparkEnvVarContainsSingleQuotes=false
spark.databricks.clusterUsageTags.sparkImageLabel=release__16.4.x-snapshot-scala2.13__databricks__16.4.15__be8ec11__087c015__jenkins__ef1010b__format-3
spark.databricks.clusterUsageTags.sparkMasterUrlType=*********(redacted)
spark.databricks.clusterUsageTags.sparkVersion=16.4.x-scala2.13
spark.databricks.clusterUsageTags.userId=*********(redacted)
spark.databricks.clusterUsageTags.userProvidedRemoteVolumeCount=*********(redacted)
spark.databricks.clusterUsageTags.userProvidedRemoteVolumeSizeGb=*********(redacted)
spark.databricks.clusterUsageTags.userProvidedRemoteVolumeType=*********(redacted)
spark.databricks.clusterUsageTags.userProvidedSparkVersion=*********(redacted)
spark.databricks.clusterUsageTags.workerEnvironmentId=workerenv-116288240407984
spark.databricks.credential.aws.secretKey.redactor=*********(redacted)
spark.databricks.credential.redactor=*********(redacted)
spark.databricks.credential.scope.fs.adls.gen2.tokenProviderClassName=*********(redacted)
spark.databricks.credential.scope.fs.gs.auth.access.tokenProviderClassName=*********(redacted)
spark.databricks.credential.scope.fs.impl=*********(redacted)
spark.databricks.credential.scope.fs.onelake.tokenProviderClassName=*********(redacted)
spark.databricks.credential.scope.fs.r2.tokenProviderClassName=*********(redacted)
spark.databricks.credential.scope.fs.s3a.tokenProviderClassName=*********(redacted)
spark.databricks.credential.scope.fs.wasbs.tokenProviderClassName=*********(redacted)
spark.databricks.dbfsFusePrivaceraIntegration=false
spark.databricks.delta.logStore.crossCloud.fatal=true
spark.databricks.delta.multiClusterWrites.enabled=true
spark.databricks.deltaSharing.clientClassName=com.databricks.deltasharing.DataSharingClientImpl
spark.databricks.driver.cleanUpSparkSessionsOnUCSharedClusters=true
spark.databricks.driver.enableDncOomMessage=false
spark.databricks.driver.preferredMavenCentralMirrorUrl=*********(redacted)
spark.databricks.driverNfs.clusterWidePythonLibsEnabled=true
spark.databricks.driverNfs.enabled=true
spark.databricks.driverNfs.pathSuffix=.ephemeral_nfs
spark.databricks.driverNodeTypeId=Standard_DS3_v2
spark.databricks.enablePublicDbfsFuse=false
spark.databricks.eventLog.dir=eventlogs
spark.databricks.eventLog.enabled=true
spark.databricks.eventLog.listenerClassName=com.databricks.backend.daemon.driver.DBCEventLoggingListener
spark.databricks.filesystem.lokiOverDbfs.enabled=true
spark.databricks.hadoop.disableLocalFileSystem=true
spark.databricks.hangingThreadDetector.enabled=true
spark.databricks.hive.acl.checkPermission.impl=com.databricks.sql.acl.HiveCheckPermissions
spark.databricks.hive.acl.filesystem.checkPermission.impl=com.databricks.sql.acl.HiveCheckFileSystemSafety
spark.databricks.hmr.nonQueryLogging.bypassRateLimitAllowList=AppStatusListener.scala
spark.databricks.instanceId=b7969848cef340869b00fcbc1af91299
spark.databricks.io.cache.initialDiskSize=167503724544
spark.databricks.io.directoryCommit.enableLogicalDelete=false
spark.databricks.isShieldWorkspace=false
spark.databricks.lakehouseMonitoring.clientClassName=com.databricks.datamonitoring.clients.MonitorClientImpl
spark.databricks.logging.usage.migration.dualLogPercentProbabilitiesSparkCore={"driverMetastoreEvent":{"lC":0,"lP":100,"uP":100},"metastoreUsage":{"lC":100,"lP":100,"uP":0},"mlMlAlgorithm":{"lC":100,"lP":100,"uP":0},"pandasOnSparkImported":{"lC":100,"lP":100,"uP":0},"sparkConnectOperationDuration":{"lC":100,"lP":100,"uP":0},"sparkJobEnd":{"lC":100,"lP":100,"uP":0},"sparkOperationDuration":{"lC":100,"lP":100,"uP":0},"sparkStageCompleted":{"lC":100,"lP":100,"uP":0},"tahoeEvent":{"lC":0,"lP":100,"uP":100}}
spark.databricks.managedCatalog.clientClassName=com.databricks.managedcatalog.ManagedCatalogClientImpl
spark.databricks.metrics.filesystem_io_metrics=true
spark.databricks.mlflow.autologging.enableGenAIFlavors=true
spark.databricks.mlflow.autologging.enabled=true
spark.databricks.nativeStackTraceInThreadDump.enabled=true
spark.databricks.overrideDefaultCommitProtocol=org.apache.spark.sql.execution.datasources.SQLHadoopMapReduceCommitProtocol
spark.databricks.passthrough.adls.gen2.tokenProviderClassName=*********(redacted)
spark.databricks.passthrough.adls.tokenProviderClassName=*********(redacted)
spark.databricks.passthrough.enabled=false
spark.databricks.passthrough.glue.credentialsProviderFactoryClassName=*********(redacted)
spark.databricks.passthrough.glue.executorServiceFactoryClassName=*********(redacted)
spark.databricks.passthrough.oauth.refresher.impl=*********(redacted)
spark.databricks.passthrough.s3a.threadPoolExecutor.factory.class=com.databricks.backend.daemon.driver.aws.S3APassthroughThreadPoolExecutorFactory
spark.databricks.passthrough.s3a.tokenProviderClassName=*********(redacted)
spark.databricks.preemption.enabled=true
spark.databricks.privateLinkEnabled=false
spark.databricks.proxyHadoopTraffic.host=storage-proxy.databricks.com
spark.databricks.proxyHadoopTraffic.port=9210
spark.databricks.pyspark.enableIptables=true
spark.databricks.pyspark.enableProcessIsolation=true
spark.databricks.pyspark.enablePy4JSecurity=true
spark.databricks.pyspark.iptable.outbound.whitelisted.ports=80
spark.databricks.pyspark.py4jConfRedaction.enabled=true
spark.databricks.pyspark.pythonUdfsOnly=true
spark.databricks.pyspark.runAsLowPrivilegeUser=*********(redacted)
spark.databricks.pyspark.trustedFilesystems=com.databricks.adl.AdlFileSystem,com.databricks.s3a.S3AFileSystem,shaded.databricks.org.apache.hadoop.fs.s3a.S3AFileSystem,shaded.databricks.org.apache.hadoop.fs.s3a.S3AFileSystemHadoop3,shaded.databricks.org.apache.hadoop.fs.azure.NativeAzureFileSystem,shaded.databricks.v20180920_b33d810.org.apache.hadoop.fs.azurebfs.SecureAzureBlobFileSystem,shaded.databricks.azurebfs.org.apache.hadoop.fs.azurebfs.SecureAzureBlobFileSystem,shaded.databricks.azurebfs.org.apache.hadoop.fs.azurebfs.SecureAzureBlobFileSystemHadoop3,shaded.databricks.V2_1_4.com.google.cloud.hadoop.fs.gcs.GoogleHadoopFileSystem,shaded.databricks.com.google.cloud.hadoop.fs.gcs.GoogleHadoopFileSystem,shaded.databricks.com.google.cloud.hadoop.fs.gcs.GoogleHadoopFileSystemHadoop3,com.databricks.sql.io.LokiFileSystem,com.databricks.common.filesystem.LokiS3FS,com.databricks.common.filesystem.LokiABFS,com.databricks.common.filesystem.LokiSecureABFS,com.databricks.common.filesystem.LokiGCFS,org.apache.spark.sql.execution.datasources.jdbc.JdbcFileSystem
spark.databricks.redactor=com.databricks.spark.util.DatabricksSparkLogRedactorProxy
spark.databricks.repl.enableClassFileCleanup=true
spark.databricks.safer.unifiedPath.applyFlag.enabled=true
spark.databricks.safespark.externalUDF.env.installerObjectName=com.databricks.backend.daemon.driver.UDFPythonEnvManager
spark.databricks.scheduler.executorConnectivityExclusion.enabled=false
spark.databricks.secret.envVar.keys.toRedact=*********(redacted)
spark.databricks.secret.sparkConf.keys.toRedact=*********(redacted)
spark.databricks.service.dbutils.repl.backend=com.databricks.dbconnect.ReplDBUtils
spark.databricks.service.dbutils.server.backend=com.databricks.dbconnect.SparkServerDBUtils
spark.databricks.session.share=false
spark.databricks.singleuser.fuse.scala.enabled=*********(redacted)
spark.databricks.sparkContextId=1425469067982477112
spark.databricks.sql.configMapperClass=com.databricks.dbsql.config.SqlConfigMapperBridge
spark.databricks.sql.externalUDF.env.enabled=true
spark.databricks.sql.udf.routineEnvironmentSettings.enabled=true
spark.databricks.sse.dmk.overrideMetadataUcEntityId.enabled=true
spark.databricks.streaming.enforceAllowlistOnSharedCluster=true
spark.databricks.tahoe.logStore.aws.class=com.databricks.tahoe.store.MultiClusterLogStore
spark.databricks.tahoe.logStore.azure.class=com.databricks.tahoe.store.AzureLogStore
spark.databricks.tahoe.logStore.class=com.databricks.tahoe.store.DelegatingLogStore
spark.databricks.tahoe.logStore.gcp.class=com.databricks.tahoe.store.GCPLogStore
spark.databricks.tahoe.logStore.r2.class=com.databricks.tahoe.store.R2LogStore
spark.databricks.telemetry.prometheus.samplingRate=100
spark.databricks.ui.logViewingEnabled=false
spark.databricks.unityCatalog.credentialManager.apiTokenProviderClassName=*********(redacted)
spark.databricks.unityCatalog.credentialManager.tokenRefreshEnabled=*********(redacted)
spark.databricks.unityCatalog.enableLibrariesApiOnSharedCluster=false
spark.databricks.unityCatalog.enableServiceCredentials=*********(redacted)
spark.databricks.unityCatalog.enabled=true
spark.databricks.unityCatalog.enforce.permissions=true
spark.databricks.unityCatalog.externalLocationFallbackMode.enabled=false
spark.databricks.unityCatalog.fabricCrawler.enabled=false
spark.databricks.unityCatalog.glue.federation.enabled=false
spark.databricks.unityCatalog.hms.federation.enableDbfsSupport=true
spark.databricks.unityCatalog.hms.federation.enabled=true
spark.databricks.unityCatalog.lakehouseFederation.writes.enabled=true
spark.databricks.unityCatalog.legacy.enableCrossScopeCredCache=true
spark.databricks.unityCatalog.pathGovernance.dbfsOverUc.enabled=false
spark.databricks.unityCatalog.queryFederation.enabled=true
spark.databricks.unityCatalog.userIsolation.python.enabled=*********(redacted)
spark.databricks.unityCatalog.userIsolation.scala.enabled=*********(redacted)
spark.databricks.unityCatalog.volumes.enabled=true
spark.databricks.unityCatalog.volumes.fuse.server.enabled=true
spark.databricks.universe.commandContextFactory.class=com.databricks.spark.util.UniverseCommandContextFactoryImpl
spark.databricks.workerNodeTypeId=Standard_DS3_v2
spark.databricks.workspaceUrl=*********(redacted)
spark.databricks.wsfs.workspaceNotebookCwd=true
spark.databricks.wsfs.workspacePrivatePreview=true
spark.databricks.wsfsPublicPreview=true
spark.debugger.gcMonitor.shouldSendProductEventLog=true
spark.delta.sharing.profile.provider.class=*********(redacted)
spark.driver.allowMultipleContexts=false
spark.driver.extraJavaOptions=-Djava.net.preferIPv6Addresses=false -XX:+IgnoreUnrecognizedVMOptions --add-opens=java.base/java.lang=ALL-UNNAMED --add-opens=java.base/java.lang.invoke=ALL-UNNAMED --add-opens=java.base/java.lang.reflect=ALL-UNNAMED --add-opens=java.base/java.io=ALL-UNNAMED --add-opens=java.base/java.net=ALL-UNNAMED --add-opens=java.base/java.nio=ALL-UNNAMED --add-opens=java.base/java.util=ALL-UNNAMED --add-opens=java.base/java.util.concurrent=ALL-UNNAMED --add-opens=java.base/java.util.concurrent.atomic=ALL-UNNAMED --add-opens=java.base/jdk.internal.ref=ALL-UNNAMED --add-opens=java.base/sun.nio.ch=ALL-UNNAMED --add-opens=java.base/sun.nio.cs=ALL-UNNAMED --add-opens=java.base/sun.security.action=ALL-UNNAMED --add-opens=java.base/sun.util.calendar=ALL-UNNAMED --add-opens=java.security.jgss/sun.security.krb5=ALL-UNNAMED --add-opens=jdk.jfr/jdk.jfr.internal.consumer=ALL-UNNAMED --add-opens=jdk.jfr/jdk.jfr.internal=ALL-UNNAMED --add-opens=java.management/sun.management=ALL-UNNAMED --add-opens=java.base/jdk.internal.loader=ALL-UNNAMED --add-opens=jdk.naming.dns/com.sun.jndi.dns=java.naming -Djdk.reflect.useDirectMethodHandle=false
spark.driver.host=10.139.64.18
spark.driver.maxResultSize=4g
spark.driver.port=34795
spark.driver.tempDirectory=/local_disk0/tmp
spark.eventLog.enabled=false
spark.executor.extraClassPath=/databricks/hadoop-safety-jars/*:/databricks/spark/dbconf/log4j/executor:/databricks/spark/dbconf/jets3t/:/databricks/spark/dbconf/hadoop:/databricks/hive/conf:/databricks/jars/*
spark.executor.extraJavaOptions=-Djava.net.preferIPv6Addresses=false -XX:+IgnoreUnrecognizedVMOptions --add-opens=java.base/java.lang=ALL-UNNAMED --add-opens=java.base/java.lang.invoke=ALL-UNNAMED --add-opens=java.base/java.lang.reflect=ALL-UNNAMED --add-opens=java.base/java.io=ALL-UNNAMED --add-opens=java.base/java.net=ALL-UNNAMED --add-opens=java.base/java.nio=ALL-UNNAMED --add-opens=java.base/java.util=ALL-UNNAMED --add-opens=java.base/java.util.concurrent=ALL-UNNAMED --add-opens=java.base/java.util.concurrent.atomic=ALL-UNNAMED --add-opens=java.base/jdk.internal.ref=ALL-UNNAMED --add-opens=java.base/sun.nio.ch=ALL-UNNAMED --add-opens=java.base/sun.nio.cs=ALL-UNNAMED --add-opens=java.base/sun.security.action=ALL-UNNAMED --add-opens=java.base/sun.util.calendar=ALL-UNNAMED --add-opens=java.security.jgss/sun.security.krb5=ALL-UNNAMED --add-opens=jdk.jfr/jdk.jfr.internal.consumer=ALL-UNNAMED --add-opens=jdk.jfr/jdk.jfr.internal=ALL-UNNAMED --add-opens=java.management/sun.management=ALL-UNNAMED --add-opens=java.base/jdk.internal.loader=ALL-UNNAMED --add-opens=jdk.naming.dns/com.sun.jndi.dns=java.naming -Djdk.reflect.useDirectMethodHandle=false -Djava.io.tmpdir=/local_disk0/tmp -XX:ReservedCodeCacheSize=512m -XX:+UseCodeCacheFlushing -XX:PerMethodRecompilationCutoff=-1 -XX:PerBytecodeRecompilationCutoff=-1 -Djava.security.properties=/databricks/spark/dbconf/java/extra.security -XX:-UseContainerSupport -XX:+PrintFlagsFinal -Xlog:gc:stdout:time,uptime,level,tags -Xss4m -Djava.library.path=/usr/java/packages/lib/amd64:/usr/lib64:/lib64:/lib:/usr/lib:/usr/lib/x86_64-linux-gnu/jni:/lib/x86_64-linux-gnu:/usr/lib/x86_64-linux-gnu:/usr/lib/jni -Djavax.xml.datatype.DatatypeFactory=com.sun.org.apache.xerces.internal.jaxp.datatype.DatatypeFactoryImpl -Djavax.xml.parsers.DocumentBuilderFactory=com.sun.org.apache.xerces.internal.jaxp.DocumentBuilderFactoryImpl -Djavax.xml.parsers.SAXParserFactory=com.sun.org.apache.xerces.internal.jaxp.SAXParserFactoryImpl -Djavax.xml.validation.SchemaFactory:http://www.w3.org/2001/XMLSchema=com.sun.org.apache.xerces.internal.jaxp.validation.XMLSchemaFactory -Dorg.xml.sax.driver=com.sun.org.apache.xerces.internal.parsers.SAXParser -Dorg.w3c.dom.DOMImplementationSourceList=com.sun.org.apache.xerces.internal.dom.DOMXSImplementationSourceImpl -Djavax.net.ssl.sessionCacheSize=10000 -Dscala.reflect.runtime.disable.typetag.cache=true -Dcom.google.cloud.spark.bigquery.repackaged.io.netty.tryReflectionSetAccessible=true -Dio.netty.tryReflectionSetAccessible=true -Dlog4j2.formatMsgNoLookups=true -XX:+UseBiasedLocking -XX:+IgnoreUnrecognizedVMOptions --add-opens=java.base/java.lang=ALL-UNNAMED --add-opens=java.base/java.lang.invoke=ALL-UNNAMED --add-opens=java.base/java.lang.reflect=ALL-UNNAMED --add-opens=java.base/java.io=ALL-UNNAMED --add-opens=java.base/java.net=ALL-UNNAMED --add-opens=java.base/java.nio=ALL-UNNAMED --add-opens=java.base/java.util=ALL-UNNAMED --add-opens=java.base/java.util.concurrent=ALL-UNNAMED --add-opens=java.base/java.util.concurrent.atomic=ALL-UNNAMED --add-opens=java.base/jdk.internal.ref=ALL-UNNAMED --add-opens=java.base/sun.nio.ch=ALL-UNNAMED --add-opens=java.base/sun.nio.cs=ALL-UNNAMED --add-opens=java.base/sun.security.action=ALL-UNNAMED --add-opens=java.base/sun.util.calendar=ALL-UNNAMED --add-opens=java.security.jgss/sun.security.krb5=ALL-UNNAMED --add-opens=jdk.jfr/jdk.jfr.internal.consumer=ALL-UNNAMED --add-opens=jdk.jfr/jdk.jfr.internal=ALL-UNNAMED --add-opens=java.management/sun.management=ALL-UNNAMED --add-opens=java.base/jdk.internal.loader=ALL-UNNAMED --add-opens=jdk.naming.dns/com.sun.jndi.dns=java.naming -Djdk.reflect.useDirectMethodHandle=false -XX:+UseParallelGC -Ddatabricks.serviceName=spark-executor-1
spark.executor.id=driver
spark.executor.memory=7284m
spark.executor.tempDirectory=/local_disk0/tmp
spark.extraListeners=com.databricks.backend.daemon.driver.DBCEventLoggingListener
spark.files.fetchFailure.unRegisterOutputOnHost=true
spark.files.overwrite=true
spark.files.useFetchCache=false
spark.hadoop.databricks.dbfs.client.version=v2
spark.hadoop.databricks.fs.perfMetrics.enable=true
spark.hadoop.databricks.fs.s3a.dmk.slowPathSampler.class=com.databricks.unity.DBRUCSHandleWrapper
spark.hadoop.databricks.fs.s3a.dmk.slowPathSampling.probability.double=0.005
spark.hadoop.databricks.loki.fileStatusCache.enabled=true
spark.hadoop.databricks.loki.fileSystemCache.enabled=true
spark.hadoop.databricks.s3.create.deleteUnnecessaryFakeDirectories=false
spark.hadoop.databricks.s3.verifyBucketExists.enabled=false
spark.hadoop.databricks.s3commit.client.sslTrustAll=false
spark.hadoop.fs.AbstractFileSystem.gs.impl=shaded.databricks.com.google.cloud.hadoop.fs.gcs.GoogleHadoopFS
spark.hadoop.fs.abfs.impl=com.databricks.sql.io.LokiFileSystem
spark.hadoop.fs.abfs.impl.disable.cache=true
spark.hadoop.fs.abfss.impl=com.databricks.sql.io.LokiFileSystem
spark.hadoop.fs.abfss.impl.disable.cache=true
spark.hadoop.fs.adl.impl=com.databricks.sql.io.LokiFileSystem
spark.hadoop.fs.adl.impl.disable.cache=true
spark.hadoop.fs.azure.authorization.caching.enable=false
spark.hadoop.fs.azure.cache.invalidator.type=com.databricks.encryption.utils.CacheInvalidatorImpl
spark.hadoop.fs.azure.skip.metrics=true
spark.hadoop.fs.azure.user.agent.prefix=*********(redacted)
spark.hadoop.fs.cpfs-abfss.impl=*********(redacted)
spark.hadoop.fs.cpfs-abfss.impl.disable.cache=true
spark.hadoop.fs.cpfs-adl.impl=*********(redacted)
spark.hadoop.fs.cpfs-adl.impl.disable.cache=true
spark.hadoop.fs.cpfs-s3.impl=*********(redacted)
spark.hadoop.fs.cpfs-s3a.impl=*********(redacted)
spark.hadoop.fs.cpfs-s3n.impl=*********(redacted)
spark.hadoop.fs.dbfs.impl=com.databricks.sql.io.LokiFileSystem
spark.hadoop.fs.dbfs.impl.disable.cache=true
spark.hadoop.fs.dbfsartifacts.impl=com.databricks.backend.daemon.data.client.DBFSV1
spark.hadoop.fs.fcfs-abfs.impl=*********(redacted)
spark.hadoop.fs.fcfs-abfs.impl.disable.cache=true
spark.hadoop.fs.fcfs-abfss.impl=*********(redacted)
spark.hadoop.fs.fcfs-abfss.impl.disable.cache=true
spark.hadoop.fs.fcfs-s3.impl=*********(redacted)
spark.hadoop.fs.fcfs-s3.impl.disable.cache=true
spark.hadoop.fs.fcfs-s3a.impl=*********(redacted)
spark.hadoop.fs.fcfs-s3a.impl.disable.cache=true
spark.hadoop.fs.fcfs-s3n.impl=*********(redacted)
spark.hadoop.fs.fcfs-s3n.impl.disable.cache=true
spark.hadoop.fs.fcfs-wasb.impl=*********(redacted)
spark.hadoop.fs.fcfs-wasb.impl.disable.cache=true
spark.hadoop.fs.fcfs-wasbs.impl=*********(redacted)
spark.hadoop.fs.fcfs-wasbs.impl.disable.cache=true
spark.hadoop.fs.file.impl=com.databricks.backend.daemon.driver.SharedUCWorkspaceLocalFileSystem
spark.hadoop.fs.gs.impl=com.databricks.sql.io.LokiFileSystem
spark.hadoop.fs.gs.impl.disable.cache=true
spark.hadoop.fs.gs.outputstream.upload.chunk.size=16777216
spark.hadoop.fs.idbfs.impl=com.databricks.io.idbfs.IdbfsFileSystem
spark.hadoop.fs.local-file.impl=com.databricks.backend.daemon.driver.WorkspaceLocalFileSystem
spark.hadoop.fs.mlflowdbfs.impl=com.databricks.mlflowdbfs.MlflowdbfsFileSystem
spark.hadoop.fs.r2.impl=com.databricks.sql.io.LokiFileSystem
spark.hadoop.fs.r2.impl.disable.cache=true
spark.hadoop.fs.s3.impl=com.databricks.sql.io.LokiFileSystem
spark.hadoop.fs.s3.impl.disable.cache=true
spark.hadoop.fs.s3a.assumed.role.credentials.provider=*********(redacted)
spark.hadoop.fs.s3a.attempts.maximum=10
spark.hadoop.fs.s3a.block.size=67108864
spark.hadoop.fs.s3a.connection.establish.timeout=30000
spark.hadoop.fs.s3a.connection.maximum=200
spark.hadoop.fs.s3a.connection.timeout=50000
spark.hadoop.fs.s3a.fast.upload=true
spark.hadoop.fs.s3a.fast.upload.active.blocks=32
spark.hadoop.fs.s3a.fast.upload.default=true
spark.hadoop.fs.s3a.impl=com.databricks.sql.io.LokiFileSystem
spark.hadoop.fs.s3a.impl.disable.cache=true
spark.hadoop.fs.s3a.max.total.tasks=1000
spark.hadoop.fs.s3a.multipart.size=10485760
spark.hadoop.fs.s3a.multipart.threshold=104857600
spark.hadoop.fs.s3a.retry.interval=250ms
spark.hadoop.fs.s3a.retry.limit=6
spark.hadoop.fs.s3a.retry.throttle.interval=500ms
spark.hadoop.fs.s3a.threads.max=136
spark.hadoop.fs.s3n.impl=com.databricks.sql.io.LokiFileSystem
spark.hadoop.fs.s3n.impl.disable.cache=true
spark.hadoop.fs.stage.impl=com.databricks.backend.daemon.driver.managedcatalog.PersonalStagingFileSystem
spark.hadoop.fs.stage.impl.disable.cache=true
spark.hadoop.fs.wasb.impl=com.databricks.sql.io.LokiFileSystem
spark.hadoop.fs.wasb.impl.disable.cache=true
spark.hadoop.fs.wasbs.impl=com.databricks.sql.io.LokiFileSystem
spark.hadoop.fs.wasbs.impl.disable.cache=true
spark.hadoop.hive.hmshandler.retry.attempts=10
spark.hadoop.hive.hmshandler.retry.interval=2000
spark.hadoop.hive.server2.enable.doAs=false
spark.hadoop.hive.server2.idle.operation.timeout=7200000
spark.hadoop.hive.server2.idle.session.timeout=900000
spark.hadoop.hive.server2.keystore.password=*********(redacted)
spark.hadoop.hive.server2.keystore.path=/databricks/keys/jetty_ssl_driver_keystore.jks
spark.hadoop.hive.server2.session.check.interval=60000
spark.hadoop.hive.server2.thrift.http.cookie.auth.enabled=false
spark.hadoop.hive.server2.thrift.http.port=10000
spark.hadoop.hive.server2.transport.mode=http
spark.hadoop.hive.server2.use.SSL=true
spark.hadoop.hive.warehouse.subdir.inherit.perms=false
spark.hadoop.mapred.output.committer.class=com.databricks.backend.daemon.data.client.DirectOutputCommitter
spark.hadoop.mapreduce.fileoutputcommitter.algorithm.version=2
spark.hadoop.parquet.abfs.readahead.optimization.enabled=true
spark.hadoop.parquet.block.size.row.check.max=10
spark.hadoop.parquet.block.size.row.check.min=10
spark.hadoop.parquet.filter.columnindex.enabled=false
spark.hadoop.parquet.memory.pool.ratio=0.5
spark.hadoop.parquet.page.metadata.validation.enabled=true
spark.hadoop.parquet.page.size.check.estimate=false
spark.hadoop.parquet.page.verify-checksum.enabled=true
spark.hadoop.parquet.page.write-checksum.enabled=true
spark.hadoop.spark.databricks.io.parquet.verifyChecksumOnWrite.enabled=false
spark.hadoop.spark.databricks.io.parquet.verifyChecksumOnWrite.throwsException=false
spark.hadoop.spark.databricks.metrics.filesystem_metrics=true
spark.hadoop.spark.driverproxy.customHeadersToProperties=*********(redacted)
spark.hadoop.spark.hadoop.aws.glue.cache.db.size=1000
spark.hadoop.spark.hadoop.aws.glue.cache.db.ttl-mins=30
spark.hadoop.spark.hadoop.aws.glue.cache.table.size=1000
spark.hadoop.spark.hadoop.aws.glue.cache.table.ttl-mins=30
spark.hadoop.spark.sql.parquet.output.committer.class=org.apache.spark.sql.parquet.DirectParquetOutputCommitter
spark.hadoop.spark.sql.sources.outputCommitterClass=com.databricks.backend.daemon.data.client.MapReduceDirectOutputCommitter
spark.home=/databricks/spark
spark.logConf=true
spark.master=spark://10.139.64.18:7077
spark.metrics.conf=/databricks/spark/conf/metrics.properties
spark.r.backendConnectionTimeout=604800
spark.r.numRBackendThreads=1
spark.rdd.compress=true
spark.repl.class.outputDir=/local_disk0/tmp/repl/spark-1425469067982477112-cf0d207c-6002-456a-bf58-4e0882f41585
spark.rpc.message.maxSize=256
spark.scheduler.listenerbus.eventqueue.capacity=20000
spark.scheduler.mode=FAIR
spark.serializer.objectStreamReset=100
spark.shuffle.manager=SORT
spark.shuffle.memoryFraction=0.2
spark.shuffle.reduceLocality.enabled=false
spark.shuffle.service.enabled=true
spark.shuffle.service.port=4048
spark.sparklyr-backend.threads=1
spark.sparkr.use.daemon=false
spark.speculation=false
spark.speculation.disabledForLocalCheckpoint.enabled=true
spark.speculation.multiplier=3
spark.speculation.quantile=0.9
spark.sql.allowMultipleContexts=false
spark.sql.hive.convertCTAS=true
spark.sql.hive.convertMetastoreParquet=true
spark.sql.hive.metastore.jars=/databricks/databricks-hive/*
spark.sql.hive.metastore.sharedPrefixes=org.mariadb.jdbc,com.mysql.jdbc,org.postgresql,com.microsoft.sqlserver,microsoft.sql.DateTimeOffset,microsoft.sql.Types,com.databricks,com.codahale,com.fasterxml.jackson,shaded.databricks
spark.sql.hive.metastore.version=0.13.0
spark.sql.hive.useDatabricksHive122=true
spark.sql.legacy.createHiveTableByDefault=false
spark.sql.parquet.cacheMetadata=true
spark.sql.parquet.compression.codec=snappy
spark.sql.sources.commitProtocolClass=com.databricks.sql.transaction.directory.DirectoryAtomicCommitProtocol
spark.sql.sources.default=delta
spark.sql.streaming.checkpointFileManagerClass=com.databricks.spark.sql.streaming.DatabricksCheckpointFileManager
spark.sql.streaming.stopTimeout=15s
spark.sql.warehouse.dir=*********(redacted)
spark.storage.blockManagerTimeoutIntervalMs=300000
spark.storage.memoryFraction=0.5
spark.streaming.driver.writeAheadLog.allowBatching=true
spark.streaming.driver.writeAheadLog.closeFileAfterWrite=true
spark.task.reaper.enabled=true
spark.task.reaper.exitCausedByApp=false
spark.task.reaper.killTimeout=60s
spark.ui.killEnabled=false
spark.ui.port=40001
spark.ui.prometheus.enabled=true
spark.worker.aioaLazyConfig.dbfsReadinessCheckClientClass=com.databricks.backend.daemon.driver.NephosDbfsReadinessCheckClient
spark.worker.aioaLazyConfig.iamReadinessCheckClientClass=com.databricks.backend.daemon.driver.NephosIamRoleCheckClient
spark.worker.cleanup.enabled=false
26/01/16 13:04:19 WARN MetricsSystem: Using default name SparkStatusTracker for source because neither spark.metrics.namespace nor spark.app.id is set.
26/01/16 13:04:19 INFO ErrorEventListener: Configured monitoring unexpected Java module errors with a throttling threshold of 5 unique events per 10 minutes
26/01/16 13:04:19 INFO JfrStreamingManager: Started JFR stream JDK17 HMR
26/01/16 13:04:19 INFO SparkHadoopUtil: Installing CredentialsScopeFilesystem for scheme s3. Previous value: com.databricks.sql.io.LokiFileSystem
26/01/16 13:04:19 INFO SparkHadoopUtil: Installing CredentialsScopeFilesystem for scheme s3a. Previous value: com.databricks.sql.io.LokiFileSystem
26/01/16 13:04:19 INFO SparkHadoopUtil: Installing CredentialsScopeFilesystem for scheme s3n. Previous value: com.databricks.sql.io.LokiFileSystem
26/01/16 13:04:19 INFO SparkHadoopUtil: Installing CredentialsScopeFilesystem for scheme abfs. Previous value: com.databricks.sql.io.LokiFileSystem
26/01/16 13:04:19 INFO SparkHadoopUtil: Installing CredentialsScopeFilesystem for scheme abfss. Previous value: com.databricks.sql.io.LokiFileSystem
26/01/16 13:04:19 INFO SparkHadoopUtil: Installing CredentialsScopeFilesystem for scheme gs. Previous value: com.databricks.sql.io.LokiFileSystem
26/01/16 13:04:19 INFO SparkHadoopUtil: Installing CredentialsScopeFilesystem for scheme r2. Previous value: com.databricks.sql.io.LokiFileSystem
26/01/16 13:04:19 INFO SparkHadoopUtil: Installing CredentialsScopeFilesystem for scheme wasb. Previous value: com.databricks.sql.io.LokiFileSystem
26/01/16 13:04:19 INFO SparkHadoopUtil: Installing CredentialsScopeFilesystem for scheme wasbs. Previous value: com.databricks.sql.io.LokiFileSystem
26/01/16 13:04:20 INFO log: Logging initialized @23038ms to org.eclipse.jetty.util.log.Slf4jLog
26/01/16 13:04:21 INFO JettyUtils: Start Jetty 10.139.64.18:40001 for SparkUI
26/01/16 13:04:21 INFO Server: jetty-9.4.52.v20230823; built: 2023-08-23T19:29:37.669Z; git: abdcda73818a1a2c705da276edb0bf6581e7997e; jvm 17.0.16+8-LTS
26/01/16 13:04:21 INFO Server: Started @24250ms
26/01/16 13:04:22 INFO AbstractConnector: Started ServerConnector@654b9f0{HTTP/1.1, (http/1.1)}{10.139.64.18:40001}
26/01/16 13:04:22 INFO Utils: Successfully started service 'SparkUI' on port 40001.
26/01/16 13:04:22 INFO ContextHandler: Started o.e.j.s.ServletContextHandler@5aa345a5{/,null,AVAILABLE,@Spark}
26/01/16 13:04:25 INFO DriverPluginContainer: Initialized driver component for plugin org.apache.spark.sql.connect.SparkConnectPlugin.
26/01/16 13:04:25 INFO DLTDebugger: Registered DLTDebuggerEndpoint at endpoint dlt-debugger
26/01/16 13:04:25 INFO DriverPluginContainer: Initialized driver component for plugin org.apache.spark.debugger.DLTDebuggerSparkPlugin.
26/01/16 13:04:25 INFO SecurityManager: Changing view acls to: root
26/01/16 13:04:25 INFO SecurityManager: Changing modify acls to: root
26/01/16 13:04:25 INFO SecurityManager: Changing view acls groups to: root
26/01/16 13:04:25 INFO SecurityManager: Changing modify acls groups to: root
26/01/16 13:04:25 INFO SecurityManager: SecurityManager: authentication is enabled: false; ui acls disabled; users with view permissions: root groups with view permissions: EMPTY; users with modify permissions: root; groups with modify permissions: EMPTY; RPC SSL enabled: false
26/01/16 13:04:25 INFO FairSchedulableBuilder: Fair scheduler configuration not found, created default pool: default, schedulingMode: FAIR, minShare: 0, weight: 1
26/01/16 13:04:26 INFO Telemetry: Initializing default prometheus collectors
26/01/16 13:04:26 INFO Telemetry: Starting prometheusMetricsLogger
26/01/16 13:04:26 INFO StandaloneAppClient$ClientEndpoint: Connecting to master spark://10.139.64.18:7077...
26/01/16 13:04:27 INFO TransportClientFactory: Successfully created connection to /10.139.64.18:7077 after 142 ms (0 ms spent in bootstraps)
26/01/16 13:04:27 INFO DatabricksILoop$: Finished creating throwaway interpreter
26/01/16 13:04:27 INFO StandaloneSchedulerBackend: Connected to Spark cluster with app ID app-20260116130427-0000
26/01/16 13:04:27 INFO TaskSchedulerImpl: Task preemption enabled.
26/01/16 13:04:27 INFO StandaloneAppClient$ClientEndpoint: Executor added: app-20260116130427-0000/0 on worker-20260116130400-10.139.64.10-43057 (10.139.64.10:43057) with 4 core(s)
26/01/16 13:04:27 INFO StandaloneSchedulerBackend: Granted executor ID app-20260116130427-0000/0 on hostPort 10.139.64.10:43057 with 4 core(s), 7.1 GiB RAM
26/01/16 13:04:27 INFO Utils: Successfully started service 'org.apache.spark.network.netty.NettyBlockTransferService' on port 38975.
26/01/16 13:04:27 INFO NettyBlockTransferService: Server created on 10.139.64.18:38975
26/01/16 13:04:27 INFO BlockManager: Using org.apache.spark.storage.RandomBlockReplicationPolicy for block replication policy
26/01/16 13:04:27 INFO BlockManager: external shuffle service port = 4048
26/01/16 13:04:27 INFO BlockManagerMaster: Registering BlockManager BlockManagerId(driver, 10.139.64.18, 38975, None)
26/01/16 13:04:27 INFO BlockManagerMasterEndpoint: Registering block manager 10.139.64.18:38975 with 3.3 GiB RAM, BlockManagerId(driver, 10.139.64.18, 38975, None)
26/01/16 13:04:27 INFO BlockManagerMaster: Registered BlockManager BlockManagerId(driver, 10.139.64.18, 38975, None)
26/01/16 13:04:27 INFO BlockManager: Initialized BlockManager: BlockManagerId(driver, 10.139.64.18, 38975, None)
26/01/16 13:04:27 INFO DBCEventLoggingListener: Initializing DBCEventLoggingListener (compressionEnabled=true)
26/01/16 13:04:27 INFO DBCEventLoggingListener: Logging events to eventlogs/1425469067982477112/eventlog
26/01/16 13:04:27 INFO Server: jetty-9.4.52.v20230823; built: 2023-08-23T19:29:37.669Z; git: abdcda73818a1a2c705da276edb0bf6581e7997e; jvm 17.0.16+8-LTS
26/01/16 13:04:27 INFO ContextHandler: Started o.e.j.s.ServletContextHandler@338d03e0{/,null,AVAILABLE}
26/01/16 13:04:27 INFO SslContextFactory: x509=X509@6c6f7512(1,h=[az-eastus2-c3.workers.prod.ns.databricks.com],a=[],w=[]) for Server@51b6be52[provider=null,keyStore=file:///databricks/keys/jetty_ssl_driver_keystore.jks,trustStore=file:///databricks/keys/jetty_ssl_driver_keystore.jks]
26/01/16 13:04:27 INFO AbstractConnector: Started ServerConnector@72730a8{SSL, (ssl, http/1.1)}{0.0.0.0:1023}
26/01/16 13:04:27 INFO Server: Started @30637ms
26/01/16 13:04:27 INFO FuseDaemonServer: FuseDaemonServer started on 1023 with endpoint: '/get-unity-token'.
26/01/16 13:04:27 INFO SparkContext: Registered listener com.databricks.backend.daemon.driver.DBCEventLoggingListener
26/01/16 13:04:28 INFO StandaloneAppClient$ClientEndpoint: Executor updated: app-20260116130427-0000/0 is now RUNNING
26/01/16 13:04:29 INFO SparkHadoopUtil: Installing CredentialsScopeFilesystem for scheme s3. Previous value: com.databricks.sql.io.LokiFileSystem
26/01/16 13:04:29 INFO SparkHadoopUtil: Installing CredentialsScopeFilesystem for scheme s3a. Previous value: com.databricks.sql.io.LokiFileSystem
26/01/16 13:04:29 INFO SparkHadoopUtil: Installing CredentialsScopeFilesystem for scheme s3n. Previous value: com.databricks.sql.io.LokiFileSystem
26/01/16 13:04:29 INFO SparkHadoopUtil: Installing CredentialsScopeFilesystem for scheme abfs. Previous value: com.databricks.sql.io.LokiFileSystem
26/01/16 13:04:29 INFO SparkHadoopUtil: Installing CredentialsScopeFilesystem for scheme abfss. Previous value: com.databricks.sql.io.LokiFileSystem
26/01/16 13:04:29 INFO SparkHadoopUtil: Installing CredentialsScopeFilesystem for scheme gs. Previous value: com.databricks.sql.io.LokiFileSystem
26/01/16 13:04:29 INFO SparkHadoopUtil: Installing CredentialsScopeFilesystem for scheme r2. Previous value: com.databricks.sql.io.LokiFileSystem
26/01/16 13:04:29 INFO SparkHadoopUtil: Installing CredentialsScopeFilesystem for scheme wasb. Previous value: com.databricks.sql.io.LokiFileSystem
26/01/16 13:04:29 INFO SparkHadoopUtil: Installing CredentialsScopeFilesystem for scheme wasbs. Previous value: com.databricks.sql.io.LokiFileSystem
26/01/16 13:04:29 INFO ContextHandler: Stopped o.e.j.s.ServletContextHandler@5aa345a5{/,null,STOPPED,@Spark}
26/01/16 13:04:29 INFO ContextHandler: Started o.e.j.s.ServletContextHandler@30822879{/jobs,null,AVAILABLE,@Spark}
26/01/16 13:04:29 INFO ContextHandler: Started o.e.j.s.ServletContextHandler@4b6d894d{/jobs/json,null,AVAILABLE,@Spark}
26/01/16 13:04:29 INFO ContextHandler: Started o.e.j.s.ServletContextHandler@3de9aa8d{/jobs/job,null,AVAILABLE,@Spark}
26/01/16 13:04:29 INFO ContextHandler: Started o.e.j.s.ServletContextHandler@1d60ee76{/jobs/job/json,null,AVAILABLE,@Spark}
26/01/16 13:04:29 INFO ContextHandler: Started o.e.j.s.ServletContextHandler@3c6e8672{/stages,null,AVAILABLE,@Spark}
26/01/16 13:04:29 INFO ContextHandler: Started o.e.j.s.ServletContextHandler@722479ba{/stages/json,null,AVAILABLE,@Spark}
26/01/16 13:04:29 INFO ContextHandler: Started o.e.j.s.ServletContextHandler@5b91c33f{/stages/stage,null,AVAILABLE,@Spark}
26/01/16 13:04:29 INFO ContextHandler: Started o.e.j.s.ServletContextHandler@48526f0b{/stages/stage/json,null,AVAILABLE,@Spark}
26/01/16 13:04:29 INFO ContextHandler: Started o.e.j.s.ServletContextHandler@4a229e9d{/stages/pool,null,AVAILABLE,@Spark}
26/01/16 13:04:29 INFO ContextHandler: Started o.e.j.s.ServletContextHandler@3ce295f9{/stages/pool/json,null,AVAILABLE,@Spark}
26/01/16 13:04:29 INFO ContextHandler: Started o.e.j.s.ServletContextHandler@400bb27{/stages/taskThreadDump,null,AVAILABLE,@Spark}
26/01/16 13:04:29 INFO ContextHandler: Started o.e.j.s.ServletContextHandler@572c3a61{/stages/taskThreadDump/json,null,AVAILABLE,@Spark}
26/01/16 13:04:29 INFO ContextHandler: Started o.e.j.s.ServletContextHandler@4ce29762{/storage,null,AVAILABLE,@Spark}
26/01/16 13:04:29 INFO ContextHandler: Started o.e.j.s.ServletContextHandler@4c7d7912{/storage/json,null,AVAILABLE,@Spark}
26/01/16 13:04:29 INFO ContextHandler: Started o.e.j.s.ServletContextHandler@f7ee1ba{/storage/rdd,null,AVAILABLE,@Spark}
26/01/16 13:04:29 INFO ContextHandler: Started o.e.j.s.ServletContextHandler@77dfc923{/storage/rdd/json,null,AVAILABLE,@Spark}
26/01/16 13:04:29 INFO ContextHandler: Started o.e.j.s.ServletContextHandler@21a87972{/environment,null,AVAILABLE,@Spark}
26/01/16 13:04:29 INFO ContextHandler: Started o.e.j.s.ServletContextHandler@14389dd7{/environment/json,null,AVAILABLE,@Spark}
26/01/16 13:04:29 INFO ContextHandler: Started o.e.j.s.ServletContextHandler@365c62d5{/executors,null,AVAILABLE,@Spark}
26/01/16 13:04:29 INFO ContextHandler: Started o.e.j.s.ServletContextHandler@4512af0e{/executors/json,null,AVAILABLE,@Spark}
26/01/16 13:04:29 INFO ContextHandler: Started o.e.j.s.ServletContextHandler@2bfd3970{/executors/threadDump,null,AVAILABLE,@Spark}
26/01/16 13:04:29 INFO ContextHandler: Started o.e.j.s.ServletContextHandler@4c16522b{/executors/threadDump/json,null,AVAILABLE,@Spark}
26/01/16 13:04:29 INFO ContextHandler: Started o.e.j.s.ServletContextHandler@655e2908{/executors/heapHistogram,null,AVAILABLE,@Spark}
26/01/16 13:04:29 INFO ContextHandler: Started o.e.j.s.ServletContextHandler@60d33834{/executors/heapHistogram/json,null,AVAILABLE,@Spark}
26/01/16 13:04:29 INFO ContextHandler: Started o.e.j.s.ServletContextHandler@618f0ba{/executors/heapHistogram,null,AVAILABLE,@Spark}
26/01/16 13:04:29 INFO ContextHandler: Started o.e.j.s.ServletContextHandler@34a4599a{/executors/heapHistogram/json,null,AVAILABLE,@Spark}
26/01/16 13:04:29 INFO ContextHandler: Started o.e.j.s.ServletContextHandler@33c84793{/static,null,AVAILABLE,@Spark}
26/01/16 13:04:29 INFO ContextHandler: Started o.e.j.s.ServletContextHandler@485d3d1{/,null,AVAILABLE,@Spark}
26/01/16 13:04:29 INFO ContextHandler: Started o.e.j.s.ServletContextHandler@16494888{/api,null,AVAILABLE,@Spark}
26/01/16 13:04:29 INFO ContextHandler: Started o.e.j.s.ServletContextHandler@4d0dc8b8{/metrics,null,AVAILABLE,@Spark}
26/01/16 13:04:29 INFO ContextHandler: Started o.e.j.s.ServletContextHandler@317f13e9{/jobs/job/kill,null,AVAILABLE,@Spark}
26/01/16 13:04:29 INFO ContextHandler: Started o.e.j.s.ServletContextHandler@659ba3a1{/stages/stage/kill,null,AVAILABLE,@Spark}
26/01/16 13:04:29 INFO ContextHandler: Started o.e.j.s.ServletContextHandler@7071a0b9{/connect,null,AVAILABLE,@Spark}
26/01/16 13:04:29 INFO ContextHandler: Started o.e.j.s.ServletContextHandler@78c04131{/connect/json,null,AVAILABLE,@Spark}
26/01/16 13:04:29 INFO ContextHandler: Started o.e.j.s.ServletContextHandler@7c096764{/connect/session,null,AVAILABLE,@Spark}
26/01/16 13:04:29 INFO ContextHandler: Started o.e.j.s.ServletContextHandler@35d66a01{/connect/session/json,null,AVAILABLE,@Spark}
26/01/16 13:04:29 INFO ContextHandler: Started o.e.j.s.ServletContextHandler@4204ad9d{/metrics/json,null,AVAILABLE,@Spark}
26/01/16 13:04:29 INFO StandaloneSchedulerBackend: SchedulerBackend is ready for scheduling beginning after reached minRegisteredResourcesRatio: 0.0
26/01/16 13:04:29 INFO DatabricksILoop$: Successfully registered spark metrics in Prometheus registry
26/01/16 13:04:29 INFO DatabricksILoop$: Successfully initialized SparkContext
26/01/16 13:04:30 INFO SharedState: Scheduler stats enabled.
26/01/16 13:04:31 INFO DriverResourceMonitor: Driver resource monitor is disabled.
26/01/16 13:04:31 INFO DriverCapacity: Starting DriverCapacity trackers
26/01/16 13:04:31 INFO MemoryUsageTracker: Starting MemoryUsageTracker
26/01/16 13:04:31 INFO DriverCapacity: Creating DriverMemoryCapacity, max driver memory: 6290931712, max capacity model memory: 5661838540
26/01/16 13:04:31 INFO SharedState: Setting hive.metastore.warehouse.dir ('null') to the value of spark.sql.warehouse.dir.
26/01/16 13:04:31 INFO SharedState: Warehouse path is 'dbfs:/user/hive/warehouse'.
26/01/16 13:04:31 INFO ContextHandler: Started o.e.j.s.ServletContextHandler@eddf758{/storage/iocache,null,AVAILABLE,@Spark}
26/01/16 13:04:31 INFO ContextHandler: Started o.e.j.s.ServletContextHandler@8cf705e{/storage/iocache/json,null,AVAILABLE,@Spark}
26/01/16 13:04:31 INFO ContextHandler: Started o.e.j.s.ServletContextHandler@7445d24{/SQL,null,AVAILABLE,@Spark}
26/01/16 13:04:31 INFO ContextHandler: Started o.e.j.s.ServletContextHandler@63cb03ba{/SQL/json,null,AVAILABLE,@Spark}
26/01/16 13:04:31 INFO ContextHandler: Started o.e.j.s.ServletContextHandler@7f7872c5{/SQL/execution,null,AVAILABLE,@Spark}
26/01/16 13:04:31 INFO ContextHandler: Started o.e.j.s.ServletContextHandler@291bd851{/SQL/execution/json,null,AVAILABLE,@Spark}
26/01/16 13:04:31 INFO ContextHandler: Started o.e.j.s.ServletContextHandler@4e023095{/static/sql,null,AVAILABLE,@Spark}
26/01/16 13:04:32 WARN SQLConf: The SQL config 'spark.sql.hive.convertCTAS' has been deprecated in Spark v3.1 and may be removed in the future. Set 'spark.sql.legacy.createHiveTableByDefault' to false instead.
26/01/16 13:04:32 WARN SQLConf: The SQL config 'spark.sql.hive.convertCTAS' has been deprecated in Spark v3.1 and may be removed in the future. Set 'spark.sql.legacy.createHiveTableByDefault' to false instead.
26/01/16 13:04:34 WARN DatabricksEdge: org.apache.spark.sql.sources.DataSourceRegister: com.google.cloud.spark.bigquery.BigQueryRelationProvider Unable to get public no-arg constructor
26/01/16 13:04:35 INFO StandaloneSchedulerBackend$StandaloneDriverEndpoint: Driver is in classic mode when an executor asking for Spark configs. Sending the cached Spark config set to the executor.
26/01/16 13:04:37 INFO AbstractParser$ParserCaches: EXPERIMENTAL: Query cached 70 DFA states in the parser. Total cached DFA states: 70in the parser. Driver memory: 6290931712.
26/01/16 13:04:37 INFO QueryPlanningTracker: Query phase parsing took 7s before execution.
26/01/16 13:04:38 INFO SharedState: Initializing ManagedCatalogClient: com.databricks.managedcatalog.ManagedCatalogClientImpl
26/01/16 13:04:39 INFO Utils: resolved command to be run: ArraySeq(getconf, PAGESIZE)
26/01/16 13:04:41 INFO HiveUnityCatalogCheckRule: Collecting SQL actions took 182.49866 ms.
26/01/16 13:04:42 INFO HiveCheckPermissions: Computed permissions to check in 172.273839 milliseconds
26/01/16 13:04:42 INFO HiveCheckPermissions: Checking all permissions took 175.518546 milliseconds
26/01/16 13:04:42 INFO QueryPlanningTracker: Query phase analysis took 4s before execution.
26/01/16 13:04:43 INFO DatabricksMountsStore: Mount store initialization: Attempting to get the list of mounts from metadata manager of DBFS
26/01/16 13:04:43 INFO log: Logging initialized @46707ms to shaded.v9_4.org.eclipse.jetty.util.log.Slf4jLog
26/01/16 13:04:45 INFO DatabricksMountsStore: Mount store initialization: Received a list of 10 mounts accessible from metadata manager of DBFS
26/01/16 13:04:45 INFO DatabricksMountsStore: Updated mounts cache. Changes: List((+,DbfsMountPoint(s3a://databricks-datasets-virginia/, /databricks-datasets)), (+,DbfsMountPoint(uc-volumes:/Volumes, /Volumes)), (+,DbfsMountPoint(wasbs://source@stdataanalyticshs001.blob.core.windows.net, /mnt/source)), (+,DbfsMountPoint(unsupported-access-mechanism-for-path--use-mlflow-client:/, /databricks/mlflow-tracking)), (+,DbfsMountPoint(abfss://ephemeral@dbstoragekduswqmgjq5rc.dfs.core.windows.net/116288240407984, /databricks-results)), (+,DbfsMountPoint(unsupported-access-mechanism-for-path--use-mlflow-client:/, /databricks/mlflow-registry)), (+,DbfsMountPoint(dbfs-reserved-path:/uc-volumes-reserved, /Volume)), (+,DbfsMountPoint(dbfs-reserved-path:/uc-volumes-reserved, /volumes)), (+,DbfsMountPoint(abfss://root@dbstoragekduswqmgjq5rc.dfs.core.windows.net/116288240407984, /)), (+,DbfsMountPoint(dbfs-reserved-path:/uc-volumes-reserved, /volume)))
26/01/16 13:04:45 INFO HadoopFSUtil$: Installing the old filesystem implementation for scheme s3n. Current value: com.databricks.sql.acl.fs.CredentialScopeFileSystem. Old value to be restored: com.databricks.sql.io.LokiFileSystem.
26/01/16 13:04:45 INFO HadoopFSUtil$: Installing the old filesystem implementation for scheme s3a. Current value: com.databricks.sql.acl.fs.CredentialScopeFileSystem. Old value to be restored: com.databricks.sql.io.LokiFileSystem.
26/01/16 13:04:45 INFO HadoopFSUtil$: Installing the old filesystem implementation for scheme r2. Current value: com.databricks.sql.acl.fs.CredentialScopeFileSystem. Old value to be restored: com.databricks.sql.io.LokiFileSystem.
26/01/16 13:04:45 INFO HadoopFSUtil$: Installing the old filesystem implementation for scheme abfss. Current value: com.databricks.sql.acl.fs.CredentialScopeFileSystem. Old value to be restored: com.databricks.sql.io.LokiFileSystem.
26/01/16 13:04:45 INFO HadoopFSUtil$: Installing the old filesystem implementation for scheme wasbs. Current value: com.databricks.sql.acl.fs.CredentialScopeFileSystem. Old value to be restored: com.databricks.sql.io.LokiFileSystem.
26/01/16 13:04:45 INFO HadoopFSUtil$: Installing the old filesystem implementation for scheme gs. Current value: com.databricks.sql.acl.fs.CredentialScopeFileSystem. Old value to be restored: com.databricks.sql.io.LokiFileSystem.
26/01/16 13:04:45 INFO HadoopFSUtil$: Installing the old filesystem implementation for scheme s3. Current value: com.databricks.sql.acl.fs.CredentialScopeFileSystem. Old value to be restored: com.databricks.sql.io.LokiFileSystem.
26/01/16 13:04:45 INFO HadoopFSUtil$: Installing the old filesystem implementation for scheme abfs. Current value: com.databricks.sql.acl.fs.CredentialScopeFileSystem. Old value to be restored: com.databricks.sql.io.LokiFileSystem.
26/01/16 13:04:45 INFO HadoopFSUtil$: Installing the old filesystem implementation for scheme wasb. Current value: com.databricks.sql.acl.fs.CredentialScopeFileSystem. Old value to be restored: com.databricks.sql.io.LokiFileSystem.
26/01/16 13:04:45 INFO DatabricksFileSystemV2Factory: Creating abfss file system for abfss://root@dbstoragekduswqmgjq5rc.dfs.core.windows.net
26/01/16 13:04:46 INFO AzureBlobFileSystem:V3: Initializing AzureBlobFileSystem for abfss://root@dbstoragekduswqmgjq5rc.dfs.core.windows.net/116288240407984 with credential = FixedSASTokenProvider with jvmId = 741
26/01/16 13:04:46 INFO DbfsHadoop3: Initialized DBFS with DBFSV2 as the delegate.
26/01/16 13:04:46 INFO HiveConf: Found configuration file file:/databricks/hive/conf/hive-site.xml
26/01/16 13:04:47 INFO MemoryUsageTracker: GC notification:
 Name: PS Scavenge,
 Action: end of minor GC,
 Cause: Metadata GC Threshold
 StartTime: 49286
 Duration: 49
26/01/16 13:04:47 INFO MemoryUsageTracker: GC notification:
 Name: PS MarkSweep,
 Action: end of major GC,
 Cause: Metadata GC Threshold
 StartTime: 49335
 Duration: 420
26/01/16 13:04:47 INFO ThriftIdempotentExecutionHandler: Initializing ExecuteStatement Idempotency Manager with seenCacheTTLSeconds=21600, responseCacheTTLSeconds=30, responseCacheMaxWeightBytes=104857600, and sparkContextId=1425469067982477112.
26/01/16 13:04:47 INFO ThriftIdempotentExecutionHandler: Initializing FetchResults Idempotency Manager with seenCacheTTLSeconds=21600, responseCacheTTLSeconds=30, responseCacheMaxWeightBytes=419430400, and sparkContextId=1425469067982477112.
26/01/16 13:04:47 INFO SessionManager: HiveServer2: Background operation thread pool size: 100
26/01/16 13:04:47 INFO SessionManager: HiveServer2: Background operation thread wait queue size: 500
26/01/16 13:04:47 INFO SessionManager: HiveServer2: Background operation thread keepalive time: 10000 ms
26/01/16 13:04:47 INFO AbstractService: Service:OperationManager is inited.
26/01/16 13:04:47 INFO AbstractService: Service:SessionManager is inited.
26/01/16 13:04:47 INFO SparkSQLCLIService: Service: CLIService is inited.
26/01/16 13:04:47 INFO AbstractService: Service:ThriftHttpCLIService is inited.
26/01/16 13:04:47 INFO HiveThriftServer2: Service: JavaConverters$ is inited.
26/01/16 13:04:47 INFO AbstractService: Service:OperationManager is started.
26/01/16 13:04:47 INFO AbstractService: Service:SessionManager is started.
26/01/16 13:04:47 INFO SparkSQLCLIService: Service: CLIService is started.
26/01/16 13:04:47 INFO AbstractService: Service:ThriftHttpCLIService is started.
26/01/16 13:04:47 INFO ThriftCLIService: HTTP Server SSL: adding excluded protocols: [SSLv2, SSLv3]
26/01/16 13:04:47 INFO ThriftCLIService: HTTP Server SSL: SslContextFactory.getExcludeProtocols = [SSL, SSLv2, SSLv2Hello, SSLv3]
26/01/16 13:04:47 INFO Server: jetty-9.4.52.v20230823; built: 2023-08-23T19:29:37.669Z; git: abdcda73818a1a2c705da276edb0bf6581e7997e; jvm 17.0.16+8-LTS
26/01/16 13:04:47 INFO session: DefaultSessionIdManager workerName=node0
26/01/16 13:04:47 INFO session: No SessionScavenger set, using defaults
26/01/16 13:04:47 INFO session: node0 Scavenging every 600000ms
26/01/16 13:04:47 WARN SecurityHandler: ServletContext@o.e.j.s.ServletContextHandler@14c259a2{/,null,STARTING} has uncovered http methods for path: /*
26/01/16 13:04:47 INFO ContextHandler: Started o.e.j.s.ServletContextHandler@14c259a2{/,null,AVAILABLE}
26/01/16 13:04:47 INFO SslContextFactory: x509=X509@6ef4d437(1,h=[az-eastus2-c3.workers.prod.ns.databricks.com],a=[],w=[]) for Server@47bd88d5[provider=null,keyStore=file:///databricks/keys/jetty_ssl_driver_keystore.jks,trustStore=null]
26/01/16 13:04:47 INFO AbstractConnector: Started ServerConnector@70263a9b{SSL, (ssl, http/1.1)}{0.0.0.0:10000}
26/01/16 13:04:47 INFO Server: Started @50493ms
26/01/16 13:04:47 INFO ThriftCLIService: Started ThriftHttpCLIService in https mode on port 10000 path=/cliservice/* with 5...500 worker threads
26/01/16 13:04:47 INFO AbstractService: Service:JavaConverters$ is started.
26/01/16 13:04:47 INFO HiveThriftServer2: HiveThriftServer2 started
26/01/16 13:04:47 INFO ContextHandler: Started o.e.j.s.ServletContextHandler@16d05123{/sqlserver,null,AVAILABLE,@Spark}
26/01/16 13:04:47 INFO ContextHandler: Started o.e.j.s.ServletContextHandler@3bb0a95c{/sqlserver/json,null,AVAILABLE,@Spark}
26/01/16 13:04:47 INFO ContextHandler: Started o.e.j.s.ServletContextHandler@e44d90c{/sqlserver/session,null,AVAILABLE,@Spark}
26/01/16 13:04:47 INFO ContextHandler: Started o.e.j.s.ServletContextHandler@1db93cce{/sqlserver/session/json,null,AVAILABLE,@Spark}
26/01/16 13:04:47 INFO ClusterStartupStepsLogger: Finished driver warm-up step: thrift server startup in 1545 ms
26/01/16 13:04:47 INFO DatabricksILoop$: Trying to load dynamic config on startup: /databricks/driver/conf/dynamicSparkConfig.conf
26/01/16 13:04:47 INFO DatabricksILoop$: Spent 0 ms checking for existence of file /databricks/driver/conf/dynamicSparkConfig.conf, exists: true
26/01/16 13:04:47 INFO DatabricksILoop$: Read the dynamic config: Vector(SaferConf(spark.databricks.remoteMetadataProvider.operationMetrics.enabled,false,1768556537,251107172413520,2,None,None,List()), SaferConf(spark.databricks.sql.optimizer.replaceAlias.maxExpressionNumNodes,100000,1755294131,250604175429933,2,None,None,List()), SaferConf(spark.databricks.unityCatalog.mcsc.initialCatalogParam.enabled,true,1768523973,251028054146996,3,None,None,List()), SaferConf(spark.databricks.delta.dbiManagedIcebergTable.enabled,true,1749235576,250407181953986,2,None,None,List()), SaferConf(spark.databricks.dataLineage.mergeIntoV2Enabled,false,1731558697,241113190524268,1,None,None,List()), SaferConf(spark.databricks.cloudFiles.aws.restrictSNSPolicyPrincipalAndAccount,false,1749573002,250606224725199,2,None,None,List()), SaferConf(spark.delta.sharing.client.useStructuralSchemaMatch,true,1747358959,250326212215677,3,None,None,List()), SaferConf(spark.databricks.scan.useRelativePathsDuringFileListing,true,1737572344,250118155344432,1,None,None,List()), SaferConf(spark.databricks.photon.hashJoin.estimateBuildKeyNdv.enabled,false,1767884818,250417204548521,1,None,None,List()), SaferConf(spark.databricks.delta.snapshotHint.supportUcExternalTables,false,1759438110,251002184042520,1,None,None,List()), SaferConf(spark.databricks.sql.functions.aiFunctions.adaptiveThreadPool.enabled,true,1749084866,250116114847029,1,None,None,List()), SaferConf(spark.databricks.logging.queryProfile.captureAllAnalysisExceptions,true,1768239578,250930153432589,1,None,None,List()), SaferConf(spark.databricks.sql.internalHms.exponentialBackoff.enabled,true,1758638306,250912111946014,1,None,None,List()), SaferConf(spark.databricks.sql.ignoreRedactNonUTF8Binary,true,1740711077,250204013455621,1,None,None,List()), SaferConf(spark.databricks.rowColumnControlsAllowlistRule.rule.enabled,false,1767721290,250802050035065,2,None,None,List()), SaferConf(spark.databricks.adaptive.dfpExplicitScheduling.forHinted.ds,DISABLED,1765906166,250915183750307,1,None,None,List()), SaferConf(spark.databricks.sql.functions.aiFunctions.multiModality.model.list,databricks-llama-4-maverick,databricks-claude-sonnet-4,databricks-claude-3-7-sonnet,databricks-gemma-3-12b,databricks-gpt-5,databricks-gpt-5-mini,databricks-gpt-5-nano,databricks-gpt-5-1,databricks-gpt-5-2,databricks-gemini-2-5-flash,databricks-gemini-2-5-pro,databricks-gemini-3-flash,databricks-gemini-3-pro,databricks-claude-haiku-4-5,1765233294,251013011721173,1,None,None,List()), SaferConf(spark.databricks.sql.functions.aiFunctions.adaptiveThreadPool.scaleUpThresholdCurrentQpsIncreaseRatio,0.0,1749084866,241021170144915,1,None,None,List()), SaferConf(spark.databricks.dynamicConf.demoFlag10,false,1747116558,240921005742527,4,Some(true),None,List()), SaferConf(spark.databricks.io.cache.parquet.crc,true,1762366027,250605073911737,1,None,None,List()), SaferConf(spark.databricks.sqlservice.history.queryParametersEnabled,true,1749149701,250207220418590,1,None,None,List()), SaferConf(spark.databricks.deltaSharing.shareWithHistoryByDefault,false,1738187793,250124205011061,1,None,None,List()), SaferConf(spark.databricks.cloudFiles.rocksDB.wal.ttlSeconds,-1,1763677060,251001203508474,1,None,None,List()), SaferConf(spark.databricks.sql.optimizer.ignoreUnsupportedTypesInAnalyze.enabled,true,1744037924,250212021653157,1,None,None,List()), SaferConf(spark.databricks.sql.optimizer.statisticsOnLoadForPartitionColumns.enabled,true,1755811719,250722035947277,1,None,None,List()), SaferConf(spark.databricks.unityCatalog.includeTemporaryCredentialsInBulkGetMetadata,true,1750108322,241016200607862,1,None,None,List()), SaferConf(spark.databricks.unityCatalog.samDerivation.enabled,false,1755794591,250821021733719,9,None,None,List()), SaferConf(spark.sql.copyInto.timeout.threadDump.enabled,false,1762295103,250925210350919,3,None,None,List()), SaferConf(spark.databricks.hive.metastore.client.enableConnectionInfoLogging,true,1765448974,251021081936733,3,None,None,List()), SaferConf(spark.databricks.acl.secureCatalogCheckUsageOnCatalog,true,1737511970,250118161713589,2,None,None,List()), SaferConf(spark.databricks.sql.functions.aiFunctions.decimal.dataType.enabled,true,1749084866,241016192333959,1,None,None,List()), SaferConf(spark.databricks.sql.redactSecretsInOptimizer,true,1762203063,250408172844093,3,None,None,List()), SaferConf(spark.databricks.io.parquet.readAfterWrite.mode,OFF,1760132062,250716093151055,4,None,None,List()), SaferConf(spark.databricks.connector.teradata.connectionCharset,UTF8,1763658546,250620105756721,1,None,None,List()), SaferConf(spark.delta.sharing.query.includeEndStreamAction,true,1747764306,250319175409926,3,None,None,List()), SaferConf(spark.databricks.unityCatalog.clientWithCaller.enabled,true,1753369006,250606151049532,1,None,None,List()), SaferConf(spark.databricks.autotune.clusterByAuto.preview.enabled,true,1743457639,250122103732373,5,None,None,List()), SaferConf(spark.databricks.sql.functions.aiQuery.openAI.oSeries.model.list,o1-mini,o1,o3-mini,o3,o4-mini,gpt-5,gpt-5-mini,gpt-5-nano,GPT-5,GPT-5 Mini,GPT-5 Nano,1762229377,250808161003858,4,None,None,List()), SaferConf(spark.databricks.remoteFiltering.enableServerlessSessionLocalPropagation,true,1752089365,250509142801178,3,None,None,List()), SaferConf(spark.databricks.sqlservice.history.isSqlgatewayHistoryProxyClientEnabled,true,1748374558,250107162939870,1,None,None,List()), SaferConf(spark.databricks.sql.functions.aiFunctions.adaptiveThreadPool.scaleUpThresholdTotalQpsIncreaseRatio,0.0,1749084866,241021170115329,1,None,None,List()), SaferConf(spark.databricks.connector.bigquery.loadNamespaceFallbackEnabled,true,1765201664,250722144235673,2,None,None,List()), SaferConf(spark.databricks.adaptive.dfpExplicitScheduling.forWrite.ds,DISABLED,1765826975,250620230339619,1,None,None,List()), SaferConf(spark.databricks.sql.fsUtils.listShadowingSampleRate,0.2,1763652528,241118084446438,3,None,None,List()), SaferConf(spark.databricks.delta.merge.failSourceCachedAfterMaterialization,true,1767788605,251110154546851,1,None,None,List()), SaferConf(spark.databricks.autotune.maintenance.enableColumnUsageTrackingIntegration,true,1756332507,241217173438622,2,None,None,List()), SaferConf(spark.databricks.delta.optimizeMetadataQuery.clusteredTable.enabled,false,1760569480,241022221533035,5,None,None,List()), SaferConf(spark.databricks.sql.optimizer.ensureRequirementsDP.tracing,false,1750712149,250616231837729,1,None,None,List()), SaferConf(spark.databricks.unityCatalog.sftpConnection.enabled,true,1762325072,250306184629573,2,None,None,List()), SaferConf(spark.databricks.sql.optimizer.statisticsOnLoadWithSchemaEvolution.enabled,true,1754513159,250627181254441,1,None,None,List()), SaferConf(spark.databricks.dataLineage.columnOptimizationV2.enabled,true,1766092955,251125072045225,1,None,None,List()), SaferConf(spark.databricks.sql.optimizer.analyzeTruncateColumnsAtLimit.enabled,true,1744138653,250130182152981,1,None,None,List()), SaferConf(spark.databricks.deltaSharing.createShareWithBudgetPolicy,true,1758329049,250818232251561,3,None,None,List()), SaferConf(spark.databricks.delta.update.metrics.computationInFilters,false,1767886291,250916141657439,1,None,None,List()), SaferConf(spark.databricks.sql.optimizer.statsOnDataLoadWithRowidTracking.enabled,true,1768433061,241011004901579,1,None,None,List()), SaferConf(spark.databricks.sql.optimizer.AnalyzeTableStalenessThreshold,0,1747859881,250521181612534,2,None,None,List()), SaferConf(spark.databricks.sql.functions.aiFunctions.adaptiveThreadPool.scaleUpThresholdSuccessRatio,0.95,1760670087,241011182833050,1,None,None,List()), SaferConf(spark.databricks.sqlservice.history.isWisErrorDiagnosticInfoTruncationEnabled,true,1748374558,241220010234395,2,None,None,List()), SaferConf(spark.databricks.pipelines.allowAlterNonDBSQLPipeline,true,1754084411,250325214705081,3,None,None,List()), SaferConf(spark.databricks.sql.functions.aiFunctions.batch.execution.size,2048,1749084866,241021175030095,1,None,None,List()), SaferConf(spark.databricks.adaptive.dppExplicitScheduling.forHinted.ds,DISABLED,1765906151,250915183907862,1,None,None,List()), SaferConf(spark.databricks.sqlgateway.history.profile.backgroundBuildEnabled,true,1758130594,250623230815142,1,None,None,List()), SaferConf(spark.databricks.adaptive.dfpExplicitSchedulingWithRBF.enabled,false,1764008607,250114151924018,1,None,None,List()), SaferConf(spark.databricks.sql.functions.aiFunctions.purposeBuiltFunctions.batch.execution.enabled,true,1749084866,250220014454853,1,None,None,List()), SaferConf(spark.databricks.sql.functions.aiFunctions.safe.inference.enabled,true,1749084866,250122110753330,1,None,None,List()), SaferConf(spark.databricks.sql.functions.aiFunctions.vectorSearch.initialRetryIntervalMillis,1000,1754020297,250711210113443,3,None,None,List()), SaferConf(spark.databricks.cloudFiles.rocksDB.wal.sizeLimitMB,0,1763677046,251001210528541,1,None,None,List()), SaferConf(spark.databricks.sql.view.legacy.schemaEvolution,true,1763756601,250627073108698,5,None,None,List()), SaferConf(spark.databricks.dataLineage.clearColumnTableV2.enabled,true,1767746303,251125075122256,1,None,None,List()), SaferConf(spark.sql.insertIntoReplaceUsing.disallowMisalignedColumns.enabled,true,1767805379,250731214706209,2,None,None,List()), SaferConf(spark.databricks.sql.functions.aiFunctions.batchSession.terminate.enabled,true,1749084866,250502042721888,4,None,None,List()), SaferConf(spark.databricks.autotune.maintenance.enableMetricsForAllUCManagedTables,true,1768441946,250618183020206,1,None,None,List()), SaferConf(spark.databricks.sql.allowDroppingDLTMaterializedViewStreamingTable,true,1739914657,250204221211728,1,None,None,List()), SaferConf(spark.databricks.delta.uniform.ingress.enableOnFederation.sfdc,true,1749050893,250205200004155,6,None,None,List()), SaferConf(spark.databricks.sql.rowColumnAccess.castOnAbacColumnTypeMismatch.enabled,true,1761332151,250919183832472,2,None,None,List()), SaferConf(spark.databricks.sql.tempTable.blockDatabricksJobs,false,1760552829,250602165113376,4,None,None,List()), SaferConf(spark.databricks.sql.externalUDF.clientImage.supportedMinVersion,3,1752888676,250718174741320,1,None,None,List()), SaferConf(spark.databricks.fs.azure.shared.threadpool.enabled,false,1737585215,250122110754651,1,None,None,List()), SaferConf(spark.databricks.sql.functions.aiFunctions.vectorSearch.retryIntervalMultiplierFactor,2.0,1753838593,250711210251185,3,None,None,List()), SaferConf(spark.databricks.unityCatalog.hms.federation.enableDbfsSupport,true,1738321987,250113135917844,2,None,None,List()), SaferConf(spark.databricks.io.parquet.photon.nativeFrameReader.taskSamplePercent,100,1755670142,250512112531880,15,None,None,List()), SaferConf(spark.databricks.autotune.maintenance.ucPoNonAuto.scanMetric.sampleRate,0.2,1768334320,250822002312739,5,None,None,List()), SaferConf(spark.databricks.cloudFiles.csms.preview.enabled,true,1758047992,250402235140871,5,None,None,List()), SaferConf(spark.databricks.prefetchingReader.json.enabled,true,1748027916,241114034325821,2,None,None,List()), SaferConf(spark.databricks.rowColumnControlsAllowlistLogs.enabled,true,1765206994,250713232053186,1,None,None,List()), SaferConf(spark.databricks.sql.functions.aiFunctions.batchInferenceApi.enabled,true,1749084866,241114194854239,1,None,None,List()), SaferConf(spark.databricks.docingest.aiParseDocument.deprecated,true,1763681134,251007205438671,1,None,None,List()), SaferConf(spark.databricks.autotune.maintenance.pushCompleteWorkloadScanMetrics,true,1739914128,241120192053466,6,None,None,List()), SaferConf(spark.databricks.cloudFiles.listingV2.enabled,false,1753838907,250729234731771,2,None,None,List()), SaferConf(spark.databricks.acl.secureCatalogBatchFilterDatabases,true,1737529326,250121205543302,2,None,None,List()), SaferConf(spark.databricks.pipelines.moveTableBetweenPipelines.materializedView.enabled,true,1751048036,250218231715065,1,None,None,List()), SaferConf(spark.databricks.io.native.s3.write.taskSamplePercent,0,1768469599,250113134122331,8,None,None,List()), SaferConf(spark.databricks.sql.optimizer.collectWorkloadBasedDataSkipping.enabled,true,1768270994,250930085804680,1,None,None,List()), SaferConf(spark.delta.sharing.network.useAsyncQuery,false,1747366646,250412002126809,4,None,None,List()), SaferConf(spark.databricks.optimizer.doNotMergeInvalidAutoStatistics.enabled,true,1758239235,250811170623507,1,None,None,List()), SaferConf(spark.databricks.sql.jdbcDialectForbidQueriesWithForbiddenKeywords,true,1765895712,250811103850235,6,None,None,List()), SaferConf(spark.databricks.unityCatalog.client.UCSEWithMessageTemplateAndClass.enabled,true,1763685074,250930185930488,2,None,None,List()), SaferConf(spark.databricks.sql.functions.aiFunctions.adaptiveThreadPool.maxPoolSize,2048,1757616926,250118162959038,2,None,None,List()), SaferConf(spark.databricks.fs.wasb.writes.etag.enabled,true,1737511970,250118155345967,1,None,None,List()), SaferConf(spark.databricks.unityCatalog.forceMetadataSnapshotBatchUpdate,false,1765202948,250910101039039,2,None,None,List()), SaferConf(spark.databricks.sqlservice.history.enableSessionScopedQueryStatusPublish,true,1762284484,250514173339712,1,None,None,List()), SaferConf(spark.databricks.prefetchingReader.compressedFiles.enabled,false,1742011471,241121212321445,3,None,None,List()), SaferConf(spark.databricks.delta.shreddingFeatureWrite.allowed,true,1768232534,251208193804349,3,None,None,List()), SaferConf(spark.sql.optimizer.optimizeCsvJsonExprs.useSchemaField,false,1728499876,241008194704608,1,None,None,List()), SaferConf(spark.databricks.sql.optimizer.bloomFilterRuntimeValidation.enabled,true,1751908444,250122110754570,2,None,None,List()), SaferConf(spark.databricks.delta.writePartitionColumnsToParquet,true,1768416052,251029173022934,3,None,None,List()), SaferConf(spark.databricks.sqlservice.history.processExecutorMetricsUpdate,true,1741611920,250308001153572,1,None,None,List()), SaferConf(spark.databricks.sql.optimizer.statisticsOnLoadWithColumnMapping.enabled,true,1768432991,250408163116078,1,None,None,List()), SaferConf(spark.databricks.docingest.client.v2.enabled,true,1746725321,250430041957882,2,None,None,List()), SaferConf(spark.databricks.sql.functions.aiFunctions.adaptiveThreadPool.debugLogEnabled,true,1749084866,241009220807728,1,None,None,List()), SaferConf(spark.databricks.thriftserver.enableComplexTypeNullParameters.enabled,false,1748467204,250328214849569,2,None,None,List()), SaferConf(spark.databricks.remoteFiltering.sendBillingInfo,true,1759313961,250818152930084,1,None,None,List()), SaferConf(spark.databricks.sql.expression.aiFunctions.repartition,0,1731096473,241108162446775,1,None,None,List()), SaferConf(spark.databricks.sql.scripting.executionV2.enabled,true,1749141921,250311163439370,2,None,None,List()), SaferConf(spark.databricks.delta.partitionedTable.staticScan.allowed,false,1765314240,251015192058449,2,None,None,List()), SaferConf(spark.databricks.sql.functions.externalUDFs.trackedAsDependency,false,1747299881,250422085726336,10,None,None,List()), SaferConf(spark.databricks.sql.ES_1355131,false,1752172473,250411091759412,2,None,None,List()), SaferConf(spark.databricks.sql.optimizer.discardColumnStatsWithTooLongKeys.enabled,true,1760954404,250912002310537,1,None,None,List()), SaferConf(spark.databricks.sql.functions.vectorSearch.use.indexIdentifierOnly,true,1748900129,250523161628825,2,None,None,List()), SaferConf(spark.databricks.sql.rowColumnAccess.implicitPoliciesNew.enabled,true,1748624394,250521174712203,1,None,None,List()), SaferConf(spark.databricks.unityCatalog.hmsDisabledInfoLogging.enabled,true,1765907915,250902105514821,4,None,None,List()), SaferConf(spark.databricks.photon.outputHashCodeForBloomFilter.enabled,false,1759952675,250313205949165,2,None,None,List()), SaferConf(spark.databricks.catalog.hiveMetastorePlaceholderPathFixForDbfs.enabled,true,1748350692,250520132535231,1,None,None,List()), SaferConf(spark.databricks.sql.functions.aiFunctions.adaptiveThreadPool.useDynamicTaskQueueExecutor,false,1729531767,241011183212786,3,None,None,List()), SaferConf(spark.databricks.delta.commandInvariantChecksThrowInUpdate,false,1763484912,250408093848281,4,None,None,List()), SaferConf(spark.databricks.delta.checkConstraints.validation.enabled,OFF,1768224222,251115003658334,3,None,None,List()), SaferConf(spark.databricks.delta.identifierExtraction.newCodePath.enabled,true,1747764696,250221192257794,3,None,None,List()), SaferConf(spark.databricks.io.native.adlgen2.write.taskSamplePercent,100,1763024613,250122110753207,6,None,None,List()), SaferConf(spark.databricks.unityCatalog.allowSetHmsCatalog,true,1768523979,251015232009726,3,None,None,List()), SaferConf(spark.databricks.table.parquet.compression.codec.enabled,true,1762557246,241105233907422,2,None,None,List()), SaferConf(spark.databricks.unityCatalog.hms.federation.enabled,true,1749585737,250121201349384,6,None,None,List()), SaferConf(spark.databricks.prefetchingReader.xml.enabled,true,1748027583,241114035005194,2,None,None,List()), SaferConf(spark.databricks.safer.dimensionVerificationFlag,30,1749846506,250606013736517,3,None,None,List()), SaferConf(spark.databricks.unityCatalog.lakehouseFederation.writes.enabled,true,1737511970,250118162025776,3,None,None,List()), SaferConf(spark.databricks.dynamicConf.saca.killswitch-rampup-bool,true,1760472960,241003044953062,2,None,None,List()), SaferConf(spark.databricks.io.native.gcs.read.taskSamplePercent,100,1752742562,250118155345509,3,None,None,List()), SaferConf(spark.databricks.sql.optimizer.requireStronglyConsistentStatsForDataSkipping.enabled,true,1761678289,250822225608349,1,None,None,List()), SaferConf(spark.databricks.sql.optimizer.includeAllDMLForPredictiveAnalyzeMetrics,true,1763410623,251014225531744,1,None,None,List()), SaferConf(spark.databricks.sql.functions.aiFunctions.adaptiveThreadPool.taskWaitTimeInSeconds,1000,1749084866,241011182924469,1,None,None,List()), SaferConf(spark.databricks.optimizer.doNotUseInvalidAutoStatistics.enabled,true,1755810548,250808185549774,1,None,None,List()), SaferConf(spark.databricks.sql.functions.vectorSearch.enabled,true,1737686325,241031222835698,3,None,None,List()), SaferConf(spark.databricks.autotune.maintenance.pushUnusedColumnInfo,true,1759851166,250423215157506,2,None,None,List()), SaferConf(spark.databricks.sql.functions.aiGen.endpointName,databricks-meta-llama-3-3-70b-instruct,1755905765,250122110754772,4,None,None,List()), SaferConf(spark.databricks.default.table.parquet.compression.codec,zstd,1762126503,241114220844151,10,None,None,List()), SaferConf(spark.databricks.autotune.maintenance.client.pushIntervalMinutes,1,1768441918,250118155345061,2,None,None,List()), SaferConf(spark.databricks.sql.optimizer.statisticsOnLoadSelectDeltaColumnsWithPrecedence,true,1761162459,250624152718662,1,None,None,List()), SaferConf(spark.databricks.sql.rowColumnAccess.useEffectivePolicies.enabled,true,1760982861,250826030421698,3,None,None,List()), SaferConf(spark.databricks.unityCatalog.batchSizeForTableFetchForShowTablesExtended,100,1741214740,250118155344310,1,None,None,List()), SaferConf(spark.databricks.streaming.foreachBatch.clonedSessionBehavior.enabled,false,1747848775,250519212615341,1,None,None,List()), SaferConf(spark.databricks.sql.jdbcDialectObjectNotFoundCheck,true,1761673350,250610121216133,3,None,None,List()), SaferConf(spark.databricks.sql.optimizer.showStatsUsageInExplain.enabled,true,1738861170,250109173355824,1,None,None,List()), SaferConf(spark.databricks.dynamicConf.demoFlag4,1,1748534164,250108214008473,2,None,None,List()), SaferConf(spark.databricks.cloudFiles.rocksDB.logLevel,ERROR,1762295108,250825202931633,2,None,None,List()), SaferConf(spark.databricks.sql.blockUnsupportedRemoteDataSourcesBeforeGatewayEdgeCheck,false,1766066368,251104211033274,2,None,None,List()), SaferConf(spark.databricks.prefetchingReader.csv.enabled,true,1748018184,241114032708192,2,None,None,List()), SaferConf(spark.databricks.optimizer.optimizeLimit.customPartitionSelection,false,1758822635,250805053412748,2,None,None,List()), SaferConf(spark.databricks.sql.functions.aiFunctions.batch.aiQuery.embedding.request.size,40,1749084866,241023001803518,1,None,None,List()), SaferConf(spark.databricks.delta.snapshotHint.write.lengthThreshold,358400,1759951353,250808201009227,2,None,None,List()), SaferConf(spark.databricks.adaptive.bloomFilter.explicitScheduling.enableForCommands,false,1765311775,250121205543182,1,None,None,List()), SaferConf(spark.databricks.delta.readclone.postCommit.skipFullUpdatesEnabled,MANAGED,MANAGED_SHALLOW_CLONE,1758050136,250813001116228,1,None,None,List()), SaferConf(spark.databricks.delta.skipping.experimentalFilters.validationSelectivity,0.2,1764874651,250820223027702,9,None,None,List()), SaferConf(spark.databricks.cloudFiles.adjustBackfillBeginMs,15m,1768503994,251113190537964,7,None,None,List()), SaferConf(spark.databricks.delta.typeWidening.allowAutomaticWidening,ALWAYS,1767692688,250702120413718,4,None,None,List()), SaferConf(spark.databricks.sql.functions.aiFunctions.embeddingsEndpointName,databricks-gte-large-en,1749084866,250122105858955,7,None,None,List()), SaferConf(spark.databricks.acl.secureCatalogBatchFilterTables,true,1737511970,250118155345540,2,None,None,List()), SaferConf(spark.databricks.sql.functions.aiFunctions.purposeBuiltFunctions.translate.instruction,### Instruction

Translate the provided text to %s, and output only the translated text
in the target language in this format: <DBSQLAI>translated text</DBSQLAI>.

If the text is already in the target language, output the provided text.

### Text

%s,1747340790,250513180737565,1,None,None,List()), SaferConf(spark.databricks.unityCatalog.metadataCache.versioned.enabled,false,1768547313,250423095832618,4,None,None,List()), SaferConf(spark.databricks.sql.functions.aiFunctions.batchSession.enabled,true,1749084866,250221233021036,1,None,None,List()), SaferConf(spark.databricks.dataLineage.columnOptimization.enabled,false,1765397498,251012233407615,4,None,None,List()), SaferConf(spark.sql.scripting.enabled,true,1749141921,250122110754241,6,None,None,List()), SaferConf(spark.databricks.delta.optimizeMetadataQuery.shadowExecution.rate,0.0,1760985404,250603222911748,13,None,None,List()), SaferConf(spark.databricks.io.native.adlgen2.read.taskSamplePercent,100,1765541655,250118155345503,3,None,None,List()), SaferConf(spark.databricks.sql.functions.aiFunctions.vectorSearch.maxRetryInterval,120000,1753838593,250708161129590,3,None,None,List()), SaferConf(spark.databricks.sql.metricView.enabled,true,1753818673,241203171259183,5,None,None,List()), SaferConf(spark.databricks.sql.functions.aiFunctions.adaptiveThreadPool.clusterSizeBasedGlobalParallelism.scaleFactor,512.0,1749084866,241021220450892,1,None,None,List()), SaferConf(spark.databricks.sql.functions.aiFunctions.remoteHttpClient.maxConnections,2048,1749084866,241011230804504,1,None,None,List()), SaferConf(spark.databricks.sql.showStatisticsPropertiesInDescribeExtended,false,1737529326,250121205543863,1,None,None,List()), SaferConf(spark.databricks.sql.jdbcDialectIgnoreQueriesWithForbiddenKeywords,false,1737662132,250123131150571,1,None,None,List()), SaferConf(spark.databricks.sql.functions.aiFunctions.modelEndpointTypeParsing.enabled,true,1749084866,241011183358486,1,None,None,List()), SaferConf(spark.databricks.io.native.gcs.write.taskSamplePercent,100,1763024472,250114151924533,6,None,None,List()), SaferConf(spark.databricks.adaptive.dppExplicitScheduling.forWrite.ds,DISABLED,1765839380,250620230849784,1,None,None,List()), SaferConf(spark.sql.functions.remoteHttpClient.retryOn400TimeoutError,true,1730827108,241011231241015,1,None,None,List()), SaferConf(spark.databricks.cloudFiles.recordEventChanges,false,1742410140,250318071048458,3,None,None,List()), SaferConf(spark.databricks.prefetchingReader.text.enabled,false,1764002202,250128010708489,5,None,None,List()), SaferConf(spark.databricks.prefetchingReader.binary.enabled,true,1748018208,250128010535706,1,None,None,List()), SaferConf(spark.databricks.autotune.maintenance.enableWorkloadScanMetricsApi,true,1739915240,250122204750329,4,None,None,List()), SaferConf(spark.databricks.pipelines.moveTableBetweenPipelines.streamingTable.enabled,true,1751048242,250218232941921,1,None,None,List()), SaferConf(spark.databricks.adaptive.lightReplanning.enabled,false,1762384410,250305051422524,4,None,None,List()), SaferConf(spark.databricks.sql.functions.aiFunctions.extract.tileMetadata.enabled,true,1753919161,250424044810134,3,None,None,List()), SaferConf(spark.databricks.sql.functions.aiForecast.enabled,false,1741133454,250123114848547,2,None,None,List()), SaferConf(spark.databricks.cloudFiles.sftp.enabled,true,1762325072,250306185205037,2,None,None,List()), SaferConf(spark.databricks.delta.dataskipping.supportDateFormatExprs.enabled,false,1768528784,251114234652707,4,None,None,List()), SaferConf(spark.databricks.delta.liquid.fixInvalidStateAfterPhaseOut,true,1737511970,250118155345616,2,None,None,List()), SaferConf(spark.sql.legacy.codingErrorAction,true,1739382214,250203190102217,4,None,None,List()), SaferConf(spark.databricks.hive.hmshandler.retry.configs.enabled,true,1765474395,251006215957127,1,None,None,List()), SaferConf(spark.databricks.connector.mssqlserver.driverVersion,current,1755009514,241210223850803,7,None,None,List()), SaferConf(spark.sql.functions.remoteHttpClient.retryOnSocketTimeoutException,true,1760043565,241011231311833,1,None,None,List()), SaferConf(spark.databricks.unityCatalog.sftpConnection.disableStrictHostKeyCheck,false,1756326629,250603213714962,3,None,None,List()), SaferConf(spark.databricks.sql.functions.aiFunctions.useDedicatedHttpClient,true,1749084866,241011231038332,1,None,None,List()), SaferConf(spark.databricks.delta.uniform.ingress.autoRefresh.enabled,true,1765390123,250121205542271,2,None,None,List()), SaferConf(spark.databricks.delta.skipping.experimentalFilters.validationRate,0.0,1768533942,250616143539557,33,None,None,List()), SaferConf(spark.databricks.abTesting.supportNonDeltaFileFormat,false,1752692742,250716092042961,1,None,None,List()), SaferConf(spark.databricks.cloudFiles.cleanSource.enabled,true,1753748247,250321174915957,6,None,None,List()), SaferConf(spark.databricks.sql.functions.aiFunctions.remoteHttpClient.timeoutInSeconds,360,1749084866,241011231000692,4,None,None,List()), SaferConf(spark.databricks.sqlservice.history.multiBatchProfileEnabled,true,1745259919,250109211140045,1,None,None,List()), SaferConf(spark.databricks.sql.functions.aiFunctions.createBatchSessionOnExecutor,false,1757620944,250910194519740,2,None,None,List()), SaferConf(spark.databricks.adaptive.dpp.explicitSchedulingOfBuildProbeSides,true,1764786215,241207003424486,1,None,None,List()), SaferConf(spark.databricks.sql.optimizer.statisticsOnLoadForStructWithString.enabled,true,1768433012,250124194306522,1,None,None,List()), SaferConf(spark.databricks.unityCatalog.glue.federation.enabled,true,1737164978,250116114153565,1,None,None,List()), SaferConf(spark.databricks.delta.uniform.ingress.enableOnFederation,true,1765390123,250118155344763,2,None,None,List()), SaferConf(spark.databricks.delta.merge.disableSourceMaterializationNotAllowed,true,1761939217,250429083126347,2,None,None,List()), SaferConf(spark.databricks.delta.universalFormatCompatibility.postCommitRefresh.enabled,true,1759884584,250429173318898,3,None,None,List()), SaferConf(spark.databricks.sql.optimizer.collectTableStatisticsOnDataLoad.enabled,true,1768522734,230706062431994,1,None,None,List()), SaferConf(spark.databricks.sql.functions.aiFunctions.adaptiveThreadPool.threadKeepAliveTimeInSeconds,600,1749084866,241011183119413,1,None,None,List()), SaferConf(spark.databricks.internalHms.hmshandler.retry.attempts,3,1760454864,251006223017894,1,None,None,List()), SaferConf(spark.databricks.sql.functions.aiFunctions.model.parameters.enabled,true,1749084866,250113140419887,1,None,None,List()), SaferConf(spark.databricks.sql.functions.aiFunctions.adaptiveThreadPool.dynamicPoolSizeEnabled,false,1749084866,250220043055429,2,None,None,List()), SaferConf(spark.databricks.cloudFiles.rocksDB.wal.readerCoordination.enabled,false,1760397272,250902203352846,3,None,None,List()), SaferConf(spark.databricks.photon.jniStringToDecimal,false,1752775522,241115171427019,2,None,None,List())) from /databricks/driver/conf/dynamicSparkConfig.conf, version 1768565233365
26/01/16 13:04:48 INFO LibraryResolutionManager: Preferred maven central mirror is configured to https://maven-central.storage-download.googleapis.com/maven2/
26/01/16 13:04:48 WARN OutgoingDirectNotebookBufferRateLimiter$: No value specified for db-outgoing-buffer-throttler-burst. Using default: 100000000000
26/01/16 13:04:48 WARN OutgoingDirectNotebookBufferRateLimiter$: No value specified for db-outgoing-buffer-throttler-steady-rate. Using default: 6000000000
26/01/16 13:04:48 WARN OutgoingDirectNotebookBufferRateLimiter$: No value specified for db-outgoing-buffer-throttler-warning-interval-sec. Using default: 60
26/01/16 13:04:48 INFO DriverCorral: Created the driver context
26/01/16 13:04:48 INFO StateStoreCoordinatorRef: Registered StateStoreCoordinator endpoint
26/01/16 13:04:48 INFO ContextHandler: Started o.e.j.s.ServletContextHandler@34cddd09{/StreamingQuery,null,AVAILABLE,@Spark}
26/01/16 13:04:48 INFO ContextHandler: Started o.e.j.s.ServletContextHandler@8742566{/StreamingQuery/json,null,AVAILABLE,@Spark}
26/01/16 13:04:48 INFO ContextHandler: Started o.e.j.s.ServletContextHandler@67114807{/StreamingQuery/statistics,null,AVAILABLE,@Spark}
26/01/16 13:04:48 INFO ContextHandler: Started o.e.j.s.ServletContextHandler@5ad3fba0{/StreamingQuery/statistics/json,null,AVAILABLE,@Spark}
26/01/16 13:04:48 INFO ContextHandler: Started o.e.j.s.ServletContextHandler@1773ace9{/static/sql,null,AVAILABLE,@Spark}
26/01/16 13:04:48 INFO DriverCorral: metastoreType: InternalMysqlMetastore(DbMetastoreConfig{host=consolidated-eastus2c3-prod-metastore-0.mysql.database.azure.com, port=9207, dbName=organization116288240407984, user=[REDACTED], proxyHost=consolidated-eastus2c3-prod-metastore-0.mysql.database.azure.com, proxyPort=9207, proxyUser=[REDACTED]}), enableMetastoreHealthCheck: true
26/01/16 13:04:48 INFO ColdStartReplFactory: REPL pool is disabled.
26/01/16 13:04:48 INFO ShutdownHookManager$: Adding shutdown hook with priority=200, defined at com.databricks.backend.daemon.driver.DriverDaemon
26/01/16 13:04:48 INFO DriverDaemon: Created driver corral backend
26/01/16 13:04:48 INFO DriverDaemon: Creating driver corral server
26/01/16 13:04:48 INFO JettyServer$: Creating thread pool with name ...
26/01/16 13:04:48 INFO JettyServer$: Thread pool created
26/01/16 13:04:48 INFO DriverDaemon: Created driver corral server
26/01/16 13:04:48 INFO DriverDaemon: Creating comm channel server
26/01/16 13:04:48 INFO JettyServer$: Creating thread pool with name ...
26/01/16 13:04:48 INFO JettyServer$: Thread pool created
26/01/16 13:04:49 INFO DriverDaemon: Created comm channel server
26/01/16 13:04:49 INFO DriverDaemon$: Finished creating driver daemon
26/01/16 13:04:49 INFO DriverDaemon: Starting driver daemon...
26/01/16 13:04:49 INFO DriverDaemon: Killing all orphaned Scala kernel processes at driver startup
26/01/16 13:04:49 WARN SparkConfUtils$: Setting the same key twice for spark.hadoop.hive.server2.keystore.path
26/01/16 13:04:49 WARN SparkConfUtils$: Skipping empty value for spark.hadoop.hive.server2.keystore.password
26/01/16 13:04:49 WARN SparkConfUtils$: Setting the same key twice for spark.databricks.io.directoryCommit.enableLogicalDelete
26/01/16 13:04:49 INFO SparkConfUtils$: Customize spark config according to file /tmp/custom-spark.conf
26/01/16 13:04:49 INFO DriverDaemon: Start refreshing on-creation SAFEr flags for Driver
26/01/16 13:04:49 INFO DriverDaemon: Successfully finished refreshing on-creation SAFEr flags for Driver
26/01/16 13:04:49 INFO DriverDaemon: Setting up driver daemon
26/01/16 13:04:49 INFO DriverDaemon$: Creating repl logs base directory: /databricks/repl-logs
26/01/16 13:04:50 INFO DriverDaemon$: Attempting to run: 'enable iptables restrictions for Python'
26/01/16 13:04:50 INFO DriverDaemon$: Attempting to run: 'set up filesystem permissions for Python'
26/01/16 13:04:53 INFO StandaloneSchedulerBackend$StandaloneDriverEndpoint: Registered executor NettyRpcEndpointRef(spark-client://Executor) (10.139.64.10:38544) with ID 0, cores 4, ResourceProfileId 0
26/01/16 13:04:53 INFO BlockManagerMasterEndpoint: Registering block manager 10.139.64.10:39785 with 3.6 GiB RAM, BlockManagerId(0, 10.139.64.10, 39785, None)
26/01/16 13:04:54 INFO StandaloneSchedulerBackend$StandaloneDriverEndpoint: 0 launched with 4 cores
26/01/16 13:05:07 INFO LocalSparkConnectService: Adjusted permissions on /databricks/sparkconnect/grpc.sock: chown:0 chmod:0
26/01/16 13:05:09 INFO DriverDaemon$: Attempting to run: 'set up secure ttyd daemon'
26/01/16 13:05:09 INFO DriverDaemon$: Attempting to run: 'set up git_agent daemon'
26/01/16 13:05:10 INFO DriverDaemon$: No user ID counter detected. Proceeding to set one up.
26/01/16 13:05:10 INFO DriverDaemon$: Finished setting up the user ID tracker.
26/01/16 13:05:10 INFO DriverDaemon: Finished setting up driver daemon
26/01/16 13:05:10 INFO SharedDriverContext: Waiting for NFS to be ready
26/01/16 13:05:10 INFO SharedDriverContext: Checking NFS path /local_disk0/.ephemeral_nfs exists
26/01/16 13:05:10 INFO SharedDriverContext: Wait for NFS success file: Success(335800 nanoseconds)
26/01/16 13:05:10 INFO DriverDaemon$: Setting up Python root env
26/01/16 13:05:10 INFO DriverDaemon$: Resetting the default python executable
26/01/16 13:05:10 INFO VirtualenvCloneHelper: Creating Python cluster virtualenv
26/01/16 13:05:10 INFO VirtualenvCloneHelper: Completed configuration of file permissions and ACL entries for environment root directories
26/01/16 13:05:10 INFO Utils: resolved command to be run: List(virtualenv, /local_disk0/.ephemeral_nfs/cluster_libraries/python, -p, /databricks/python/bin/python, --no-download, --no-setuptools, --no-wheel)
26/01/16 13:05:12 INFO PythonEnvCloneHelper$: Created python virtualenv: /local_disk0/.ephemeral_nfs/cluster_libraries/python
26/01/16 13:05:12 INFO Utils: resolved command to be run: List(/databricks/python/bin/python, -c, import sys;dirs=[p for p in sys.path if 'package' in p];print('__SITE_DELIMITER__'.join([f'import site;site.addsitedir(\"\"\"{path}\"\"\")' for path in dirs])))
26/01/16 13:05:12 INFO Utils: resolved command to be run: List(/local_disk0/.ephemeral_nfs/cluster_libraries/python/bin/python, -c, from sysconfig import get_path; print(get_path('purelib')))
26/01/16 13:05:12 INFO PythonEnvCloneHelper$: Created sites.pth at /local_disk0/.ephemeral_nfs/cluster_libraries/python/lib/python3.12/site-packages/sites.pth
26/01/16 13:05:12 INFO ClusterWidePythonEnvManager: Time spent creating Python cluster virtualenv is 2412 ms
26/01/16 13:05:12 INFO DriverDaemon$: Attempting to run: 'Update root virtualenv'
26/01/16 13:05:12 INFO ClusterWidePythonEnvManager: Registered /local_disk0/.ephemeral_nfs/cluster_libraries/python/lib/python3.12/site-packages with the WatchService sun.nio.fs.LinuxWatchService$LinuxWatchKey@4838362b (1 current watcher(s)).
26/01/16 13:05:12 INFO DriverDaemon$: Finished updating /etc/environment
26/01/16 13:05:12 INFO DriverDaemon$: Finished setting up Python root env
26/01/16 13:05:12 INFO ReplManagerImpl: Initializing REPL factories Set(generic)
26/01/16 13:05:12 INFO DriverDaemon$$anon$1: Thread to send message is ready
26/01/16 13:05:12 INFO NetstatUtil$: Running netstat -lnpt
26/01/16 13:05:12 INFO NetstatUtil$: netstat -lnpt
Active Internet connections (only servers)
Proto Recv-Q Send-Q Local Address           Foreign Address         State       PID/Program name    
tcp        0      0 0.0.0.0:22              0.0.0.0:*               LISTEN      1/init              
tcp        0      0 0.0.0.0:2812            0.0.0.0:*               LISTEN      74/monit            
tcp        0      0 127.0.0.53:53           0.0.0.0:*               LISTEN      63/systemd-resolved 
tcp        0      0 127.0.0.54:53           0.0.0.0:*               LISTEN      63/systemd-resolved 
tcp6       0      0 10.139.64.18:34795      :::*                    LISTEN      741/java            
tcp6       0      0 :::6060                 :::*                    LISTEN      367/java            
tcp6       0      0 :::15002                :::*                    LISTEN      741/java            
tcp6       0      0 :::7071                 :::*                    LISTEN      367/java            
tcp6       0      0 :::8001                 :::*                    LISTEN      219/goofys-dbr      
tcp6       0      0 :::22                   :::*                    LISTEN      1/init              
tcp6       0      0 :::1021                 :::*                    LISTEN      196/wsfs            
tcp6       0      0 :::1023                 :::*                    LISTEN      741/java            
tcp6       0      0 :::1017                 :::*                    LISTEN      196/wsfs            
tcp6       0      0 :::1015                 :::*                    LISTEN      219/goofys-dbr      
tcp6       0      0 :::10000                :::*                    LISTEN      741/java            
tcp6       0      0 10.139.64.18:40001      :::*                    LISTEN      741/java            
tcp6       0      0 10.139.64.18:40000      :::*                    LISTEN      500/java            
tcp6       0      0 :::2812                 :::*                    LISTEN      74/monit            
tcp6       0      0 10.139.64.18:38975      :::*                    LISTEN      741/java            
tcp6       0      0 10.139.64.18:7077       :::*                    LISTEN      500/java            

26/01/16 13:05:12 INFO Server: jetty-9.4.52.v20230823; built: 2023-08-23T19:29:37.669Z; git: abdcda73818a1a2c705da276edb0bf6581e7997e; jvm 17.0.16+8-LTS
26/01/16 13:05:12 INFO AbstractConnector: Started ServerConnector@59139fb7{HTTP/1.1, (http/1.1)}{0.0.0.0:6061}
26/01/16 13:05:12 INFO Server: Started @75453ms
26/01/16 13:05:12 INFO DriverDaemon: Setup private endpoints
26/01/16 13:05:12 INFO DriverDaemon: Finished setting up private endpoints
26/01/16 13:05:12 INFO DriverDaemon: Marking driver as assigned.
26/01/16 13:05:12 INFO Server: jetty-9.4.52.v20230823; built: 2023-08-23T19:29:37.669Z; git: abdcda73818a1a2c705da276edb0bf6581e7997e; jvm 17.0.16+8-LTS
26/01/16 13:05:12 INFO SslContextFactory: x509=X509@61fe8807(1,h=[az-eastus2-c3.workers.prod.ns.databricks.com],a=[],w=[]) for Server@6a6dd3d6[provider=null,keyStore=null,trustStore=null]
26/01/16 13:05:12 WARN config: Weak cipher suite TLS_ECDHE_RSA_WITH_AES_256_CBC_SHA enabled for Server@6a6dd3d6[provider=null,keyStore=null,trustStore=null]
26/01/16 13:05:12 WARN config: Weak cipher suite TLS_ECDHE_ECDSA_WITH_AES_256_CBC_SHA enabled for Server@6a6dd3d6[provider=null,keyStore=null,trustStore=null]
26/01/16 13:05:12 INFO AbstractConnector: Started ServerConnector@195aff0f{SSL, (ssl, http/1.1)}{0.0.0.0:6062}
26/01/16 13:05:12 INFO Server: Started @75513ms
26/01/16 13:05:12 INFO DriverDaemon: Started comm channel server
26/01/16 13:05:12 INFO DriverDaemon: Driver daemon started.
26/01/16 13:05:12 INFO ClusterStartupStepsLogger: Finished driver warm-up step: daemon start in 23878 ms
26/01/16 13:05:12 INFO DriverDaemon$: AppCDS archive is memory mapped: false
26/01/16 13:05:12 INFO DriverDaemon$: Logged AppCDS status in 5 ms
26/01/16 13:05:14 WARN DriverDaemon: ShouldUseAutoscalingInfo exception thrown, not logging stack trace. This is used for control flow and is ok to ignore
26/01/16 13:05:14 INFO Flags: verboseExceptionSampler: ExceptionSampler{rate-limit=10} (default)
26/01/16 13:05:14 INFO Flags: verboseExceptions: rate-limit=10 (default)
26/01/16 13:05:14 INFO Flags: preferredIpV4Addresses: * (default)
26/01/16 13:05:14 INFO Flags: verboseSocketExceptions: false (default)
26/01/16 13:05:14 INFO Flags: verboseResponses: false (default)
26/01/16 13:05:14 INFO Flags: requestContextStorageProvider: thread-local (default)
26/01/16 13:05:14 INFO Flags: warnNettyVersions: true (default)
26/01/16 13:05:14 INFO Flags: useEpoll: true (default)
26/01/16 13:05:14 INFO Flags: Using /dev/epoll
26/01/16 13:05:14 INFO Flags: transportType: EPOLL (default)
26/01/16 13:05:14 INFO Flags: maxNumConnections: 2147483647 (default)
26/01/16 13:05:14 INFO Flags: numCommonWorkers: 8 (default)
26/01/16 13:05:14 INFO Flags: numCommonBlockingTaskThreads: 200 (default)
26/01/16 13:05:14 INFO Flags: defaultMaxRequestLength: 10485760 (default)
26/01/16 13:05:14 INFO Flags: defaultMaxResponseLength: 10485760 (default)
26/01/16 13:05:14 INFO Flags: defaultRequestTimeoutMillis: 10000 (default)
26/01/16 13:05:14 INFO Flags: defaultResponseTimeoutMillis: 15000 (default)
26/01/16 13:05:14 INFO Flags: defaultConnectTimeoutMillis: 3200 (default)
26/01/16 13:05:14 INFO Flags: defaultWriteTimeoutMillis: 1000 (default)
26/01/16 13:05:14 INFO Flags: defaultServerIdleTimeoutMillis: 15000 (default)
26/01/16 13:05:14 INFO Flags: defaultClientIdleTimeoutMillis: 10000 (default)
26/01/16 13:05:14 INFO Flags: defaultPingIntervalMillis: 0 (default)
26/01/16 13:05:14 INFO Flags: defaultMaxServerNumRequestsPerConnection: 0 (default)
26/01/16 13:05:14 INFO Flags: defaultMaxClientNumRequestsPerConnection: 0 (default)
26/01/16 13:05:14 INFO Flags: defaultMaxServerConnectionAgeMillis: 0 (default)
26/01/16 13:05:14 INFO Flags: defaultMaxClientConnectionAgeMillis: 0 (default)
26/01/16 13:05:14 INFO Flags: defaultServerConnectionDrainDurationMicros: 1000000 (default)
26/01/16 13:05:14 INFO Flags: defaultHttp2InitialConnectionWindowSize: 1048576 (default)
26/01/16 13:05:14 INFO Flags: defaultHttp2InitialStreamWindowSize: 1048576 (default)
26/01/16 13:05:14 INFO Flags: defaultHttp2MaxFrameSize: 16384 (default)
26/01/16 13:05:14 INFO Flags: defaultHttp2MaxStreamsPerConnection: 2147483647 (default)
26/01/16 13:05:14 INFO Flags: defaultHttp2MaxHeaderListSize: 8192 (default)
26/01/16 13:05:14 INFO Flags: defaultHttp1MaxInitialLineLength: 4096 (default)
26/01/16 13:05:14 INFO Flags: defaultHttp1MaxHeaderSize: 8192 (default)
26/01/16 13:05:14 INFO Flags: defaultHttp1MaxChunkSize: 8192 (default)
26/01/16 13:05:14 INFO Flags: defaultUseHttp2Preface: true (default)
26/01/16 13:05:14 INFO Flags: defaultUseHttp1Pipelining: false (default)
26/01/16 13:05:14 INFO Flags: defaultBackoffSpec: exponential=200:10000,jitter=0.2 (default)
26/01/16 13:05:14 INFO Flags: defaultMaxTotalAttempts: 10 (default)
26/01/16 13:05:15 INFO Flags: routeCacheSpec: maximumSize=4096 (default)
26/01/16 13:05:15 INFO Flags: routeDecoratorCacheSpec: maximumSize=4096 (default)
26/01/16 13:05:15 INFO Flags: parsedPathCacheSpec: maximumSize=4096 (default)
26/01/16 13:05:15 INFO Flags: headerValueCacheSpec: maximumSize=4096 (default)
26/01/16 13:05:15 INFO Flags: cachedHeaders: [:authority, :scheme, :method, accept-encoding, content-type] (default)
26/01/16 13:05:15 INFO Flags: fileServiceCacheSpec: maximumSize=1024 (default)
26/01/16 13:05:15 INFO Flags: dnsCacheSpec: maximumSize=4096 (default)
26/01/16 13:05:15 INFO Flags: annotatedServiceExceptionVerbosity: unhandled (default)
26/01/16 13:05:15 INFO Flags: useJdkDnsResolver: false (default)
26/01/16 13:05:15 INFO Flags: reportBlockedEventLoop: true (default)
26/01/16 13:05:15 INFO Flags: reportMaskedRoutes: true (default)
26/01/16 13:05:15 INFO Flags: validateHeaders: true (default)
26/01/16 13:05:15 INFO Flags: tlsAllowUnsafeCiphers: false (default)
26/01/16 13:05:15 INFO Flags: transientServiceOptions: [] (default)
26/01/16 13:05:15 INFO Flags: useLegacyRouteDecoratorOrdering: false (default)
26/01/16 13:05:15 INFO Flags: useDefaultSocketOptions: true (default)
26/01/16 13:05:15 INFO Flags: allowDoubleDotsInQueryString: false (default)
26/01/16 13:05:15 INFO Flags: defaultMultipartUploadsLocation: /local_disk0/tmp/armeria/multipart-uploads (default)
26/01/16 13:05:15 INFO Flags: pathInstrumentor: com.databricks.rpc.armeria.DatabricksFlagsProvider$$anon$1@3225a3f9 (DatabricksFlagsProvider)
26/01/16 13:05:15 INFO DriverCorral: REPL ReplId-19bc6-e7c84-0 finished addReplToExecutionContext (1)
26/01/16 13:05:15 INFO ColdStartReplFactory: Cold-start repl creation for: sql, ReplInfo(driverReplId=ReplId-19bc6-e7c84-0, chauffeurReplId=ReplId-19bc6-e7c84-0,
 executionContextId=Some(ExecutionContextIdV2(0)), lazyInfoInitialized=true)
26/01/16 13:05:15 WARN SQLConf: The SQL config 'spark.sql.hive.convertCTAS' has been deprecated in Spark v3.1 and may be removed in the future. Set 'spark.sql.legacy.createHiveTableByDefault' to false instead.
26/01/16 13:05:15 WARN SQLConf: The SQL config 'spark.sql.hive.convertCTAS' has been deprecated in Spark v3.1 and may be removed in the future. Set 'spark.sql.legacy.createHiveTableByDefault' to false instead.
26/01/16 13:05:15 INFO DriverCorral$: Successfully created a user with ID 1002 for spark-084db65b-0387-40de-a953-63.
26/01/16 13:05:15 INFO DriverCorral: Loading the root classloader
26/01/16 13:05:15 INFO DriverCorral$ReplOuterWrapper: DriverWrapper created for REPL ReplInfo(driverReplId=ReplId-19bc6-e7c84-0, chauffeurReplId=ReplId-19bc6-e7c84-0,
 executionContextId=Some(ExecutionContextIdV2(0)), lazyInfoInitialized=true)
26/01/16 13:05:15 INFO DriverCorral: Adding repl ReplId-19bc6-e7c84-0 to execution context 0 (2)
26/01/16 13:05:15 INFO DriverCorral: StartReplOptions: 
26/01/16 13:05:15 INFO SQLDriverWrapper: REPL status transitioned to Starting ReplId-19bc6-e7c84-0 (3)
26/01/16 13:05:15 INFO SQLDriverWrapper: Starting ReplId-19bc6-e7c84-0 - driverStatus transitioned to Starting (4)
26/01/16 13:05:15 WARN DriverDaemon: ShouldUseAutoscalingInfo exception thrown, not logging stack trace. This is used for control flow and is ok to ignore
26/01/16 13:05:16 INFO SQLDriverWrapper: Driver instantiated for ReplId-19bc6-e7c84-0 (6)
26/01/16 13:05:16 INFO SQLDriverWrapper: REPL started but is idle: ReplInfo(driverReplId=ReplId-19bc6-e7c84-0, chauffeurReplId=ReplId-19bc6-e7c84-0,
 executionContextId=Some(ExecutionContextIdV2(0)), lazyInfoInitialized=true) (7)
26/01/16 13:05:16 INFO SQLDriverWrapper: setupRepl:ReplInfo(driverReplId=ReplId-19bc6-e7c84-0, chauffeurReplId=ReplId-19bc6-e7c84-0,
 executionContextId=Some(ExecutionContextIdV2(0)), lazyInfoInitialized=true): finished to load
26/01/16 13:05:16 INFO SQLDriverWrapper: Finished setting-up REPL ReplId-19bc6-e7c84-0, accepting commands (8)
26/01/16 13:05:16 INFO DriverCorral: REPL ReplId-19bc6-e7c84-1 finished addReplToExecutionContext (1)
26/01/16 13:05:16 INFO ColdStartReplFactory: Cold-start repl creation for: sql, ReplInfo(driverReplId=ReplId-19bc6-e7c84-1, chauffeurReplId=ReplId-19bc6-e7c84-1,
 executionContextId=Some(ExecutionContextIdV2(0)), lazyInfoInitialized=true)
26/01/16 13:05:16 INFO DriverCorral$ReplOuterWrapper: DriverWrapper created for REPL ReplInfo(driverReplId=ReplId-19bc6-e7c84-1, chauffeurReplId=ReplId-19bc6-e7c84-1,
 executionContextId=Some(ExecutionContextIdV2(0)), lazyInfoInitialized=true)
26/01/16 13:05:16 INFO DriverCorral: Adding repl ReplId-19bc6-e7c84-1 to execution context 0 (2)
26/01/16 13:05:16 INFO DriverCorral: StartReplOptions: 
26/01/16 13:05:16 INFO SQLDriverWrapper: REPL status transitioned to Starting ReplId-19bc6-e7c84-1 (3)
26/01/16 13:05:16 INFO SQLDriverWrapper: Starting ReplId-19bc6-e7c84-1 - driverStatus transitioned to Starting (4)
26/01/16 13:05:16 INFO SQLDriverWrapper: Driver instantiated for ReplId-19bc6-e7c84-1 (6)
26/01/16 13:05:16 INFO SQLDriverWrapper: REPL started but is idle: ReplInfo(driverReplId=ReplId-19bc6-e7c84-1, chauffeurReplId=ReplId-19bc6-e7c84-1,
 executionContextId=Some(ExecutionContextIdV2(0)), lazyInfoInitialized=true) (7)
26/01/16 13:05:16 INFO SQLDriverWrapper: setupRepl:ReplInfo(driverReplId=ReplId-19bc6-e7c84-1, chauffeurReplId=ReplId-19bc6-e7c84-1,
 executionContextId=Some(ExecutionContextIdV2(0)), lazyInfoInitialized=true): finished to load
26/01/16 13:05:16 INFO SQLDriverWrapper: Finished setting-up REPL ReplId-19bc6-e7c84-1, accepting commands (8)
26/01/16 13:05:16 INFO DriverCorral: REPL ReplId-19bc6-e7c84-2 finished addReplToExecutionContext (1)
26/01/16 13:05:16 INFO ColdStartReplFactory: Cold-start repl creation for: sql, ReplInfo(driverReplId=ReplId-19bc6-e7c84-2, chauffeurReplId=ReplId-19bc6-e7c84-2,
 executionContextId=Some(ExecutionContextIdV2(0)), lazyInfoInitialized=true)
26/01/16 13:05:16 INFO DriverCorral$ReplOuterWrapper: DriverWrapper created for REPL ReplInfo(driverReplId=ReplId-19bc6-e7c84-2, chauffeurReplId=ReplId-19bc6-e7c84-2,
 executionContextId=Some(ExecutionContextIdV2(0)), lazyInfoInitialized=true)
26/01/16 13:05:16 INFO DriverCorral: Adding repl ReplId-19bc6-e7c84-2 to execution context 0 (2)
26/01/16 13:05:16 INFO DriverCorral: StartReplOptions: 
26/01/16 13:05:16 INFO SQLDriverWrapper: REPL status transitioned to Starting ReplId-19bc6-e7c84-2 (3)
26/01/16 13:05:16 INFO SQLDriverWrapper: Starting ReplId-19bc6-e7c84-2 - driverStatus transitioned to Starting (4)
26/01/16 13:05:16 INFO SQLDriverWrapper: Driver instantiated for ReplId-19bc6-e7c84-2 (6)
26/01/16 13:05:16 INFO SQLDriverWrapper: REPL started but is idle: ReplInfo(driverReplId=ReplId-19bc6-e7c84-2, chauffeurReplId=ReplId-19bc6-e7c84-2,
 executionContextId=Some(ExecutionContextIdV2(0)), lazyInfoInitialized=true) (7)
26/01/16 13:05:16 INFO SQLDriverWrapper: setupRepl:ReplInfo(driverReplId=ReplId-19bc6-e7c84-2, chauffeurReplId=ReplId-19bc6-e7c84-2,
 executionContextId=Some(ExecutionContextIdV2(0)), lazyInfoInitialized=true): finished to load
26/01/16 13:05:16 INFO SQLDriverWrapper: Finished setting-up REPL ReplId-19bc6-e7c84-2, accepting commands (8)
26/01/16 13:05:16 INFO DriverCorral: REPL ReplId-19bc6-e7c84-3 finished addReplToExecutionContext (1)
26/01/16 13:05:16 INFO ColdStartReplFactory: Cold-start repl creation for: sql, ReplInfo(driverReplId=ReplId-19bc6-e7c84-3, chauffeurReplId=ReplId-19bc6-e7c84-3,
 executionContextId=Some(ExecutionContextIdV2(0)), lazyInfoInitialized=true)
26/01/16 13:05:16 INFO DriverCorral$ReplOuterWrapper: DriverWrapper created for REPL ReplInfo(driverReplId=ReplId-19bc6-e7c84-3, chauffeurReplId=ReplId-19bc6-e7c84-3,
 executionContextId=Some(ExecutionContextIdV2(0)), lazyInfoInitialized=true)
26/01/16 13:05:16 INFO DriverCorral: Adding repl ReplId-19bc6-e7c84-3 to execution context 0 (2)
26/01/16 13:05:16 INFO DriverCorral: StartReplOptions: 
26/01/16 13:05:16 INFO SQLDriverWrapper: REPL status transitioned to Starting ReplId-19bc6-e7c84-3 (3)
26/01/16 13:05:16 INFO SQLDriverWrapper: Starting ReplId-19bc6-e7c84-3 - driverStatus transitioned to Starting (4)
26/01/16 13:05:16 INFO SQLDriverWrapper: Driver instantiated for ReplId-19bc6-e7c84-3 (6)
26/01/16 13:05:16 INFO SQLDriverWrapper: REPL started but is idle: ReplInfo(driverReplId=ReplId-19bc6-e7c84-3, chauffeurReplId=ReplId-19bc6-e7c84-3,
 executionContextId=Some(ExecutionContextIdV2(0)), lazyInfoInitialized=true) (7)
26/01/16 13:05:16 INFO SQLDriverWrapper: setupRepl:ReplInfo(driverReplId=ReplId-19bc6-e7c84-3, chauffeurReplId=ReplId-19bc6-e7c84-3,
 executionContextId=Some(ExecutionContextIdV2(0)), lazyInfoInitialized=true): finished to load
26/01/16 13:05:16 INFO SQLDriverWrapper: Finished setting-up REPL ReplId-19bc6-e7c84-3, accepting commands (8)
26/01/16 13:05:16 INFO DriverCorral: REPL ReplId-19bc6-e7c84-4 finished addReplToExecutionContext (1)
26/01/16 13:05:16 INFO ColdStartReplFactory: Cold-start repl creation for: sql, ReplInfo(driverReplId=ReplId-19bc6-e7c84-4, chauffeurReplId=ReplId-19bc6-e7c84-4,
 executionContextId=Some(ExecutionContextIdV2(0)), lazyInfoInitialized=true)
26/01/16 13:05:16 INFO DriverCorral$ReplOuterWrapper: DriverWrapper created for REPL ReplInfo(driverReplId=ReplId-19bc6-e7c84-4, chauffeurReplId=ReplId-19bc6-e7c84-4,
 executionContextId=Some(ExecutionContextIdV2(0)), lazyInfoInitialized=true)
26/01/16 13:05:16 INFO DriverCorral: Adding repl ReplId-19bc6-e7c84-4 to execution context 0 (2)
26/01/16 13:05:16 INFO DriverCorral: StartReplOptions: 
26/01/16 13:05:16 INFO SQLDriverWrapper: REPL status transitioned to Starting ReplId-19bc6-e7c84-4 (3)
26/01/16 13:05:16 INFO SQLDriverWrapper: Starting ReplId-19bc6-e7c84-4 - driverStatus transitioned to Starting (4)
26/01/16 13:05:16 INFO SQLDriverWrapper: Driver instantiated for ReplId-19bc6-e7c84-4 (6)
26/01/16 13:05:16 INFO SQLDriverWrapper: REPL started but is idle: ReplInfo(driverReplId=ReplId-19bc6-e7c84-4, chauffeurReplId=ReplId-19bc6-e7c84-4,
 executionContextId=Some(ExecutionContextIdV2(0)), lazyInfoInitialized=true) (7)
26/01/16 13:05:16 INFO SQLDriverWrapper: setupRepl:ReplInfo(driverReplId=ReplId-19bc6-e7c84-4, chauffeurReplId=ReplId-19bc6-e7c84-4,
 executionContextId=Some(ExecutionContextIdV2(0)), lazyInfoInitialized=true): finished to load
26/01/16 13:05:16 INFO SQLDriverWrapper: Finished setting-up REPL ReplId-19bc6-e7c84-4, accepting commands (8)
26/01/16 13:05:19 INFO CommChannelWebSocket: [session: 1965712499] onWebSocketConnect with headers: {Accept-Encoding=[gzip], Cache-Control=[no-cache], Connection=[Upgrade], DB-Outgoing-Buffer-Throttler-Burst=[60000000], DB-Outgoing-Buffer-Throttler-Steady-Rate=[6000000], DB-Outgoing-Buffer-Throttler-Warning-Interval-Sec=[60], dnc-connection-safe-flags=[enableLSPGoToDefinitionOnModule_v2=true;enableWSFSPythonModulePeek=false;jediAutoImportModulesList=asyncio,numpy,pandas,pyspark,pyspark.ml,pyspark.sql,seaborn,urllib3;], Host=[10.139.64.18:6062], Pragma=[no-cache], Proxied=[true], Sec-WebSocket-Key=[dvwkQjLixOxJcW4ydjxz3g==], Sec-WebSocket-Version=[13], Upgrade=[websocket], User-Agent=[Jetty/9.4.58.v20250814]}
26/01/16 13:05:19 INFO OutgoingDirectNotebookMessageBuffer: [session: 1965712499] Start MessageSendTask
26/01/16 13:05:20 ERROR DriverCorral: Invalid executionContextId: MessagePacket(jupyter_message,Metadata(None,Some(kernel_info_request),Some(2348817320275328),Some(0308-151607-btdoodbb),Some(3097197893044697513),None,Some(CommandContext(...)),Some(Map(jupyter-message-viewer-enabled -> false))),MessagePayload(Map(),Some(control),Some(Header(Some(kernel_info_request),Some(18ca4385-7257-47ea-a015-11df24f75978),Some(databricksnbid:2348817320275328),Some(),Some(2026-01-16T13:05:10.292Z),Some(5.4))),None,Map(),List()),null)
26/01/16 13:05:36 INFO DriverCorral: [Thread 213] AttachLibraries - candidate libraries: List(file:/Workspace/Repos/ConnectData/PRD/libraries/dist/connect_data-last_version-py3-none-any.whl)
26/01/16 13:05:36 INFO SparkContext: Library installation started
26/01/16 13:05:36 INFO DriverCorral: [Thread 213] AttachLibraries - new libraries to install (including resolved dependencies): List(file:/Workspace/Repos/ConnectData/PRD/libraries/dist/connect_data-last_version-py3-none-any.whl)
26/01/16 13:05:36 INFO SparkContext: Library installation completed
26/01/16 13:05:36 INFO SharedDriverContext: [Thread 213] attachLibrariesToSpark file:/Workspace/Repos/ConnectData/PRD/libraries/dist/connect_data-last_version-py3-none-any.whl
26/01/16 13:05:36 INFO SharedDriverContext: Attaching Python lib: file:/Workspace/Repos/ConnectData/PRD/libraries/dist/connect_data-last_version-py3-none-any.whl to clusterwide nfs path
26/01/16 13:05:36 INFO LibraryDownloadManager: Downloading a library that was not in the cache: file:/Workspace/Repos/ConnectData/PRD/libraries/dist/connect_data-last_version-py3-none-any.whl
26/01/16 13:05:36 INFO LibraryDownloadManager: Attempt 1: wait until library file:/Workspace/Repos/ConnectData/PRD/libraries/dist/connect_data-last_version-py3-none-any.whl is downloaded
26/01/16 13:05:36 INFO LibraryDownloadManager: Preparing to download library file using the default access mechanism: file:/Workspace/Repos/ConnectData/PRD/libraries/dist/connect_data-last_version-py3-none-any.whl
26/01/16 13:05:37 WARN WsfsHttpClient: Host http://node.host.local does not exist: java.net.UnknownHostException: node.host.local: Name or service not known
26/01/16 13:05:38 INFO LibraryDownloadManager: Downloaded library file:/Workspace/Repos/ConnectData/PRD/libraries/dist/connect_data-last_version-py3-none-any.whl as local file /local_disk0/tmp/addedFile03e36990922f4eeb8d0af13275c2327e13620449975698564337/connect_data-last_version-py3-none-any.whl in 1305 milliseconds
26/01/16 13:05:38 INFO SharedDriverContext: Installing whl file from /local_disk0/tmp/addedFile03e36990922f4eeb8d0af13275c2327e13620449975698564337/connect_data-last_version-py3-none-any.whl
26/01/16 13:05:38 INFO Utils: resolved command to be run: List(/bin/su, libraries, -c, bash /local_disk0/.ephemeral_nfs/cluster_libraries/python/python_start_clusterwide.sh /local_disk0/.ephemeral_nfs/cluster_libraries/python/bin/pip install --upgrade /local_disk0/tmp/addedFile03e36990922f4eeb8d0af13275c2327e13620449975698564337/connect_data-last_version-py3-none-any.whl --disable-pip-version-check)
26/01/16 13:05:48 INFO DatabricksILoop$: Received SAFEr configs with version 1768565233365
26/01/16 13:06:08 INFO DriverCorral: [Thread 210] AttachLibraries - candidate libraries: List(file:/Workspace/Repos/ConnectData/PRD/libraries/dist/connect_data-last_version-py3-none-any.whl)
26/01/16 13:06:08 INFO SparkContext: Library installation completed
26/01/16 13:06:08 INFO DriverCorral: [Thread 210] AttachLibraries - new libraries to install (including resolved dependencies): List()
26/01/16 13:06:11 ERROR DriverCorral: Invalid executionContextId: MessagePacket(jupyter_message,Metadata(None,Some(kernel_info_request),Some(1115877656785222),Some(0308-151607-btdoodbb),Some(3156683065187494928),None,Some(CommandContext(...)),Some(Map(jupyter-message-viewer-enabled -> false))),MessagePayload(Map(),Some(control),Some(Header(Some(kernel_info_request),Some(e0164d0d-c419-46d7-9100-49d28ee99719),Some(databricksnbid:1115877656785222),Some(),Some(2026-01-16T13:06:11.877Z),Some(5.4))),None,Map(),List()),null)
26/01/16 13:06:21 ERROR DriverCorral: Invalid executionContextId: MessagePacket(jupyter_message,Metadata(None,Some(kernel_info_request),Some(1115877656785222),Some(0308-151607-btdoodbb),Some(3156683065187494928),None,Some(CommandContext(...)),Some(Map(jupyter-message-viewer-enabled -> false))),MessagePayload(Map(),Some(control),Some(Header(Some(kernel_info_request),Some(07fb102a-5e26-46c9-8a45-723c09d4bf0d),Some(databricksnbid:1115877656785222),Some(),Some(2026-01-16T13:06:21.883Z),Some(5.4))),None,Map(),List()),null)
26/01/16 13:06:31 ERROR DriverCorral: Invalid executionContextId: MessagePacket(jupyter_message,Metadata(None,Some(kernel_info_request),Some(1115877656785222),Some(0308-151607-btdoodbb),Some(3156683065187494928),None,Some(CommandContext(...)),Some(Map(jupyter-message-viewer-enabled -> false))),MessagePayload(Map(),Some(control),Some(Header(Some(kernel_info_request),Some(0fdf4614-5767-4aa2-a221-39a4ff6df1a3),Some(databricksnbid:1115877656785222),Some(),Some(2026-01-16T13:06:31.899Z),Some(5.4))),None,Map(),List()),null)
26/01/16 13:06:41 ERROR DriverCorral: Invalid executionContextId: MessagePacket(jupyter_message,Metadata(None,Some(kernel_info_request),Some(1115877656785222),Some(0308-151607-btdoodbb),Some(3156683065187494928),None,Some(CommandContext(...)),Some(Map(jupyter-message-viewer-enabled -> false))),MessagePayload(Map(),Some(control),Some(Header(Some(kernel_info_request),Some(5ec94166-f7bf-480e-b083-8d493efc4cd0),Some(databricksnbid:1115877656785222),Some(),Some(2026-01-16T13:06:41.909Z),Some(5.4))),None,Map(),List()),null)
26/01/16 13:06:48 INFO DatabricksILoop$: Received SAFEr configs with version 1768565233365
26/01/16 13:06:51 ERROR DriverCorral: Invalid executionContextId: MessagePacket(jupyter_message,Metadata(None,Some(kernel_info_request),Some(1115877656785222),Some(0308-151607-btdoodbb),Some(3156683065187494928),None,Some(CommandContext(...)),Some(Map(jupyter-message-viewer-enabled -> false))),MessagePayload(Map(),Some(control),Some(Header(Some(kernel_info_request),Some(740efd45-0090-4940-8446-78527cf638c1),Some(databricksnbid:1115877656785222),Some(),Some(2026-01-16T13:06:51.923Z),Some(5.4))),None,Map(),List()),null)
26/01/16 13:06:51 INFO LibraryUtils$: Successfully installed library file:/Workspace/Repos/ConnectData/PRD/libraries/dist/connect_data-last_version-py3-none-any.whl on cluster with output:
Processing /local_disk0/tmp/addedFile03e36990922f4eeb8d0af13275c2327e13620449975698564337/connect_data-last_version-py3-none-any.whl
Collecting tqdm==4.67.1 (from connect-data==last-version)
  Downloading tqdm-4.67.1-py3-none-any.whl.metadata (57 kB)
     ━━━━━━━━━━━━━━━━━━━━━━━━━━━━━━━━━━━━━━━━ 57.7/57.7 kB 1.9 MB/s eta 0:00:00
Collecting loguru==0.7.3 (from connect-data==last-version)
  Downloading loguru-0.7.3-py3-none-any.whl.metadata (22 kB)
Collecting behave==1.2.6 (from connect-data==last-version)
  Downloading behave-1.2.6-py2.py3-none-any.whl.metadata (6.4 kB)
Collecting behave-pandas==0.5.0 (from connect-data==last-version)
  Downloading behave_pandas-0.5.0-py3-none-any.whl.metadata (4.0 kB)
Collecting pandas-market-calendars==4.6.1 (from connect-data==last-version)
  Downloading pandas_market_calendars-4.6.1-py3-none-any.whl.metadata (9.5 kB)
Collecting langchain==0.2.12 (from connect-data==last-version)
  Downloading langchain-0.2.12-py3-none-any.whl.metadata (7.1 kB)
Collecting langchain-core==0.2.28 (from connect-data==last-version)
  Downloading langchain_core-0.2.28-py3-none-any.whl.metadata (6.2 kB)
Collecting langchain-community==0.2.11 (from connect-data==last-version)
  Downloading langchain_community-0.2.11-py3-none-any.whl.metadata (2.7 kB)
Collecting faiss-cpu==1.11.0 (from connect-data==last-version)
  Downloading faiss_cpu-1.11.0-cp312-cp312-manylinux_2_28_x86_64.whl.metadata (4.8 kB)
Collecting mlflow==3.7.0 (from connect-data==last-version)
  Downloading mlflow-3.7.0-py3-none-any.whl.metadata (31 kB)
Collecting asyncio-pool==0.6.0 (from connect-data==last-version)
  Downloading asyncio_pool-0.6.0-py3-none-any.whl.metadata (1.2 kB)
Collecting inflection==0.5.1 (from connect-data==last-version)
  Downloading inflection-0.5.1-py2.py3-none-any.whl.metadata (1.7 kB)
Collecting adlfs==2024.12.0 (from connect-data==last-version)
  Downloading adlfs-2024.12.0-py3-none-any.whl.metadata (7.7 kB)
Collecting fsspec==2025.3.0 (from connect-data==last-version)
  Downloading fsspec-2025.3.0-py3-none-any.whl.metadata (11 kB)
Collecting sqlglot==26.13.2 (from sqlglot[rs]==26.13.2->connect-data==last-version)
  Downloading sqlglot-26.13.2-py3-none-any.whl.metadata (20 kB)
Collecting json-repair==0.44.1 (from connect-data==last-version)
  Downloading json_repair-0.44.1-py3-none-any.whl.metadata (12 kB)
Collecting PyYAML==6.0.2 (from connect-data==last-version)
  Downloading PyYAML-6.0.2-cp312-cp312-manylinux_2_17_x86_64.manylinux2014_x86_64.whl.metadata (2.1 kB)
Collecting databricks-sql-connector==4.0.5 (from connect-data==last-version)
  Downloading databricks_sql_connector-4.0.5-py3-none-any.whl.metadata (5.0 kB)
Collecting selenium==4.34.2 (from connect-data==last-version)
  Downloading selenium-4.34.2-py3-none-any.whl.metadata (7.5 kB)
Collecting chromedriver-binary==138.0.7204.92.0 (from connect-data==last-version)
  Downloading chromedriver_binary-138.0.7204.92.0.tar.gz (5.6 kB)
  Preparing metadata (setup.py): started
  Preparing metadata (setup.py): finished with status 'done'
Collecting dateparser==1.2.2 (from connect-data==last-version)
  Downloading dateparser-1.2.2-py3-none-any.whl.metadata (29 kB)
Collecting Office365-REST-Python-Client==2.5.14 (from connect-data==last-version)
  Downloading Office365_REST_Python_Client-2.5.14-py3-none-any.whl.metadata (18 kB)
Collecting xlsxwriter==3.2.5 (from connect-data==last-version)
  Downloading xlsxwriter-3.2.5-py3-none-any.whl.metadata (2.7 kB)
Collecting openpyxl==3.1.5 (from connect-data==last-version)
  Downloading openpyxl-3.1.5-py2.py3-none-any.whl.metadata (2.5 kB)
Requirement already satisfied: azure-core<2.0.0,>=1.28.0 in /databricks/python/lib/python3.12/site-packages (from adlfs==2024.12.0->connect-data==last-version) (1.31.0)
Collecting azure-datalake-store<0.1,>=0.0.53 (from adlfs==2024.12.0->connect-data==last-version)
  Downloading azure_datalake_store-0.0.53-py2.py3-none-any.whl.metadata (19 kB)
Collecting azure-identity (from adlfs==2024.12.0->connect-data==last-version)
  Downloading azure_identity-1.25.1-py3-none-any.whl.metadata (88 kB)
     ━━━━━━━━━━━━━━━━━━━━━━━━━━━━━━━━━━━━━━━━ 88.5/88.5 kB 3.2 MB/s eta 0:00:00
Requirement already satisfied: azure-storage-blob>=12.17.0 in /databricks/python/lib/python3.12/site-packages (from adlfs==2024.12.0->connect-data==last-version) (12.23.0)
Collecting aiohttp>=3.7.0 (from adlfs==2024.12.0->connect-data==last-version)
  Downloading aiohttp-3.13.3-cp312-cp312-manylinux2014_x86_64.manylinux_2_17_x86_64.manylinux_2_28_x86_64.whl.metadata (8.1 kB)
Collecting parse>=1.8.2 (from behave==1.2.6->connect-data==last-version)
  Downloading parse-1.20.2-py2.py3-none-any.whl.metadata (22 kB)
Collecting parse-type>=0.4.2 (from behave==1.2.6->connect-data==last-version)
  Downloading parse_type-0.6.6-py2.py3-none-any.whl.metadata (12 kB)
Requirement already satisfied: six>=1.11 in /usr/lib/python3/dist-packages (from behave==1.2.6->connect-data==last-version) (1.16.0)
Requirement already satisfied: pandas>=0.21 in /databricks/python/lib/python3.12/site-packages (from behave-pandas==0.5.0->connect-data==last-version) (1.5.3)
Collecting tabulate (from behave-pandas==0.5.0->connect-data==last-version)
  Downloading tabulate-0.9.0-py3-none-any.whl.metadata (34 kB)
Collecting lz4<5.0.0,>=4.0.2 (from databricks-sql-connector==4.0.5->connect-data==last-version)
  Downloading lz4-4.4.5-cp312-cp312-manylinux2014_x86_64.manylinux_2_17_x86_64.manylinux_2_28_x86_64.whl.metadata (3.8 kB)
Requirement already satisfied: oauthlib<4.0.0,>=3.1.0 in /usr/lib/python3/dist-packages (from databricks-sql-connector==4.0.5->connect-data==last-version) (3.2.2)
Requirement already satisfied: python-dateutil<3.0.0,>=2.8.0 in /databricks/python/lib/python3.12/site-packages (from databricks-sql-connector==4.0.5->connect-data==last-version) (2.9.0.post0)
Requirement already satisfied: requests<3.0.0,>=2.18.1 in /databricks/python/lib/python3.12/site-packages (from databricks-sql-connector==4.0.5->connect-data==last-version) (2.32.2)
Collecting thrift<0.21.0,>=0.16.0 (from databricks-sql-connector==4.0.5->connect-data==last-version)
  Downloading thrift-0.20.0.tar.gz (62 kB)
     ━━━━━━━━━━━━━━━━━━━━━━━━━━━━━━━━━━━━━━━━ 62.3/62.3 kB 2.7 MB/s eta 0:00:00
  Preparing metadata (setup.py): started
  Preparing metadata (setup.py): finished with status 'done'
Requirement already satisfied: urllib3>=1.26 in /databricks/python/lib/python3.12/site-packages (from databricks-sql-connector==4.0.5->connect-data==last-version) (1.26.16)
Collecting pytz>=2024.2 (from dateparser==1.2.2->connect-data==last-version)
  Downloading pytz-2025.2-py2.py3-none-any.whl.metadata (22 kB)
Collecting regex>=2024.9.11 (from dateparser==1.2.2->connect-data==last-version)
  Downloading regex-2026.1.15-cp312-cp312-manylinux2014_x86_64.manylinux_2_17_x86_64.manylinux_2_28_x86_64.whl.metadata (40 kB)
     ━━━━━━━━━━━━━━━━━━━━━━━━━━━━━━━━━━━━━━━━ 40.5/40.5 kB 1.3 MB/s eta 0:00:00
Collecting tzlocal>=0.2 (from dateparser==1.2.2->connect-data==last-version)
  Downloading tzlocal-5.3.1-py3-none-any.whl.metadata (7.6 kB)
Requirement already satisfied: numpy<3.0,>=1.25.0 in /databricks/python/lib/python3.12/site-packages (from faiss-cpu==1.11.0->connect-data==last-version) (1.26.4)
Requirement already satisfied: packaging in /databricks/python/lib/python3.12/site-packages (from faiss-cpu==1.11.0->connect-data==last-version) (24.1)
Collecting SQLAlchemy<3,>=1.4 (from langchain==0.2.12->connect-data==last-version)
  Downloading sqlalchemy-2.0.45-cp312-cp312-manylinux2014_x86_64.manylinux_2_17_x86_64.manylinux_2_28_x86_64.whl.metadata (9.5 kB)
Collecting langchain-text-splitters<0.3.0,>=0.2.0 (from langchain==0.2.12->connect-data==last-version)
  Downloading langchain_text_splitters-0.2.4-py3-none-any.whl.metadata (2.3 kB)
Collecting langsmith<0.2.0,>=0.1.17 (from langchain==0.2.12->connect-data==last-version)
  Downloading langsmith-0.1.147-py3-none-any.whl.metadata (14 kB)
Requirement already satisfied: pydantic<3,>=1 in /databricks/python/lib/python3.12/site-packages (from langchain==0.2.12->connect-data==last-version) (2.8.2)
Requirement already satisfied: tenacity!=8.4.0,<9.0.0,>=8.1.0 in /databricks/python/lib/python3.12/site-packages (from langchain==0.2.12->connect-data==last-version) (8.2.2)
Collecting dataclasses-json<0.7,>=0.5.7 (from langchain-community==0.2.11->connect-data==last-version)
  Downloading dataclasses_json-0.6.7-py3-none-any.whl.metadata (25 kB)
Collecting jsonpatch<2.0,>=1.33 (from langchain-core==0.2.28->connect-data==last-version)
  Downloading jsonpatch-1.33-py2.py3-none-any.whl.metadata (3.0 kB)
Requirement already satisfied: typing-extensions>=4.7 in /databricks/python/lib/python3.12/site-packages (from langchain-core==0.2.28->connect-data==last-version) (4.11.0)
Collecting mlflow-skinny==3.7.0 (from mlflow==3.7.0->connect-data==last-version)
  Downloading mlflow_skinny-3.7.0-py3-none-any.whl.metadata (31 kB)
Collecting mlflow-tracing==3.7.0 (from mlflow==3.7.0->connect-data==last-version)
  Downloading mlflow_tracing-3.7.0-py3-none-any.whl.metadata (19 kB)
Collecting Flask-CORS<7 (from mlflow==3.7.0->connect-data==last-version)
  Downloading flask_cors-6.0.2-py3-none-any.whl.metadata (5.3 kB)
Collecting Flask<4 (from mlflow==3.7.0->connect-data==last-version)
  Downloading flask-3.1.2-py3-none-any.whl.metadata (3.2 kB)
Collecting alembic!=1.10.0,<2 (from mlflow==3.7.0->connect-data==last-version)
  Downloading alembic-1.18.1-py3-none-any.whl.metadata (7.2 kB)
Collecting cryptography<47,>=43.0.0 (from mlflow==3.7.0->connect-data==last-version)
  Downloading cryptography-46.0.3-cp311-abi3-manylinux_2_34_x86_64.whl.metadata (5.7 kB)
Collecting docker<8,>=4.0.0 (from mlflow==3.7.0->connect-data==last-version)
  Downloading docker-7.1.0-py3-none-any.whl.metadata (3.8 kB)
Collecting graphene<4 (from mlflow==3.7.0->connect-data==last-version)
  Downloading graphene-3.4.3-py2.py3-none-any.whl.metadata (6.9 kB)
Collecting gunicorn<24 (from mlflow==3.7.0->connect-data==last-version)
  Downloading gunicorn-23.0.0-py3-none-any.whl.metadata (4.4 kB)
Collecting huey<3,>=2.5.0 (from mlflow==3.7.0->connect-data==last-version)
  Downloading huey-2.6.0-py3-none-any.whl.metadata (4.3 kB)
Requirement already satisfied: matplotlib<4 in /databricks/python/lib/python3.12/site-packages (from mlflow==3.7.0->connect-data==last-version) (3.8.4)
Requirement already satisfied: pyarrow<23,>=4.0.0 in /databricks/python/lib/python3.12/site-packages (from mlflow==3.7.0->connect-data==last-version) (15.0.2)
Requirement already satisfied: scikit-learn<2 in /databricks/python/lib/python3.12/site-packages (from mlflow==3.7.0->connect-data==last-version) (1.4.2)
Requirement already satisfied: scipy<2 in /databricks/python/lib/python3.12/site-packages (from mlflow==3.7.0->connect-data==last-version) (1.13.1)
Collecting msal (from Office365-REST-Python-Client==2.5.14->connect-data==last-version)
  Downloading msal-1.34.0-py3-none-any.whl.metadata (11 kB)
Collecting et-xmlfile (from openpyxl==3.1.5->connect-data==last-version)
  Downloading et_xmlfile-2.0.0-py3-none-any.whl.metadata (2.7 kB)
Collecting exchange-calendars>=3.3 (from pandas-market-calendars==4.6.1->connect-data==last-version)
  Downloading exchange_calendars-4.12-py3-none-any.whl.metadata (26 kB)
Collecting urllib3>=1.26 (from databricks-sql-connector==4.0.5->connect-data==last-version)
  Downloading urllib3-2.5.0-py3-none-any.whl.metadata (6.5 kB)
Collecting trio~=0.30.0 (from selenium==4.34.2->connect-data==last-version)
  Downloading trio-0.30.0-py3-none-any.whl.metadata (8.5 kB)
Collecting trio-websocket~=0.12.2 (from selenium==4.34.2->connect-data==last-version)
  Downloading trio_websocket-0.12.2-py3-none-any.whl.metadata (5.1 kB)
Collecting certifi>=2025.6.15 (from selenium==4.34.2->connect-data==last-version)
  Downloading certifi-2026.1.4-py3-none-any.whl.metadata (2.5 kB)
Collecting typing-extensions>=4.7 (from langchain-core==0.2.28->connect-data==last-version)
  Downloading typing_extensions-4.14.1-py3-none-any.whl.metadata (3.0 kB)
Collecting websocket-client~=1.8.0 (from selenium==4.34.2->connect-data==last-version)
  Downloading websocket_client-1.8.0-py3-none-any.whl.metadata (8.0 kB)
Collecting sqlglotrs==0.4.0 (from sqlglot[rs]==26.13.2->connect-data==last-version)
  Downloading sqlglotrs-0.4.0-cp312-cp312-manylinux_2_17_x86_64.manylinux2014_x86_64.whl.metadata (545 bytes)
Requirement already satisfied: cachetools<7,>=5.0.0 in /databricks/python/lib/python3.12/site-packages (from mlflow-skinny==3.7.0->mlflow==3.7.0->connect-data==last-version) (5.3.3)
Requirement already satisfied: click<9,>=7.0 in /databricks/python/lib/python3.12/site-packages (from mlflow-skinny==3.7.0->mlflow==3.7.0->connect-data==last-version) (8.1.7)
Requirement already satisfied: cloudpickle<4 in /databricks/python/lib/python3.12/site-packages (from mlflow-skinny==3.7.0->mlflow==3.7.0->connect-data==last-version) (2.2.1)
Requirement already satisfied: databricks-sdk<1,>=0.20.0 in /databricks/python/lib/python3.12/site-packages (from mlflow-skinny==3.7.0->mlflow==3.7.0->connect-data==last-version) (0.30.0)
Collecting fastapi<1 (from mlflow-skinny==3.7.0->mlflow==3.7.0->connect-data==last-version)
  Downloading fastapi-0.128.0-py3-none-any.whl.metadata (30 kB)
Requirement already satisfied: gitpython<4,>=3.1.9 in /databricks/python/lib/python3.12/site-packages (from mlflow-skinny==3.7.0->mlflow==3.7.0->connect-data==last-version) (3.1.37)
Requirement already satisfied: importlib_metadata!=4.7.0,<9,>=3.7.0 in /databricks/python/lib/python3.12/site-packages (from mlflow-skinny==3.7.0->mlflow==3.7.0->connect-data==last-version) (6.0.0)
Requirement already satisfied: opentelemetry-api<3,>=1.9.0 in /databricks/python/lib/python3.12/site-packages (from mlflow-skinny==3.7.0->mlflow==3.7.0->connect-data==last-version) (1.27.0)
Collecting opentelemetry-proto<3,>=1.9.0 (from mlflow-skinny==3.7.0->mlflow==3.7.0->connect-data==last-version)
  Downloading opentelemetry_proto-1.39.1-py3-none-any.whl.metadata (2.3 kB)
Requirement already satisfied: opentelemetry-sdk<3,>=1.9.0 in /databricks/python/lib/python3.12/site-packages (from mlflow-skinny==3.7.0->mlflow==3.7.0->connect-data==last-version) (1.27.0)
Requirement already satisfied: protobuf<7,>=3.12.0 in /databricks/python/lib/python3.12/site-packages (from mlflow-skinny==3.7.0->mlflow==3.7.0->connect-data==last-version) (4.24.1)
Collecting python-dotenv<2,>=0.19.0 (from mlflow-skinny==3.7.0->mlflow==3.7.0->connect-data==last-version)
  Downloading python_dotenv-1.2.1-py3-none-any.whl.metadata (25 kB)
Requirement already satisfied: sqlparse<1,>=0.4.0 in /databricks/python/lib/python3.12/site-packages (from mlflow-skinny==3.7.0->mlflow==3.7.0->connect-data==last-version) (0.5.1)
Collecting uvicorn<1 (from mlflow-skinny==3.7.0->mlflow==3.7.0->connect-data==last-version)
  Downloading uvicorn-0.40.0-py3-none-any.whl.metadata (6.7 kB)
Collecting aiohappyeyeballs>=2.5.0 (from aiohttp>=3.7.0->adlfs==2024.12.0->connect-data==last-version)
  Downloading aiohappyeyeballs-2.6.1-py3-none-any.whl.metadata (5.9 kB)
Collecting aiosignal>=1.4.0 (from aiohttp>=3.7.0->adlfs==2024.12.0->connect-data==last-version)
  Downloading aiosignal-1.4.0-py3-none-any.whl.metadata (3.7 kB)
Collecting attrs>=17.3.0 (from aiohttp>=3.7.0->adlfs==2024.12.0->connect-data==last-version)
  Downloading attrs-25.4.0-py3-none-any.whl.metadata (10 kB)
Collecting frozenlist>=1.1.1 (from aiohttp>=3.7.0->adlfs==2024.12.0->connect-data==last-version)
  Downloading frozenlist-1.8.0-cp312-cp312-manylinux1_x86_64.manylinux_2_28_x86_64.manylinux_2_5_x86_64.whl.metadata (20 kB)
Collecting multidict<7.0,>=4.5 (from aiohttp>=3.7.0->adlfs==2024.12.0->connect-data==last-version)
  Downloading multidict-6.7.0-cp312-cp312-manylinux2014_x86_64.manylinux_2_17_x86_64.manylinux_2_28_x86_64.whl.metadata (5.3 kB)
Collecting propcache>=0.2.0 (from aiohttp>=3.7.0->adlfs==2024.12.0->connect-data==last-version)
  Downloading propcache-0.4.1-cp312-cp312-manylinux2014_x86_64.manylinux_2_17_x86_64.manylinux_2_28_x86_64.whl.metadata (13 kB)
Collecting yarl<2.0,>=1.17.0 (from aiohttp>=3.7.0->adlfs==2024.12.0->connect-data==last-version)
  Downloading yarl-1.22.0-cp312-cp312-manylinux2014_x86_64.manylinux_2_17_x86_64.manylinux_2_28_x86_64.whl.metadata (75 kB)
     ━━━━━━━━━━━━━━━━━━━━━━━━━━━━━━━━━━━━━━━━ 75.1/75.1 kB 3.9 MB/s eta 0:00:00
Collecting Mako (from alembic!=1.10.0,<2->mlflow==3.7.0->connect-data==last-version)
  Downloading mako-1.3.10-py3-none-any.whl.metadata (2.9 kB)
Requirement already satisfied: cffi in /databricks/python/lib/python3.12/site-packages (from azure-datalake-store<0.1,>=0.0.53->adlfs==2024.12.0->connect-data==last-version) (1.16.0)
Requirement already satisfied: isodate>=0.6.1 in /databricks/python/lib/python3.12/site-packages (from azure-storage-blob>=12.17.0->adlfs==2024.12.0->connect-data==last-version) (0.6.1)
Collecting cffi (from azure-datalake-store<0.1,>=0.0.53->adlfs==2024.12.0->connect-data==last-version)
  Downloading cffi-2.0.0-cp312-cp312-manylinux2014_x86_64.manylinux_2_17_x86_64.whl.metadata (2.6 kB)
Collecting marshmallow<4.0.0,>=3.18.0 (from dataclasses-json<0.7,>=0.5.7->langchain-community==0.2.11->connect-data==last-version)
  Downloading marshmallow-3.26.2-py3-none-any.whl.metadata (7.3 kB)
Collecting typing-inspect<1,>=0.4.0 (from dataclasses-json<0.7,>=0.5.7->langchain-community==0.2.11->connect-data==last-version)
  Downloading typing_inspect-0.9.0-py3-none-any.whl.metadata (1.5 kB)
Collecting pyluach>=2.3.0 (from exchange-calendars>=3.3->pandas-market-calendars==4.6.1->connect-data==last-version)
  Downloading pyluach-2.3.0-py3-none-any.whl.metadata (4.3 kB)
Collecting toolz>=1.0.0 (from exchange-calendars>=3.3->pandas-market-calendars==4.6.1->connect-data==last-version)
  Downloading toolz-1.1.0-py3-none-any.whl.metadata (5.1 kB)
Collecting tzdata>=2025.2 (from exchange-calendars>=3.3->pandas-market-calendars==4.6.1->connect-data==last-version)
  Downloading tzdata-2025.3-py2.py3-none-any.whl.metadata (1.4 kB)
Collecting korean_lunar_calendar>=0.3.1 (from exchange-calendars>=3.3->pandas-market-calendars==4.6.1->connect-data==last-version)
  Downloading korean_lunar_calendar-0.3.1-py3-none-any.whl.metadata (2.8 kB)
Collecting blinker>=1.9.0 (from Flask<4->mlflow==3.7.0->connect-data==last-version)
  Downloading blinker-1.9.0-py3-none-any.whl.metadata (1.6 kB)
Collecting itsdangerous>=2.2.0 (from Flask<4->mlflow==3.7.0->connect-data==last-version)
  Downloading itsdangerous-2.2.0-py3-none-any.whl.metadata (1.9 kB)
Collecting jinja2>=3.1.2 (from Flask<4->mlflow==3.7.0->connect-data==last-version)
  Downloading jinja2-3.1.6-py3-none-any.whl.metadata (2.9 kB)
Collecting markupsafe>=2.1.1 (from Flask<4->mlflow==3.7.0->connect-data==last-version)
  Downloading markupsafe-3.0.3-cp312-cp312-manylinux2014_x86_64.manylinux_2_17_x86_64.manylinux_2_28_x86_64.whl.metadata (2.7 kB)
Collecting werkzeug>=3.1.0 (from Flask<4->mlflow==3.7.0->connect-data==last-version)
  Downloading werkzeug-3.1.5-py3-none-any.whl.metadata (4.0 kB)
Collecting graphql-core<3.3,>=3.1 (from graphene<4->mlflow==3.7.0->connect-data==last-version)
  Downloading graphql_core-3.2.7-py3-none-any.whl.metadata (11 kB)
Collecting graphql-relay<3.3,>=3.1 (from graphene<4->mlflow==3.7.0->connect-data==last-version)
  Downloading graphql_relay-3.2.0-py3-none-any.whl.metadata (12 kB)
Collecting jsonpointer>=1.9 (from jsonpatch<2.0,>=1.33->langchain-core==0.2.28->connect-data==last-version)
  Downloading jsonpointer-3.0.0-py2.py3-none-any.whl.metadata (2.3 kB)
INFO: pip is looking at multiple versions of langchain-text-splitters to determine which version is compatible with other requirements. This could take a while.
Collecting langchain-text-splitters<0.3.0,>=0.2.0 (from langchain==0.2.12->connect-data==last-version)
  Downloading langchain_text_splitters-0.2.2-py3-none-any.whl.metadata (2.1 kB)
Collecting httpx<1,>=0.23.0 (from langsmith<0.2.0,>=0.1.17->langchain==0.2.12->connect-data==last-version)
  Downloading httpx-0.28.1-py3-none-any.whl.metadata (7.1 kB)
Collecting orjson<4.0.0,>=3.9.14 (from langsmith<0.2.0,>=0.1.17->langchain==0.2.12->connect-data==last-version)
  Downloading orjson-3.11.5-cp312-cp312-manylinux_2_17_x86_64.manylinux2014_x86_64.whl.metadata (41 kB)
     ━━━━━━━━━━━━━━━━━━━━━━━━━━━━━━━━━━━━━━━━ 41.6/41.6 kB 2.5 MB/s eta 0:00:00
Collecting requests-toolbelt<2.0.0,>=1.0.0 (from langsmith<0.2.0,>=0.1.17->langchain==0.2.12->connect-data==last-version)
  Downloading requests_toolbelt-1.0.0-py2.py3-none-any.whl.metadata (14 kB)
Requirement already satisfied: contourpy>=1.0.1 in /databricks/python/lib/python3.12/site-packages (from matplotlib<4->mlflow==3.7.0->connect-data==last-version) (1.2.0)
Requirement already satisfied: cycler>=0.10 in /databricks/python/lib/python3.12/site-packages (from matplotlib<4->mlflow==3.7.0->connect-data==last-version) (0.11.0)
Requirement already satisfied: fonttools>=4.22.0 in /databricks/python/lib/python3.12/site-packages (from matplotlib<4->mlflow==3.7.0->connect-data==last-version) (4.51.0)
Requirement already satisfied: kiwisolver>=1.3.1 in /databricks/python/lib/python3.12/site-packages (from matplotlib<4->mlflow==3.7.0->connect-data==last-version) (1.4.4)
Requirement already satisfied: pillow>=8 in /databricks/python/lib/python3.12/site-packages (from matplotlib<4->mlflow==3.7.0->connect-data==last-version) (10.3.0)
Requirement already satisfied: pyparsing>=2.3.1 in /databricks/python/lib/python3.12/site-packages (from matplotlib<4->mlflow==3.7.0->connect-data==last-version) (3.0.9)
Requirement already satisfied: PyJWT<3,>=1.0.0 in /usr/lib/python3/dist-packages (from PyJWT[crypto]<3,>=1.0.0->msal->Office365-REST-Python-Client==2.5.14->connect-data==last-version) (2.7.0)
Requirement already satisfied: annotated-types>=0.4.0 in /databricks/python/lib/python3.12/site-packages (from pydantic<3,>=1->langchain==0.2.12->connect-data==last-version) (0.7.0)
Requirement already satisfied: pydantic-core==2.20.1 in /databricks/python/lib/python3.12/site-packages (from pydantic<3,>=1->langchain==0.2.12->connect-data==last-version) (2.20.1)
Requirement already satisfied: charset-normalizer<4,>=2 in /databricks/python/lib/python3.12/site-packages (from requests<3.0.0,>=2.18.1->databricks-sql-connector==4.0.5->connect-data==last-version) (2.0.4)
Requirement already satisfied: idna<4,>=2.5 in /databricks/python/lib/python3.12/site-packages (from requests<3.0.0,>=2.18.1->databricks-sql-connector==4.0.5->connect-data==last-version) (3.7)
Requirement already satisfied: joblib>=1.2.0 in /databricks/python/lib/python3.12/site-packages (from scikit-learn<2->mlflow==3.7.0->connect-data==last-version) (1.4.2)
Requirement already satisfied: threadpoolctl>=2.0.0 in /databricks/python/lib/python3.12/site-packages (from scikit-learn<2->mlflow==3.7.0->connect-data==last-version) (2.2.0)
Collecting greenlet>=1 (from SQLAlchemy<3,>=1.4->langchain==0.2.12->connect-data==last-version)
  Downloading greenlet-3.3.0-cp312-cp312-manylinux_2_24_x86_64.manylinux_2_28_x86_64.whl.metadata (4.1 kB)
Collecting sortedcontainers (from trio~=0.30.0->selenium==4.34.2->connect-data==last-version)
  Downloading sortedcontainers-2.4.0-py2.py3-none-any.whl.metadata (10 kB)
Collecting outcome (from trio~=0.30.0->selenium==4.34.2->connect-data==last-version)
  Downloading outcome-1.3.0.post0-py2.py3-none-any.whl.metadata (2.6 kB)
Collecting sniffio>=1.3.0 (from trio~=0.30.0->selenium==4.34.2->connect-data==last-version)
  Downloading sniffio-1.3.1-py3-none-any.whl.metadata (3.9 kB)
Collecting wsproto>=0.14 (from trio-websocket~=0.12.2->selenium==4.34.2->connect-data==last-version)
  Downloading wsproto-1.3.2-py3-none-any.whl.metadata (5.2 kB)
Collecting pysocks!=1.5.7,<2.0,>=1.5.6 (from urllib3[socks]~=2.5.0->selenium==4.34.2->connect-data==last-version)
  Downloading PySocks-1.7.1-py3-none-any.whl.metadata (13 kB)
Collecting msal-extensions>=1.2.0 (from azure-identity->adlfs==2024.12.0->connect-data==last-version)
  Downloading msal_extensions-1.3.1-py3-none-any.whl.metadata (7.8 kB)
Requirement already satisfied: pycparser in /databricks/python/lib/python3.12/site-packages (from cffi->azure-datalake-store<0.1,>=0.0.53->adlfs==2024.12.0->connect-data==last-version) (2.21)
Requirement already satisfied: google-auth~=2.0 in /databricks/python/lib/python3.12/site-packages (from databricks-sdk<1,>=0.20.0->mlflow-skinny==3.7.0->mlflow==3.7.0->connect-data==last-version) (2.35.0)
Collecting starlette<0.51.0,>=0.40.0 (from fastapi<1->mlflow-skinny==3.7.0->mlflow==3.7.0->connect-data==last-version)
  Downloading starlette-0.50.0-py3-none-any.whl.metadata (6.3 kB)
Collecting annotated-doc>=0.0.2 (from fastapi<1->mlflow-skinny==3.7.0->mlflow==3.7.0->connect-data==last-version)
  Downloading annotated_doc-0.0.4-py3-none-any.whl.metadata (6.6 kB)
Requirement already satisfied: gitdb<5,>=4.0.1 in /databricks/python/lib/python3.12/site-packages (from gitpython<4,>=3.1.9->mlflow-skinny==3.7.0->mlflow==3.7.0->connect-data==last-version) (4.0.11)
Collecting anyio (from httpx<1,>=0.23.0->langsmith<0.2.0,>=0.1.17->langchain==0.2.12->connect-data==last-version)
  Downloading anyio-4.12.1-py3-none-any.whl.metadata (4.3 kB)
Collecting httpcore==1.* (from httpx<1,>=0.23.0->langsmith<0.2.0,>=0.1.17->langchain==0.2.12->connect-data==last-version)
  Downloading httpcore-1.0.9-py3-none-any.whl.metadata (21 kB)
Collecting h11>=0.16 (from httpcore==1.*->httpx<1,>=0.23.0->langsmith<0.2.0,>=0.1.17->langchain==0.2.12->connect-data==last-version)
  Downloading h11-0.16.0-py3-none-any.whl.metadata (8.3 kB)
Requirement already satisfied: zipp>=0.5 in /databricks/python/lib/python3.12/site-packages (from importlib_metadata!=4.7.0,<9,>=3.7.0->mlflow-skinny==3.7.0->mlflow==3.7.0->connect-data==last-version) (3.17.0)
Requirement already satisfied: deprecated>=1.2.6 in /databricks/python/lib/python3.12/site-packages (from opentelemetry-api<3,>=1.9.0->mlflow-skinny==3.7.0->mlflow==3.7.0->connect-data==last-version) (1.2.14)
Collecting protobuf<7,>=3.12.0 (from mlflow-skinny==3.7.0->mlflow==3.7.0->connect-data==last-version)
  Downloading protobuf-6.33.4-cp39-abi3-manylinux2014_x86_64.whl.metadata (593 bytes)
Requirement already satisfied: opentelemetry-semantic-conventions==0.48b0 in /databricks/python/lib/python3.12/site-packages (from opentelemetry-sdk<3,>=1.9.0->mlflow-skinny==3.7.0->mlflow==3.7.0->connect-data==last-version) (0.48b0)
Requirement already satisfied: mypy-extensions>=0.3.0 in /databricks/python/lib/python3.12/site-packages (from typing-inspect<1,>=0.4.0->dataclasses-json<0.7,>=0.5.7->langchain-community==0.2.11->connect-data==last-version) (1.0.0)
Requirement already satisfied: wrapt<2,>=1.10 in /databricks/python/lib/python3.12/site-packages (from deprecated>=1.2.6->opentelemetry-api<3,>=1.9.0->mlflow-skinny==3.7.0->mlflow==3.7.0->connect-data==last-version) (1.14.1)
Requirement already satisfied: smmap<6,>=3.0.1 in /databricks/python/lib/python3.12/site-packages (from gitdb<5,>=4.0.1->gitpython<4,>=3.1.9->mlflow-skinny==3.7.0->mlflow==3.7.0->connect-data==last-version) (5.0.0)
Requirement already satisfied: pyasn1-modules>=0.2.1 in /databricks/python/lib/python3.12/site-packages (from google-auth~=2.0->databricks-sdk<1,>=0.20.0->mlflow-skinny==3.7.0->mlflow==3.7.0->connect-data==last-version) (0.2.8)
Requirement already satisfied: rsa<5,>=3.1.4 in /databricks/python/lib/python3.12/site-packages (from google-auth~=2.0->databricks-sdk<1,>=0.20.0->mlflow-skinny==3.7.0->mlflow==3.7.0->connect-data==last-version) (4.9)
Requirement already satisfied: pyasn1<0.5.0,>=0.4.6 in /databricks/python/lib/python3.12/site-packages (from pyasn1-modules>=0.2.1->google-auth~=2.0->databricks-sdk<1,>=0.20.0->mlflow-skinny==3.7.0->mlflow==3.7.0->connect-data==last-version) (0.4.8)
Downloading adlfs-2024.12.0-py3-none-any.whl (41 kB)
   ━━━━━━━━━━━━━━━━━━━━━━━━━━━━━━━━━━━━━━━━ 41.8/41.8 kB 2.1 MB/s eta 0:00:00
Downloading asyncio_pool-0.6.0-py3-none-any.whl (8.5 kB)
Downloading behave-1.2.6-py2.py3-none-any.whl (136 kB)
   ━━━━━━━━━━━━━━━━━━━━━━━━━━━━━━━━━━━━━━━━ 136.8/136.8 kB 5.7 MB/s eta 0:00:00
Downloading behave_pandas-0.5.0-py3-none-any.whl (6.7 kB)
Downloading databricks_sql_connector-4.0.5-py3-none-any.whl (133 kB)
   ━━━━━━━━━━━━━━━━━━━━━━━━━━━━━━━━━━━━━━━━ 133.9/133.9 kB 5.0 MB/s eta 0:00:00
Downloading dateparser-1.2.2-py3-none-any.whl (315 kB)
   ━━━━━━━━━━━━━━━━━━━━━━━━━━━━━━━━━━━━━━━━ 315.5/315.5 kB 9.3 MB/s eta 0:00:00
Downloading faiss_cpu-1.11.0-cp312-cp312-manylinux_2_28_x86_64.whl (31.3 MB)
   ━━━━━━━━━━━━━━━━━━━━━━━━━━━━━━━━━━━━━━━━ 31.3/31.3 MB 45.2 MB/s eta 0:00:00
Downloading fsspec-2025.3.0-py3-none-any.whl (193 kB)
   ━━━━━━━━━━━━━━━━━━━━━━━━━━━━━━━━━━━━━━━━ 193.6/193.6 kB 11.8 MB/s eta 0:00:00
Downloading inflection-0.5.1-py2.py3-none-any.whl (9.5 kB)
Downloading json_repair-0.44.1-py3-none-any.whl (22 kB)
Downloading langchain-0.2.12-py3-none-any.whl (990 kB)
   ━━━━━━━━━━━━━━━━━━━━━━━━━━━━━━━━━━━━━━━━ 990.6/990.6 kB 32.9 MB/s eta 0:00:00
Downloading langchain_community-0.2.11-py3-none-any.whl (2.3 MB)
   ━━━━━━━━━━━━━━━━━━━━━━━━━━━━━━━━━━━━━━━━ 2.3/2.3 MB 48.3 MB/s eta 0:00:00
Downloading langchain_core-0.2.28-py3-none-any.whl (379 kB)
   ━━━━━━━━━━━━━━━━━━━━━━━━━━━━━━━━━━━━━━━━ 379.9/379.9 kB 19.2 MB/s eta 0:00:00
Downloading loguru-0.7.3-py3-none-any.whl (61 kB)
   ━━━━━━━━━━━━━━━━━━━━━━━━━━━━━━━━━━━━━━━━ 61.6/61.6 kB 2.5 MB/s eta 0:00:00
Downloading mlflow-3.7.0-py3-none-any.whl (8.9 MB)
   ━━━━━━━━━━━━━━━━━━━━━━━━━━━━━━━━━━━━━━━━ 8.9/8.9 MB 74.6 MB/s eta 0:00:00
Downloading Office365_REST_Python_Client-2.5.14-py3-none-any.whl (1.2 MB)
   ━━━━━━━━━━━━━━━━━━━━━━━━━━━━━━━━━━━━━━━━ 1.2/1.2 MB 34.4 MB/s eta 0:00:00
Downloading openpyxl-3.1.5-py2.py3-none-any.whl (250 kB)
   ━━━━━━━━━━━━━━━━━━━━━━━━━━━━━━━━━━━━━━━━ 250.9/250.9 kB 11.7 MB/s eta 0:00:00
Downloading pandas_market_calendars-4.6.1-py3-none-any.whl (122 kB)
   ━━━━━━━━━━━━━━━━━━━━━━━━━━━━━━━━━━━━━━━━ 122.7/122.7 kB 7.4 MB/s eta 0:00:00
Downloading PyYAML-6.0.2-cp312-cp312-manylinux_2_17_x86_64.manylinux2014_x86_64.whl (767 kB)
   ━━━━━━━━━━━━━━━━━━━━━━━━━━━━━━━━━━━━━━━━ 767.5/767.5 kB 25.0 MB/s eta 0:00:00
Downloading selenium-4.34.2-py3-none-any.whl (9.4 MB)
   ━━━━━━━━━━━━━━━━━━━━━━━━━━━━━━━━━━━━━━━━ 9.4/9.4 MB 73.3 MB/s eta 0:00:00
Downloading sqlglot-26.13.2-py3-none-any.whl (457 kB)
   ━━━━━━━━━━━━━━━━━━━━━━━━━━━━━━━━━━━━━━━━ 457.6/457.6 kB 18.0 MB/s eta 0:00:00
Downloading tqdm-4.67.1-py3-none-any.whl (78 kB)
   ━━━━━━━━━━━━━━━━━━━━━━━━━━━━━━━━━━━━━━━━ 78.5/78.5 kB 4.3 MB/s eta 0:00:00
Downloading xlsxwriter-3.2.5-py3-none-any.whl (172 kB)
   ━━━━━━━━━━━━━━━━━━━━━━━━━━━━━━━━━━━━━━━━ 172.3/172.3 kB 7.7 MB/s eta 0:00:00
Downloading mlflow_skinny-3.7.0-py3-none-any.whl (2.4 MB)
   ━━━━━━━━━━━━━━━━━━━━━━━━━━━━━━━━━━━━━━━━ 2.4/2.4 MB 50.9 MB/s eta 0:00:00
Downloading mlflow_tracing-3.7.0-py3-none-any.whl (1.3 MB)
   ━━━━━━━━━━━━━━━━━━━━━━━━━━━━━━━━━━━━━━━━ 1.3/1.3 MB 39.5 MB/s eta 0:00:00
Downloading sqlglotrs-0.4.0-cp312-cp312-manylinux_2_17_x86_64.manylinux2014_x86_64.whl (332 kB)
   ━━━━━━━━━━━━━━━━━━━━━━━━━━━━━━━━━━━━━━━━ 332.2/332.2 kB 13.8 MB/s eta 0:00:00
Downloading aiohttp-3.13.3-cp312-cp312-manylinux2014_x86_64.manylinux_2_17_x86_64.manylinux_2_28_x86_64.whl (1.8 MB)
   ━━━━━━━━━━━━━━━━━━━━━━━━━━━━━━━━━━━━━━━━ 1.8/1.8 MB 29.5 MB/s eta 0:00:00
Downloading alembic-1.18.1-py3-none-any.whl (260 kB)
   ━━━━━━━━━━━━━━━━━━━━━━━━━━━━━━━━━━━━━━━━ 261.0/261.0 kB 13.9 MB/s eta 0:00:00
Downloading azure_datalake_store-0.0.53-py2.py3-none-any.whl (55 kB)
   ━━━━━━━━━━━━━━━━━━━━━━━━━━━━━━━━━━━━━━━━ 55.3/55.3 kB 3.6 MB/s eta 0:00:00
Downloading certifi-2026.1.4-py3-none-any.whl (152 kB)
   ━━━━━━━━━━━━━━━━━━━━━━━━━━━━━━━━━━━━━━━━ 152.9/152.9 kB 8.3 MB/s eta 0:00:00
Downloading cryptography-46.0.3-cp311-abi3-manylinux_2_34_x86_64.whl (4.5 MB)
   ━━━━━━━━━━━━━━━━━━━━━━━━━━━━━━━━━━━━━━━━ 4.5/4.5 MB 57.6 MB/s eta 0:00:00
Downloading dataclasses_json-0.6.7-py3-none-any.whl (28 kB)
Downloading docker-7.1.0-py3-none-any.whl (147 kB)
   ━━━━━━━━━━━━━━━━━━━━━━━━━━━━━━━━━━━━━━━━ 147.8/147.8 kB 8.9 MB/s eta 0:00:00
Downloading exchange_calendars-4.12-py3-none-any.whl (211 kB)
   ━━━━━━━━━━━━━━━━━━━━━━━━━━━━━━━━━━━━━━━━ 211.2/211.2 kB 12.0 MB/s eta 0:00:00
Downloading flask-3.1.2-py3-none-any.whl (103 kB)
   ━━━━━━━━━━━━━━━━━━━━━━━━━━━━━━━━━━━━━━━━ 103.3/103.3 kB 6.7 MB/s eta 0:00:00
Downloading flask_cors-6.0.2-py3-none-any.whl (13 kB)
Downloading graphene-3.4.3-py2.py3-none-any.whl (114 kB)
   ━━━━━━━━━━━━━━━━━━━━━━━━━━━━━━━━━━━━━━━━ 114.9/114.9 kB 5.7 MB/s eta 0:00:00
Downloading gunicorn-23.0.0-py3-none-any.whl (85 kB)
   ━━━━━━━━━━━━━━━━━━━━━━━━━━━━━━━━━━━━━━━━ 85.0/85.0 kB 4.2 MB/s eta 0:00:00
Downloading huey-2.6.0-py3-none-any.whl (76 kB)
   ━━━━━━━━━━━━━━━━━━━━━━━━━━━━━━━━━━━━━━━━ 77.0/77.0 kB 1.9 MB/s eta 0:00:00
Downloading jsonpatch-1.33-py2.py3-none-any.whl (12 kB)
Downloading langchain_text_splitters-0.2.2-py3-none-any.whl (25 kB)
Downloading langsmith-0.1.147-py3-none-any.whl (311 kB)
   ━━━━━━━━━━━━━━━━━━━━━━━━━━━━━━━━━━━━━━━━ 311.8/311.8 kB 17.1 MB/s eta 0:00:00
Downloading lz4-4.4.5-cp312-cp312-manylinux2014_x86_64.manylinux_2_17_x86_64.manylinux_2_28_x86_64.whl (1.4 MB)
   ━━━━━━━━━━━━━━━━━━━━━━━━━━━━━━━━━━━━━━━━ 1.4/1.4 MB 39.6 MB/s eta 0:00:00
Downloading msal-1.34.0-py3-none-any.whl (116 kB)
   ━━━━━━━━━━━━━━━━━━━━━━━━━━━━━━━━━━━━━━━━ 117.0/117.0 kB 7.6 MB/s eta 0:00:00
Downloading parse-1.20.2-py2.py3-none-any.whl (20 kB)
Downloading parse_type-0.6.6-py2.py3-none-any.whl (27 kB)
Downloading pytz-2025.2-py2.py3-none-any.whl (509 kB)
   ━━━━━━━━━━━━━━━━━━━━━━━━━━━━━━━━━━━━━━━━ 509.2/509.2 kB 23.7 MB/s eta 0:00:00
Downloading regex-2026.1.15-cp312-cp312-manylinux2014_x86_64.manylinux_2_17_x86_64.manylinux_2_28_x86_64.whl (803 kB)
   ━━━━━━━━━━━━━━━━━━━━━━━━━━━━━━━━━━━━━━━━ 803.6/803.6 kB 32.9 MB/s eta 0:00:00
Downloading sqlalchemy-2.0.45-cp312-cp312-manylinux2014_x86_64.manylinux_2_17_x86_64.manylinux_2_28_x86_64.whl (3.3 MB)
   ━━━━━━━━━━━━━━━━━━━━━━━━━━━━━━━━━━━━━━━━ 3.3/3.3 MB 64.0 MB/s eta 0:00:00
Downloading trio-0.30.0-py3-none-any.whl (499 kB)
   ━━━━━━━━━━━━━━━━━━━━━━━━━━━━━━━━━━━━━━━━ 499.2/499.2 kB 14.9 MB/s eta 0:00:00
Downloading trio_websocket-0.12.2-py3-none-any.whl (21 kB)
Downloading typing_extensions-4.14.1-py3-none-any.whl (43 kB)
   ━━━━━━━━━━━━━━━━━━━━━━━━━━━━━━━━━━━━━━━━ 43.9/43.9 kB 2.2 MB/s eta 0:00:00
Downloading tzlocal-5.3.1-py3-none-any.whl (18 kB)
Downloading urllib3-2.5.0-py3-none-any.whl (129 kB)
   ━━━━━━━━━━━━━━━━━━━━━━━━━━━━━━━━━━━━━━━━ 129.8/129.8 kB 4.8 MB/s eta 0:00:00
Downloading websocket_client-1.8.0-py3-none-any.whl (58 kB)
   ━━━━━━━━━━━━━━━━━━━━━━━━━━━━━━━━━━━━━━━━ 58.8/58.8 kB 2.4 MB/s eta 0:00:00
Downloading azure_identity-1.25.1-py3-none-any.whl (191 kB)
   ━━━━━━━━━━━━━━━━━━━━━━━━━━━━━━━━━━━━━━━━ 191.3/191.3 kB 12.7 MB/s eta 0:00:00
Downloading et_xmlfile-2.0.0-py3-none-any.whl (18 kB)
Downloading tabulate-0.9.0-py3-none-any.whl (35 kB)
Downloading aiohappyeyeballs-2.6.1-py3-none-any.whl (15 kB)
Downloading aiosignal-1.4.0-py3-none-any.whl (7.5 kB)
Downloading attrs-25.4.0-py3-none-any.whl (67 kB)
   ━━━━━━━━━━━━━━━━━━━━━━━━━━━━━━━━━━━━━━━━ 67.6/67.6 kB 4.7 MB/s eta 0:00:00
Downloading blinker-1.9.0-py3-none-any.whl (8.5 kB)
Downloading cffi-2.0.0-cp312-cp312-manylinux2014_x86_64.manylinux_2_17_x86_64.whl (219 kB)
   ━━━━━━━━━━━━━━━━━━━━━━━━━━━━━━━━━━━━━━━━ 219.6/219.6 kB 12.7 MB/s eta 0:00:00
Downloading fastapi-0.128.0-py3-none-any.whl (103 kB)
   ━━━━━━━━━━━━━━━━━━━━━━━━━━━━━━━━━━━━━━━━ 103.1/103.1 kB 7.2 MB/s eta 0:00:00
Downloading frozenlist-1.8.0-cp312-cp312-manylinux1_x86_64.manylinux_2_28_x86_64.manylinux_2_5_x86_64.whl (242 kB)
   ━━━━━━━━━━━━━━━━━━━━━━━━━━━━━━━━━━━━━━━━ 242.4/242.4 kB 13.4 MB/s eta 0:00:00
Downloading graphql_core-3.2.7-py3-none-any.whl (207 kB)
   ━━━━━━━━━━━━━━━━━━━━━━━━━━━━━━━━━━━━━━━━ 207.3/207.3 kB 12.3 MB/s eta 0:00:00
Downloading graphql_relay-3.2.0-py3-none-any.whl (16 kB)
Downloading greenlet-3.3.0-cp312-cp312-manylinux_2_24_x86_64.manylinux_2_28_x86_64.whl (609 kB)
   ━━━━━━━━━━━━━━━━━━━━━━━━━━━━━━━━━━━━━━━━ 609.9/609.9 kB 23.9 MB/s eta 0:00:00
Downloading httpx-0.28.1-py3-none-any.whl (73 kB)
   ━━━━━━━━━━━━━━━━━━━━━━━━━━━━━━━━━━━━━━━━ 73.5/73.5 kB 4.3 MB/s eta 0:00:00
Downloading httpcore-1.0.9-py3-none-any.whl (78 kB)
   ━━━━━━━━━━━━━━━━━━━━━━━━━━━━━━━━━━━━━━━━ 78.8/78.8 kB 4.7 MB/s eta 0:00:00
Downloading itsdangerous-2.2.0-py3-none-any.whl (16 kB)
Downloading jinja2-3.1.6-py3-none-any.whl (134 kB)
   ━━━━━━━━━━━━━━━━━━━━━━━━━━━━━━━━━━━━━━━━ 134.9/134.9 kB 8.2 MB/s eta 0:00:00
Downloading jsonpointer-3.0.0-py2.py3-none-any.whl (7.6 kB)
Downloading korean_lunar_calendar-0.3.1-py3-none-any.whl (9.0 kB)
Downloading markupsafe-3.0.3-cp312-cp312-manylinux2014_x86_64.manylinux_2_17_x86_64.manylinux_2_28_x86_64.whl (22 kB)
Downloading marshmallow-3.26.2-py3-none-any.whl (50 kB)
   ━━━━━━━━━━━━━━━━━━━━━━━━━━━━━━━━━━━━━━━━ 51.0/51.0 kB 2.7 MB/s eta 0:00:00
Downloading msal_extensions-1.3.1-py3-none-any.whl (20 kB)
Downloading multidict-6.7.0-cp312-cp312-manylinux2014_x86_64.manylinux_2_17_x86_64.manylinux_2_28_x86_64.whl (256 kB)
   ━━━━━━━━━━━━━━━━━━━━━━━━━━━━━━━━━━━━━━━━ 256.1/256.1 kB 14.7 MB/s eta 0:00:00
Downloading opentelemetry_proto-1.39.1-py3-none-any.whl (72 kB)
   ━━━━━━━━━━━━━━━━━━━━━━━━━━━━━━━━━━━━━━━━ 72.5/72.5 kB 4.1 MB/s eta 0:00:00
Downloading orjson-3.11.5-cp312-cp312-manylinux_2_17_x86_64.manylinux2014_x86_64.whl (139 kB)
   ━━━━━━━━━━━━━━━━━━━━━━━━━━━━━━━━━━━━━━━━ 139.0/139.0 kB 7.8 MB/s eta 0:00:00
Downloading outcome-1.3.0.post0-py2.py3-none-any.whl (10 kB)
Downloading propcache-0.4.1-cp312-cp312-manylinux2014_x86_64.manylinux_2_17_x86_64.manylinux_2_28_x86_64.whl (221 kB)
   ━━━━━━━━━━━━━━━━━━━━━━━━━━━━━━━━━━━━━━━━ 221.6/221.6 kB 12.5 MB/s eta 0:00:00
Downloading protobuf-6.33.4-cp39-abi3-manylinux2014_x86_64.whl (323 kB)
   ━━━━━━━━━━━━━━━━━━━━━━━━━━━━━━━━━━━━━━━━ 323.3/323.3 kB 20.3 MB/s eta 0:00:00
Downloading pyluach-2.3.0-py3-none-any.whl (25 kB)
Downloading PySocks-1.7.1-py3-none-any.whl (16 kB)
Downloading python_dotenv-1.2.1-py3-none-any.whl (21 kB)
Downloading requests_toolbelt-1.0.0-py2.py3-none-any.whl (54 kB)
   ━━━━━━━━━━━━━━━━━━━━━━━━━━━━━━━━━━━━━━━━ 54.5/54.5 kB 3.7 MB/s eta 0:00:00
Downloading sniffio-1.3.1-py3-none-any.whl (10 kB)
Downloading toolz-1.1.0-py3-none-any.whl (58 kB)
   ━━━━━━━━━━━━━━━━━━━━━━━━━━━━━━━━━━━━━━━━ 58.1/58.1 kB 3.5 MB/s eta 0:00:00
Downloading typing_inspect-0.9.0-py3-none-any.whl (8.8 kB)
Downloading tzdata-2025.3-py2.py3-none-any.whl (348 kB)
   ━━━━━━━━━━━━━━━━━━━━━━━━━━━━━━━━━━━━━━━━ 348.5/348.5 kB 13.1 MB/s eta 0:00:00
Downloading uvicorn-0.40.0-py3-none-any.whl (68 kB)
   ━━━━━━━━━━━━━━━━━━━━━━━━━━━━━━━━━━━━━━━━ 68.5/68.5 kB 2.2 MB/s eta 0:00:00
Downloading werkzeug-3.1.5-py3-none-any.whl (225 kB)
   ━━━━━━━━━━━━━━━━━━━━━━━━━━━━━━━━━━━━━━━━ 225.0/225.0 kB 5.0 MB/s eta 0:00:00
Downloading wsproto-1.3.2-py3-none-any.whl (24 kB)
Downloading yarl-1.22.0-cp312-cp312-manylinux2014_x86_64.manylinux_2_17_x86_64.manylinux_2_28_x86_64.whl (377 kB)
   ━━━━━━━━━━━━━━━━━━━━━━━━━━━━━━━━━━━━━━━━ 377.3/377.3 kB 15.3 MB/s eta 0:00:00
Downloading mako-1.3.10-py3-none-any.whl (78 kB)
   ━━━━━━━━━━━━━━━━━━━━━━━━━━━━━━━━━━━━━━━━ 78.5/78.5 kB 2.2 MB/s eta 0:00:00
Downloading sortedcontainers-2.4.0-py2.py3-none-any.whl (29 kB)
Downloading annotated_doc-0.0.4-py3-none-any.whl (5.3 kB)
Downloading h11-0.16.0-py3-none-any.whl (37 kB)
Downloading starlette-0.50.0-py3-none-any.whl (74 kB)
   ━━━━━━━━━━━━━━━━━━━━━━━━━━━━━━━━━━━━━━━━ 74.0/74.0 kB 4.6 MB/s eta 0:00:00
Downloading anyio-4.12.1-py3-none-any.whl (113 kB)
   ━━━━━━━━━━━━━━━━━━━━━━━━━━━━━━━━━━━━━━━━ 113.6/113.6 kB 6.8 MB/s eta 0:00:00
Building wheels for collected packages: chromedriver-binary, thrift
  Building wheel for chromedriver-binary (setup.py): started
  Building wheel for chromedriver-binary (setup.py): finished with status 'done'
  Created wheel for chromedriver-binary: filename=chromedriver_binary-138.0.7204.92.0-py3-none-any.whl size=9000537 sha256=07ba22bfc6a837763b3dc065c153655c7636df682bcf2a88aaa255c2bc08df99
  Stored in directory: /home/libraries/.cache/pip/wheels/4d/45/10/951a58705b2b396feae4c010f4b3308400784d47c1c3443324
  Building wheel for thrift (setup.py): started
  Building wheel for thrift (setup.py): finished with status 'done'
  Created wheel for thrift: filename=thrift-0.20.0-cp312-cp312-linux_x86_64.whl size=412802 sha256=969a8f8581ed51862c3b5bd6071e93af4b09f355349d6c39a3a10dccbfbbc6d8
  Stored in directory: /home/libraries/.cache/pip/wheels/57/4d/9e/539ef8e052f8e2db244ddf8ac1f2e623b4663f2ee233ffafb1
Successfully built chromedriver-binary thrift
Installing collected packages: sortedcontainers, pytz, parse, korean_lunar_calendar, huey, chromedriver-binary, xlsxwriter, websocket-client, urllib3, tzlocal, tzdata, typing-extensions, tqdm, toolz, thrift, tabulate, sqlglotrs, sqlglot, sniffio, regex, PyYAML, python-dotenv, pysocks, pyluach, protobuf, propcache, parse-type, orjson, multidict, marshmallow, markupsafe, lz4, loguru, jsonpointer, json-repair, itsdangerous, inflection, h11, gunicorn, greenlet, graphql-core, fsspec, frozenlist, faiss-cpu, et-xmlfile, cffi, certifi, blinker, attrs, asyncio-pool, annotated-doc, aiohappyeyeballs, yarl, wsproto, werkzeug, uvicorn, typing-inspect, SQLAlchemy, outcome, opentelemetry-proto, openpyxl, Mako, jsonpatch, jinja2, httpcore, graphql-relay, dateparser, cryptography, behave, anyio, aiosignal, trio, starlette, requests-toolbelt, httpx, graphene, Flask, exchange-calendars, docker, dataclasses-json, databricks-sql-connector, behave-pandas, alembic, aiohttp, trio-websocket, pandas-market-calendars, msal, langsmith, Flask-CORS, fastapi, selenium, Office365-REST-Python-Client, msal-extensions, mlflow-tracing, mlflow-skinny, langchain-core, azure-datalake-store, mlflow, langchain-text-splitters, azure-identity, langchain, adlfs, langchain-community, connect-data
  Attempting uninstall: pytz
    Found existing installation: pytz 2024.1
    Not uninstalling pytz at /databricks/python3/lib/python3.12/site-packages, outside environment /local_disk0/.ephemeral_nfs/cluster_libraries/python
    Can't uninstall 'pytz'. No files were found to uninstall.
  Attempting uninstall: urllib3
    Found existing installation: urllib3 1.26.16
    Not uninstalling urllib3 at /databricks/python3/lib/python3.12/site-packages, outside environment /local_disk0/.ephemeral_nfs/cluster_libraries/python
    Can't uninstall 'urllib3'. No files were found to uninstall.
  Attempting uninstall: typing-extensions
    Found existing installation: typing_extensions 4.11.0
    Not uninstalling typing-extensions at /databricks/python3/lib/python3.12/site-packages, outside environment /local_disk0/.ephemeral_nfs/cluster_libraries/python
    Can't uninstall 'typing_extensions'. No files were found to uninstall.
  Attempting uninstall: PyYAML
    Found existing installation: PyYAML 6.0.1
    Not uninstalling pyyaml at /databricks/python3/lib/python3.12/site-packages, outside environment /local_disk0/.ephemeral_nfs/cluster_libraries/python
    Can't uninstall 'PyYAML'. No files were found to uninstall.
  Attempting uninstall: protobuf
    Found existing installation: protobuf 4.24.1
    Not uninstalling protobuf at /databricks/python3/lib/python3.12/site-packages, outside environment /local_disk0/.ephemeral_nfs/cluster_libraries/python
    Can't uninstall 'protobuf'. No files were found to uninstall.
  Attempting uninstall: cffi
    Found existing installation: cffi 1.16.0
    Not uninstalling cffi at /databricks/python3/lib/python3.12/site-packages, outside environment /local_disk0/.ephemeral_nfs/cluster_libraries/python
    Can't uninstall 'cffi'. No files were found to uninstall.
  Attempting uninstall: certifi
    Found existing installation: certifi 2024.6.2
    Not uninstalling certifi at /databricks/python3/lib/python3.12/site-packages, outside environment /local_disk0/.ephemeral_nfs/cluster_libraries/python
    Can't uninstall 'certifi'. No files were found to uninstall.
  Attempting uninstall: blinker
    Found existing installation: blinker 1.7.0
    Not uninstalling blinker at /usr/lib/python3/dist-packages, outside environment /local_disk0/.ephemeral_nfs/cluster_libraries/python
    Can't uninstall 'blinker'. No files were found to uninstall.
  Attempting uninstall: cryptography
    Found existing installation: cryptography 42.0.5
    Not uninstalling cryptography at /databricks/python3/lib/python3.12/site-packages, outside environment /local_disk0/.ephemeral_nfs/cluster_libraries/python
    Can't uninstall 'cryptography'. No files were found to uninstall.
  Attempting uninstall: mlflow-skinny
    Found existing installation: mlflow-skinny 2.19.0
    Not uninstalling mlflow-skinny at /databricks/python3/lib/python3.12/site-packages, outside environment /local_disk0/.ephemeral_nfs/cluster_libraries/python
    Can't uninstall 'mlflow-skinny'. No files were found to uninstall.
Successfully installed Flask-3.1.2 Flask-CORS-6.0.2 Mako-1.3.10 Office365-REST-Python-Client-2.5.14 PyYAML-6.0.2 SQLAlchemy-2.0.45 adlfs-2024.12.0 aiohappyeyeballs-2.6.1 aiohttp-3.13.3 aiosignal-1.4.0 alembic-1.18.1 annotated-doc-0.0.4 anyio-4.12.1 asyncio-pool-0.6.0 attrs-25.4.0 azure-datalake-store-0.0.53 azure-identity-1.25.1 behave-1.2.6 behave-pandas-0.5.0 blinker-1.9.0 certifi-2026.1.4 cffi-2.0.0 chromedriver-binary-138.0.7204.92.0 connect-data-1.1.0 cryptography-46.0.3 databricks-sql-connector-4.0.5 dataclasses-json-0.6.7 dateparser-1.2.2 docker-7.1.0 et-xmlfile-2.0.0 exchange-calendars-4.12 faiss-cpu-1.11.0 fastapi-0.128.0 frozenlist-1.8.0 fsspec-2025.3.0 graphene-3.4.3 graphql-core-3.2.7 graphql-relay-3.2.0 greenlet-3.3.0 gunicorn-23.0.0 h11-0.16.0 httpcore-1.0.9 httpx-0.28.1 huey-2.6.0 inflection-0.5.1 itsdangerous-2.2.0 jinja2-3.1.6 json-repair-0.44.1 jsonpatch-1.33 jsonpointer-3.0.0 korean_lunar_calendar-0.3.1 langchain-0.2.12 langchain-community-0.2.11 langchain-core-0.2.28 langchain-text-splitters-0.2.2 langsmith-0.1.147 loguru-0.7.3 lz4-4.4.5 markupsafe-3.0.3 marshmallow-3.26.2 mlflow-3.7.0 mlflow-skinny-3.7.0 mlflow-tracing-3.7.0 msal-1.34.0 msal-extensions-1.3.1 multidict-6.7.0 openpyxl-3.1.5 opentelemetry-proto-1.39.1 orjson-3.11.5 outcome-1.3.0.post0 pandas-market-calendars-4.6.1 parse-1.20.2 parse-type-0.6.6 propcache-0.4.1 protobuf-6.33.4 pyluach-2.3.0 pysocks-1.7.1 python-dotenv-1.2.1 pytz-2025.2 regex-2026.1.15 requests-toolbelt-1.0.0 selenium-4.34.2 sniffio-1.3.1 sortedcontainers-2.4.0 sqlglot-26.13.2 sqlglotrs-0.4.0 starlette-0.50.0 tabulate-0.9.0 thrift-0.20.0 toolz-1.1.0 tqdm-4.67.1 trio-0.30.0 trio-websocket-0.12.2 typing-extensions-4.14.1 typing-inspect-0.9.0 tzdata-2025.3 tzlocal-5.3.1 urllib3-2.5.0 uvicorn-0.40.0 websocket-client-1.8.0 werkzeug-3.1.5 wsproto-1.3.2 xlsxwriter-3.2.5 yarl-1.22.0

26/01/16 13:06:51 ERROR CommandLineHelper$: Command [REDACTED] failed with exit code 1 out: err:
java.lang.RuntimeException: CommandLineHelper exception - stack trace
	at com.databricks.backend.common.util.CommandLineHelper$.runJavaProcessBuilderSafe(CommandLineHelper.scala:485)
	at com.databricks.backend.daemon.driver.SharedDriverContext.cleanLowPrivilegedUserProcesses(SharedDriverContext.scala:914)
	at com.databricks.backend.daemon.driver.SharedDriverContext.withLowPrivilegedProcessCleanup(SharedDriverContext.scala:890)
	at com.databricks.backend.daemon.driver.SharedDriverContext.installLibraryOnDriverNfs(SharedDriverContext.scala:858)
	at com.databricks.backend.daemon.driver.SharedDriverContext.installLibrary(SharedDriverContext.scala:772)
	at com.databricks.backend.daemon.driver.SharedDriverContext.$anonfun$attachLibraryToSpark$1(SharedDriverContext.scala:793)
	at scala.runtime.java8.JFunction0$mcV$sp.apply(JFunction0$mcV$sp.scala:18)
	at com.databricks.threading.TimeLimiter$.runInCallingThreadWithTimeout(TimeLimiter.scala:107)
	at com.databricks.backend.daemon.driver.SharedDriverContext.attachLibraryToSpark(SharedDriverContext.scala:792)
	at com.databricks.backend.daemon.driver.SharedDriverContext.$anonfun$attachLibrariesToSpark$2(SharedDriverContext.scala:715)
	at scala.runtime.java8.JFunction0$mcV$sp.apply(JFunction0$mcV$sp.scala:18)
	at com.databricks.logging.UsageLogging.$anonfun$recordOperation$1(UsageLogging.scala:510)
	at com.databricks.logging.UsageLogging.executeThunkAndCaptureResultTags$1(UsageLogging.scala:616)
	at com.databricks.logging.UsageLogging.$anonfun$recordOperationWithResultTags$4(UsageLogging.scala:643)
	at com.databricks.logging.AttributionContextTracing.$anonfun$withAttributionContext$1(AttributionContextTracing.scala:49)
	at com.databricks.logging.AttributionContext$.$anonfun$withValue$1(AttributionContext.scala:293)
	at scala.util.DynamicVariable.withValue(DynamicVariable.scala:59)
	at com.databricks.logging.AttributionContext$.withValue(AttributionContext.scala:289)
	at com.databricks.logging.AttributionContextTracing.withAttributionContext(AttributionContextTracing.scala:47)
	at com.databricks.logging.AttributionContextTracing.withAttributionContext$(AttributionContextTracing.scala:44)
	at com.databricks.backend.daemon.driver.SharedDriverContext.withAttributionContext(SharedDriverContext.scala:201)
	at com.databricks.logging.AttributionContextTracing.withAttributionTags(AttributionContextTracing.scala:96)
	at com.databricks.logging.AttributionContextTracing.withAttributionTags$(AttributionContextTracing.scala:77)
	at com.databricks.backend.daemon.driver.SharedDriverContext.withAttributionTags(SharedDriverContext.scala:201)
	at com.databricks.logging.UsageLogging.recordOperationWithResultTags(UsageLogging.scala:611)
	at com.databricks.logging.UsageLogging.recordOperationWithResultTags$(UsageLogging.scala:519)
	at com.databricks.backend.daemon.driver.SharedDriverContext.recordOperationWithResultTags(SharedDriverContext.scala:201)
	at com.databricks.logging.UsageLogging.recordOperation(UsageLogging.scala:511)
	at com.databricks.logging.UsageLogging.recordOperation$(UsageLogging.scala:475)
	at com.databricks.backend.daemon.driver.SharedDriverContext.recordOperation(SharedDriverContext.scala:201)
	at com.databricks.backend.daemon.driver.SharedDriverContext.$anonfun$attachLibrariesToSpark$1(SharedDriverContext.scala:704)
	at com.databricks.backend.daemon.driver.SharedDriverContext.$anonfun$attachLibrariesToSpark$1$adapted(SharedDriverContext.scala:692)
	at scala.collection.immutable.List.foreach(List.scala:333)
	at com.databricks.backend.daemon.driver.SharedDriverContext.attachLibrariesToSpark(SharedDriverContext.scala:692)
	at com.databricks.backend.daemon.driver.DriverCorral.$anonfun$attachLibraries$2(DriverCorral.scala:1008)
	at scala.runtime.java8.JFunction0$mcV$sp.apply(JFunction0$mcV$sp.scala:18)
	at com.databricks.unity.UCSEphemeralState$Handle.runWith(UCSEphemeralState.scala:51)
	at com.databricks.unity.HandleImpl.runWith(UCSHandle.scala:104)
	at com.databricks.backend.daemon.driver.DriverCorral.$anonfun$attachLibraries$1(DriverCorral.scala:1007)
	at com.databricks.backend.daemon.driver.DriverCorral.$anonfun$attachLibraries$1$adapted(DriverCorral.scala:1007)
	at scala.util.Using$.resource(Using.scala:261)
	at com.databricks.backend.daemon.driver.DriverCorral.attachLibraries(DriverCorral.scala:1007)
	at com.databricks.backend.daemon.driver.DriverCorral.com$databricks$backend$daemon$driver$DriverCorral$$handleRequest(DriverCorral.scala:968)
	at com.databricks.backend.daemon.driver.DriverCorral$$anonfun$receive$1.applyOrElse(DriverCorral.scala:1866)
	at com.databricks.backend.daemon.driver.DriverCorral$$anonfun$receive$1.applyOrElse(DriverCorral.scala:1858)
	at com.databricks.rpc.ServerBackend.$anonfun$internalReceive0$2(ServerBackend.scala:174)
	at com.databricks.rpc.ServerBackend$$anonfun$commonReceive$1.applyOrElse(ServerBackend.scala:200)
	at com.databricks.rpc.ServerBackend$$anonfun$commonReceive$1.applyOrElse(ServerBackend.scala:200)
	at com.databricks.rpc.ServerBackend.internalReceive0(ServerBackend.scala:171)
	at com.databricks.rpc.ServerBackend.$anonfun$internalReceive$1(ServerBackend.scala:147)
	at com.databricks.logging.UsageLogging.$anonfun$recordOperation$1(UsageLogging.scala:510)
	at com.databricks.logging.UsageLogging.executeThunkAndCaptureResultTags$1(UsageLogging.scala:616)
	at com.databricks.logging.UsageLogging.$anonfun$recordOperationWithResultTags$4(UsageLogging.scala:643)
	at com.databricks.logging.AttributionContextTracing.$anonfun$withAttributionContext$1(AttributionContextTracing.scala:49)
	at com.databricks.logging.AttributionContext$.$anonfun$withValue$1(AttributionContext.scala:293)
	at scala.util.DynamicVariable.withValue(DynamicVariable.scala:59)
	at com.databricks.logging.AttributionContext$.withValue(AttributionContext.scala:289)
	at com.databricks.logging.AttributionContextTracing.withAttributionContext(AttributionContextTracing.scala:47)
	at com.databricks.logging.AttributionContextTracing.withAttributionContext$(AttributionContextTracing.scala:44)
	at com.databricks.rpc.ServerBackend.withAttributionContext(ServerBackend.scala:22)
	at com.databricks.logging.AttributionContextTracing.withAttributionTags(AttributionContextTracing.scala:96)
	at com.databricks.logging.AttributionContextTracing.withAttributionTags$(AttributionContextTracing.scala:77)
	at com.databricks.rpc.ServerBackend.withAttributionTags(ServerBackend.scala:22)
	at com.databricks.logging.UsageLogging.recordOperationWithResultTags(UsageLogging.scala:611)
	at com.databricks.logging.UsageLogging.recordOperationWithResultTags$(UsageLogging.scala:519)
	at com.databricks.rpc.ServerBackend.recordOperationWithResultTags(ServerBackend.scala:22)
	at com.databricks.logging.UsageLogging.recordOperation(UsageLogging.scala:511)
	at com.databricks.logging.UsageLogging.recordOperation$(UsageLogging.scala:475)
	at com.databricks.rpc.ServerBackend.recordOperation(ServerBackend.scala:22)
	at com.databricks.rpc.ServerBackend.internalReceive(ServerBackend.scala:146)
	at com.databricks.rpc.JettyServer$RequestManager.handleRPC(JettyServer.scala:1033)
	at com.databricks.rpc.JettyServer$RequestManager.handleRequestAndRespond(JettyServer.scala:953)
	at com.databricks.rpc.JettyServer$RequestManager.$anonfun$handleHttp$5(JettyServer.scala:548)
	at com.databricks.rpc.JettyServer$RequestManager.$anonfun$handleHttp$5$adapted(JettyServer.scala:513)
	at com.databricks.logging.activity.ActivityContextFactory$.$anonfun$withActivityInternal$13(ActivityContextFactory.scala:831)
	at com.databricks.logging.AttributionContextTracing.$anonfun$withAttributionContext$1(AttributionContextTracing.scala:49)
	at com.databricks.logging.AttributionContext$.$anonfun$withValue$1(AttributionContext.scala:293)
	at scala.util.DynamicVariable.withValue(DynamicVariable.scala:59)
	at com.databricks.logging.AttributionContext$.withValue(AttributionContext.scala:289)
	at com.databricks.logging.AttributionContextTracing.withAttributionContext(AttributionContextTracing.scala:47)
	at com.databricks.logging.AttributionContextTracing.withAttributionContext$(AttributionContextTracing.scala:44)
	at com.databricks.logging.activity.ActivityContextFactory$.withAttributionContext(ActivityContextFactory.scala:53)
	at com.databricks.logging.activity.ActivityContextFactory$.$anonfun$withActivityInternal$3(ActivityContextFactory.scala:831)
	at com.databricks.context.integrity.IntegrityCheckContext$ThreadLocalStorage$.withValue(IntegrityCheckContext.scala:73)
	at com.databricks.logging.activity.ActivityContextFactory$.withActivityInternal(ActivityContextFactory.scala:794)
	at com.databricks.logging.activity.ActivityContextFactory$.withActivityInternal(ActivityContextFactory.scala:776)
	at com.databricks.logging.activity.ActivityContextFactory$.$anonfun$withServiceRequestActivity$15(ActivityContextFactory.scala:285)
	at com.databricks.logging.AttributionContextTracing.$anonfun$withAttributionContext$1(AttributionContextTracing.scala:49)
	at com.databricks.logging.AttributionContext$.$anonfun$withValue$1(AttributionContext.scala:293)
	at scala.util.DynamicVariable.withValue(DynamicVariable.scala:59)
	at com.databricks.logging.AttributionContext$.withValue(AttributionContext.scala:289)
	at com.databricks.logging.AttributionContextTracing.withAttributionContext(AttributionContextTracing.scala:47)
	at com.databricks.logging.AttributionContextTracing.withAttributionContext$(AttributionContextTracing.scala:44)
	at com.databricks.logging.activity.ActivityContextFactory$.withAttributionContext(ActivityContextFactory.scala:53)
	at com.databricks.logging.activity.ActivityContextFactory$.withServiceRequestActivity(ActivityContextFactory.scala:285)
	at com.databricks.rpc.JettyServer$RequestManager.handleHttp(JettyServer.scala:513)
	at com.databricks.rpc.JettyServer$RequestManager.doPost(JettyServer.scala:408)
	at javax.servlet.http.HttpServlet.service(HttpServlet.java:523)
	at com.databricks.rpc.HttpServletWithPatch.service(HttpServletWithPatch.scala:33)
	at javax.servlet.http.HttpServlet.service(HttpServlet.java:590)
	at org.eclipse.jetty.servlet.ServletHolder.handle(ServletHolder.java:799)
	at org.eclipse.jetty.servlet.ServletHandler.doHandle(ServletHandler.java:554)
	at org.eclipse.jetty.server.handler.ScopedHandler.nextScope(ScopedHandler.java:190)
	at org.eclipse.jetty.servlet.ServletHandler.doScope(ServletHandler.java:505)
	at org.eclipse.jetty.server.handler.ScopedHandler.handle(ScopedHandler.java:141)
	at org.eclipse.jetty.server.handler.HandlerWrapper.handle(HandlerWrapper.java:127)
	at org.eclipse.jetty.server.Server.handle(Server.java:516)
	at org.eclipse.jetty.server.HttpChannel.lambda$handle$1(HttpChannel.java:487)
	at org.eclipse.jetty.server.HttpChannel.dispatch(HttpChannel.java:732)
	at org.eclipse.jetty.server.HttpChannel.handle(HttpChannel.java:479)
	at org.eclipse.jetty.server.HttpConnection.onFillable(HttpConnection.java:277)
	at org.eclipse.jetty.io.AbstractConnection$ReadCallback.succeeded(AbstractConnection.java:311)
	at org.eclipse.jetty.io.FillInterest.fillable(FillInterest.java:105)
	at org.eclipse.jetty.io.ChannelEndPoint$1.run(ChannelEndPoint.java:104)
	at org.eclipse.jetty.util.thread.strategy.EatWhatYouKill.runTask(EatWhatYouKill.java:338)
	at org.eclipse.jetty.util.thread.strategy.EatWhatYouKill.doProduce(EatWhatYouKill.java:315)
	at org.eclipse.jetty.util.thread.strategy.EatWhatYouKill.tryProduce(EatWhatYouKill.java:173)
	at org.eclipse.jetty.util.thread.strategy.EatWhatYouKill.run(EatWhatYouKill.java:131)
	at org.eclipse.jetty.util.thread.ReservedThreadExecutor$ReservedThread.run(ReservedThreadExecutor.java:409)
	at com.databricks.rpc.InstrumentedQueuedThreadPool$$anon$1.$anonfun$run$2(InstrumentedQueuedThreadPool.scala:110)
	at scala.runtime.java8.JFunction0$mcV$sp.apply(JFunction0$mcV$sp.scala:18)
	at com.databricks.logging.AttributionContextTracing.$anonfun$withAttributionContext$1(AttributionContextTracing.scala:49)
	at com.databricks.logging.AttributionContext$.$anonfun$withValue$1(AttributionContext.scala:293)
	at scala.util.DynamicVariable.withValue(DynamicVariable.scala:59)
	at com.databricks.logging.AttributionContext$.withValue(AttributionContext.scala:289)
	at com.databricks.logging.AttributionContextTracing.withAttributionContext(AttributionContextTracing.scala:47)
	at com.databricks.logging.AttributionContextTracing.withAttributionContext$(AttributionContextTracing.scala:44)
	at com.databricks.rpc.InstrumentedQueuedThreadPool.withAttributionContext(InstrumentedQueuedThreadPool.scala:45)
	at com.databricks.rpc.InstrumentedQueuedThreadPool$$anon$1.$anonfun$run$1(InstrumentedQueuedThreadPool.scala:110)
	at scala.runtime.java8.JFunction0$mcV$sp.apply(JFunction0$mcV$sp.scala:18)
	at com.databricks.instrumentation.QueuedThreadPoolInstrumenter.trackActiveThreads(QueuedThreadPoolInstrumenter.scala:132)
	at com.databricks.instrumentation.QueuedThreadPoolInstrumenter.trackActiveThreads$(QueuedThreadPoolInstrumenter.scala:129)
	at com.databricks.rpc.InstrumentedQueuedThreadPool.trackActiveThreads(InstrumentedQueuedThreadPool.scala:45)
	at com.databricks.rpc.InstrumentedQueuedThreadPool$$anon$1.run(InstrumentedQueuedThreadPool.scala:92)
	at org.eclipse.jetty.util.thread.QueuedThreadPool.runJob(QueuedThreadPool.java:883)
	at org.eclipse.jetty.util.thread.QueuedThreadPool$Runner.run(QueuedThreadPool.java:1034)
	at java.base/java.lang.Thread.run(Thread.java:840)
26/01/16 13:06:51 INFO SharedDriverContext: Successfully attached library file:/Workspace/Repos/ConnectData/PRD/libraries/dist/connect_data-last_version-py3-none-any.whl to Spark
26/01/16 13:06:51 INFO LibraryState: [Thread 213] Successfully attached library file:/Workspace/Repos/ConnectData/PRD/libraries/dist/connect_data-last_version-py3-none-any.whl
26/01/16 13:07:01 ERROR DriverCorral: Invalid executionContextId: MessagePacket(jupyter_message,Metadata(None,Some(kernel_info_request),Some(1115877656785222),Some(0308-151607-btdoodbb),Some(3156683065187494928),None,Some(CommandContext(...)),Some(Map(jupyter-message-viewer-enabled -> false))),MessagePayload(Map(),Some(control),Some(Header(Some(kernel_info_request),Some(e411205e-a6ab-42ae-88e4-2c015cf33c79),Some(databricksnbid:1115877656785222),Some(),Some(2026-01-16T13:07:01.939Z),Some(5.4))),None,Map(),List()),null)
26/01/16 13:07:08 INFO DriverCorral: REPL ReplId-19bc6-e7c84-5 finished addReplToExecutionContext (1)
26/01/16 13:07:08 INFO ColdStartReplFactory: Cold-start repl creation for: python, ReplInfo(driverReplId=ReplId-19bc6-e7c84-5, chauffeurReplId=ReplId-19bc6-e7c84-5,
 executionContextId=Some(ExecutionContextIdV2(5665848149580575669)), lazyInfoInitialized=true)
26/01/16 13:07:08 WARN SQLConf: The SQL config 'spark.sql.hive.convertCTAS' has been deprecated in Spark v3.1 and may be removed in the future. Set 'spark.sql.legacy.createHiveTableByDefault' to false instead.
26/01/16 13:07:08 WARN SQLConf: The SQL config 'spark.sql.hive.convertCTAS' has been deprecated in Spark v3.1 and may be removed in the future. Set 'spark.sql.legacy.createHiveTableByDefault' to false instead.
26/01/16 13:07:08 INFO DriverCorral$: Successfully created a user with ID 1003 for spark-bbcc53b5-2bb8-4ce5-a39b-b0.
26/01/16 13:07:09 ERROR CommChannelWebSocket: [session: 1965712499] onWebSocketError: error detected: key not found: ReplId-19bc6-e7c84-5
java.util.NoSuchElementException: key not found: ReplId-19bc6-e7c84-5
	at scala.collection.MapOps.default(Map.scala:274)
	at scala.collection.MapOps.default$(Map.scala:273)
	at scala.collection.AbstractMap.default(Map.scala:405)
	at scala.collection.MapOps.apply(Map.scala:176)
	at scala.collection.MapOps.apply$(Map.scala:175)
	at scala.collection.AbstractMap.apply(Map.scala:405)
	at scala.collection.StrictOptimizedIterableOps.map(StrictOptimizedIterableOps.scala:100)
	at scala.collection.StrictOptimizedIterableOps.map$(StrictOptimizedIterableOps.scala:87)
	at scala.collection.mutable.HashSet.map(HashSet.scala:31)
	at com.databricks.backend.daemon.driver.DriverCorral.routeDirectNotebookMessageToRepl(DriverCorral.scala:2209)
	at com.databricks.backend.daemon.driver.CommChannelWebSocket.onMessage(CommChannelWebSocketHandler.scala:69)
	at java.base/jdk.internal.reflect.NativeMethodAccessorImpl.invoke0(Native Method)
	at java.base/jdk.internal.reflect.NativeMethodAccessorImpl.invoke(NativeMethodAccessorImpl.java:77)
	at java.base/jdk.internal.reflect.DelegatingMethodAccessorImpl.invoke(DelegatingMethodAccessorImpl.java:43)
	at java.base/java.lang.reflect.Method.invoke(Method.java:569)
	at org.eclipse.jetty.websocket.common.events.annotated.CallableMethod.call(CallableMethod.java:70)
	at org.eclipse.jetty.websocket.common.events.annotated.OptionalSessionCallableMethod.call(OptionalSessionCallableMethod.java:72)
	at org.eclipse.jetty.websocket.common.events.JettyAnnotatedEventDriver.onTextMessage(JettyAnnotatedEventDriver.java:301)
	at org.eclipse.jetty.websocket.common.message.SimpleTextMessage.messageComplete(SimpleTextMessage.java:69)
	at org.eclipse.jetty.websocket.common.events.AbstractEventDriver.appendMessage(AbstractEventDriver.java:67)
	at org.eclipse.jetty.websocket.common.events.JettyAnnotatedEventDriver.onTextFrame(JettyAnnotatedEventDriver.java:287)
	at org.eclipse.jetty.websocket.common.events.AbstractEventDriver.incomingFrame(AbstractEventDriver.java:152)
	at org.eclipse.jetty.websocket.common.WebSocketSession.incomingFrame(WebSocketSession.java:326)
	at org.eclipse.jetty.websocket.common.extensions.ExtensionStack.incomingFrame(ExtensionStack.java:202)
	at org.eclipse.jetty.websocket.common.Parser.notifyFrame(Parser.java:225)
	at org.eclipse.jetty.websocket.common.Parser.parseSingleFrame(Parser.java:259)
	at org.eclipse.jetty.websocket.common.io.AbstractWebSocketConnection.onFillable(AbstractWebSocketConnection.java:459)
	at org.eclipse.jetty.websocket.common.io.AbstractWebSocketConnection.onFillable(AbstractWebSocketConnection.java:440)
	at org.eclipse.jetty.io.AbstractConnection$ReadCallback.succeeded(AbstractConnection.java:311)
	at org.eclipse.jetty.io.FillInterest.fillable(FillInterest.java:105)
	at org.eclipse.jetty.io.ssl.SslConnection$DecryptedEndPoint.onFillable(SslConnection.java:555)
	at org.eclipse.jetty.io.ssl.SslConnection.onFillable(SslConnection.java:410)
	at org.eclipse.jetty.io.ssl.SslConnection$2.succeeded(SslConnection.java:164)
	at org.eclipse.jetty.io.FillInterest.fillable(FillInterest.java:105)
	at org.eclipse.jetty.io.ChannelEndPoint$1.run(ChannelEndPoint.java:104)
	at org.eclipse.jetty.util.thread.strategy.EatWhatYouKill.runTask(EatWhatYouKill.java:338)
	at org.eclipse.jetty.util.thread.strategy.EatWhatYouKill.doProduce(EatWhatYouKill.java:315)
	at org.eclipse.jetty.util.thread.strategy.EatWhatYouKill.tryProduce(EatWhatYouKill.java:173)
	at org.eclipse.jetty.util.thread.strategy.EatWhatYouKill.run(EatWhatYouKill.java:131)
	at org.eclipse.jetty.util.thread.ReservedThreadExecutor$ReservedThread.run(ReservedThreadExecutor.java:409)
	at com.databricks.rpc.InstrumentedQueuedThreadPool$$anon$1.$anonfun$run$2(InstrumentedQueuedThreadPool.scala:110)
	at scala.runtime.java8.JFunction0$mcV$sp.apply(JFunction0$mcV$sp.scala:18)
	at com.databricks.logging.AttributionContextTracing.$anonfun$withAttributionContext$1(AttributionContextTracing.scala:49)
	at com.databricks.logging.AttributionContext$.$anonfun$withValue$1(AttributionContext.scala:293)
	at scala.util.DynamicVariable.withValue(DynamicVariable.scala:59)
	at com.databricks.logging.AttributionContext$.withValue(AttributionContext.scala:289)
	at com.databricks.logging.AttributionContextTracing.withAttributionContext(AttributionContextTracing.scala:47)
	at com.databricks.logging.AttributionContextTracing.withAttributionContext$(AttributionContextTracing.scala:44)
	at com.databricks.rpc.InstrumentedQueuedThreadPool.withAttributionContext(InstrumentedQueuedThreadPool.scala:45)
	at com.databricks.rpc.InstrumentedQueuedThreadPool$$anon$1.$anonfun$run$1(InstrumentedQueuedThreadPool.scala:110)
	at scala.runtime.java8.JFunction0$mcV$sp.apply(JFunction0$mcV$sp.scala:18)
	at com.databricks.instrumentation.QueuedThreadPoolInstrumenter.trackActiveThreads(QueuedThreadPoolInstrumenter.scala:132)
	at com.databricks.instrumentation.QueuedThreadPoolInstrumenter.trackActiveThreads$(QueuedThreadPoolInstrumenter.scala:129)
	at com.databricks.rpc.InstrumentedQueuedThreadPool.trackActiveThreads(InstrumentedQueuedThreadPool.scala:45)
	at com.databricks.rpc.InstrumentedQueuedThreadPool$$anon$1.run(InstrumentedQueuedThreadPool.scala:92)
	at org.eclipse.jetty.util.thread.QueuedThreadPool.runJob(QueuedThreadPool.java:883)
	at org.eclipse.jetty.util.thread.QueuedThreadPool$Runner.run(QueuedThreadPool.java:1034)
	at java.base/java.lang.Thread.run(Thread.java:840)
26/01/16 13:07:09 INFO OutgoingDirectNotebookMessageBuffer: [session: 1965712499] Stop MessageSendTask
26/01/16 13:07:09 INFO CommChannelWebSocket: [session: 1965712499] onWebSocketClose with statusCode: 1011, reason: key not found: ReplId-19bc6-e7c84-5
26/01/16 13:07:09 INFO CommChannelWebSocket: [session: 714338372] onWebSocketConnect with headers: {Accept-Encoding=[gzip], Cache-Control=[no-cache], Connection=[Upgrade], DB-Outgoing-Buffer-Throttler-Burst=[60000000], DB-Outgoing-Buffer-Throttler-Steady-Rate=[6000000], DB-Outgoing-Buffer-Throttler-Warning-Interval-Sec=[60], dnc-connection-safe-flags=[enableLSPGoToDefinitionOnModule_v2=true;enableWSFSPythonModulePeek=false;jediAutoImportModulesList=asyncio,numpy,pandas,pyspark,pyspark.ml,pyspark.sql,seaborn,urllib3;], Host=[10.139.64.18:6062], Pragma=[no-cache], Proxied=[true], Sec-WebSocket-Key=[CifGrcwKZKnS2vnx+Q4OZw==], Sec-WebSocket-Version=[13], Upgrade=[websocket], User-Agent=[Jetty/9.4.58.v20250814]}
26/01/16 13:07:09 INFO OutgoingDirectNotebookMessageBuffer: [session: 714338372] Start MessageSendTask
26/01/16 13:07:09 INFO DriverCorral$ReplOuterWrapper: DriverWrapper created for REPL ReplInfo(driverReplId=ReplId-19bc6-e7c84-5, chauffeurReplId=ReplId-19bc6-e7c84-5,
 executionContextId=Some(ExecutionContextIdV2(5665848149580575669)), lazyInfoInitialized=true)
26/01/16 13:07:09 INFO DriverCorral: Adding repl ReplId-19bc6-e7c84-5 to execution context 5665848149580575669 (2)
26/01/16 13:07:09 INFO DriverCorral: StartReplOptions: 
26/01/16 13:07:09 INFO PythonDriverWrapper: REPL status transitioned to Starting ReplId-19bc6-e7c84-5 (3)
26/01/16 13:07:09 INFO PythonDriverWrapper: Starting ReplId-19bc6-e7c84-5 - driverStatus transitioned to Starting (4)
26/01/16 13:07:09 INFO AbstractParser$ParserCaches: EXPERIMENTAL: Query cached 10 DFA states in the parser. Total cached DFA states: 80in the parser. Driver memory: 6290931712.
26/01/16 13:07:09 INFO QueryPlanningTracker: Query phase parsing took 0s before execution.
26/01/16 13:07:09 INFO QueryPlanningTracker: Query phase analysis took 0s before execution.
26/01/16 13:07:09 INFO CurrentQueryContext: Thread Thread[WRAPPER-ReplId-19bc6-e7c84-5,5,main]: Setting current query category as an executable command (Command is a class org.apache.spark.sql.execution.command.AddJarsCommand).
26/01/16 13:07:09 INFO QueryPlanningTracker: Query phase analysis took 0s before execution.
26/01/16 13:07:09 INFO ClusterLoadMonitor: Added query with execution ID:0. Current active queries:1
26/01/16 13:07:09 INFO QueryAnalyzedPlanSizeLogger$: Total number of expressions in the analyzed plan: 0, computed in 7 ms.
26/01/16 13:07:09 INFO QueryPlanningTracker: Query phase analysis took 0s before execution.
26/01/16 13:07:09 INFO LogicalPlanStats: Setting LogicalPlanStats visitor to com.databricks.sql.optimizer.statsEstimation.DatabricksLogicalPlanStatsVisitor$
26/01/16 13:07:11 ERROR DriverCorral: Invalid executionContextId: MessagePacket(jupyter_message,Metadata(None,Some(kernel_info_request),Some(1115877656785222),Some(0308-151607-btdoodbb),Some(3156683065187494928),None,Some(CommandContext(...)),Some(Map(jupyter-message-viewer-enabled -> false))),MessagePayload(Map(),Some(control),Some(Header(Some(kernel_info_request),Some(742f6ba3-1226-4900-b8a8-f5e83c117ff2),Some(databricksnbid:1115877656785222),Some(),Some(2026-01-16T13:07:11.955Z),Some(5.4))),None,Map(),List()),null)
26/01/16 13:07:11 INFO QueryPlanningTracker: Query phase optimization took 1s before execution.
26/01/16 13:07:11 INFO QueryPlanningTracker: Query phase planning took 0s before execution.
26/01/16 13:07:11 INFO ClusterLoadAvgHelper: Current cluster load: 1, Old Ema: 0.0, New Ema: 1.0 
26/01/16 13:07:11 INFO QueryPlanningTracker: Query phase planning took 0s before execution.
26/01/16 13:07:12 INFO deprecation: fs.default.name is deprecated. Instead, use fs.defaultFS
26/01/16 13:07:12 INFO deprecation: fs.default.name is deprecated. Instead, use fs.defaultFS
26/01/16 13:07:12 INFO SecuredHiveExternalCatalog: creating hiveClient from java.lang.Throwable
	at org.apache.spark.sql.hive.HiveExternalCatalog.client$lzycompute(HiveExternalCatalog.scala:87)
	at org.apache.spark.sql.hive.HiveExternalCatalog.client(HiveExternalCatalog.scala:85)
	at org.apache.spark.sql.hive.HiveExternalCatalog.maybeSynchronized(HiveExternalCatalog.scala:121)
	at org.apache.spark.sql.hive.HiveExternalCatalog.$anonfun$withClient$1(HiveExternalCatalog.scala:179)
	at com.databricks.backend.daemon.driver.ProgressReporter$.withStatusCode(ProgressReporter.scala:455)
	at com.databricks.spark.util.SparkDatabricksProgressReporter$.withStatusCode(ProgressReporter.scala:34)
	at org.apache.spark.sql.hive.HiveExternalCatalog.withClient(HiveExternalCatalog.scala:179)
	at org.apache.spark.sql.hive.HiveExternalCatalog.databaseExists(HiveExternalCatalog.scala:432)
	at org.apache.spark.sql.internal.SharedState.externalCatalog$lzycompute(SharedState.scala:374)
	at org.apache.spark.sql.internal.SharedState.externalCatalog(SharedState.scala:364)
	at org.apache.spark.sql.hive.HiveSessionStateBuilder.externalCatalog(HiveSessionStateBuilder.scala:62)
	at org.apache.spark.sql.hive.HiveSessionStateBuilder.$anonfun$resourceLoader$1(HiveSessionStateBuilder.scala:69)
	at org.apache.spark.sql.hive.HiveSessionResourceLoader.client$lzycompute(HiveSessionStateBuilder.scala:211)
	at org.apache.spark.sql.hive.HiveSessionResourceLoader.client(HiveSessionStateBuilder.scala:211)
	at org.apache.spark.sql.hive.HiveSessionResourceLoader.$anonfun$addJar$1(HiveSessionStateBuilder.scala:215)
	at org.apache.spark.sql.hive.HiveSessionResourceLoader.$anonfun$addJar$1$adapted(HiveSessionStateBuilder.scala:214)
	at scala.collection.immutable.List.foreach(List.scala:333)
	at org.apache.spark.sql.hive.HiveSessionResourceLoader.addJar(HiveSessionStateBuilder.scala:214)
	at org.apache.spark.sql.execution.command.AddJarsCommand.$anonfun$run$1(resources.scala:38)
	at org.apache.spark.sql.execution.command.AddJarsCommand.$anonfun$run$1$adapted(resources.scala:36)
	at scala.collection.immutable.List.foreach(List.scala:333)
	at org.apache.spark.sql.execution.command.AddJarsCommand.run(resources.scala:36)
	at org.apache.spark.sql.execution.command.ExecutedCommandExec.$anonfun$sideEffectResult$2(commands.scala:84)
	at org.apache.spark.sql.execution.SparkPlan.runCommandInAetherOrSpark(SparkPlan.scala:194)
	at org.apache.spark.sql.execution.command.ExecutedCommandExec.$anonfun$sideEffectResult$1(commands.scala:84)
	at com.databricks.spark.util.FrameProfiler$.record(FrameProfiler.scala:94)
	at org.apache.spark.sql.execution.command.ExecutedCommandExec.sideEffectResult$lzycompute(commands.scala:81)
	at org.apache.spark.sql.execution.command.ExecutedCommandExec.sideEffectResult(commands.scala:80)
	at org.apache.spark.sql.execution.command.ExecutedCommandExec.executeCollect(commands.scala:94)
	at org.apache.spark.sql.execution.QueryExecution.$anonfun$eagerlyExecuteCommands$5(QueryExecution.scala:556)
	at com.databricks.util.LexicalThreadLocal$Handle.runWith(LexicalThreadLocal.scala:63)
	at org.apache.spark.sql.execution.QueryExecution.$anonfun$eagerlyExecuteCommands$4(QueryExecution.scala:556)
	at org.apache.spark.sql.catalyst.QueryPlanningTracker$.withTracker(QueryPlanningTracker.scala:233)
	at org.apache.spark.sql.execution.QueryExecution.$anonfun$eagerlyExecuteCommands$3(QueryExecution.scala:555)
	at org.apache.spark.sql.execution.SQLExecution$.$anonfun$withNewExecutionId0$11(SQLExecution.scala:482)
	at com.databricks.sql.util.MemoryTrackerHelper.withMemoryTracking(MemoryTrackerHelper.scala:80)
	at org.apache.spark.sql.execution.SQLExecution$.$anonfun$withNewExecutionId0$10(SQLExecution.scala:418)
	at org.apache.spark.sql.execution.SQLExecution$.withSQLConfPropagated(SQLExecution.scala:806)
	at org.apache.spark.sql.execution.SQLExecution$.$anonfun$withNewExecutionId0$1(SQLExecution.scala:348)
	at org.apache.spark.sql.SparkSession.withActive(SparkSession.scala:1470)
	at org.apache.spark.sql.execution.SQLExecution$.withNewExecutionId0(SQLExecution.scala:217)
	at org.apache.spark.sql.execution.SQLExecution$.withNewExecutionId(SQLExecution.scala:743)
	at org.apache.spark.sql.execution.QueryExecution.$anonfun$eagerlyExecuteCommands$2(QueryExecution.scala:551)
	at org.apache.spark.sql.execution.QueryExecution$.withInternalError(QueryExecution.scala:1429)
	at org.apache.spark.sql.execution.QueryExecution.$anonfun$eagerlyExecuteCommands$1(QueryExecution.scala:547)
	at org.apache.spark.sql.execution.QueryExecution.withMVTagsIfNecessary(QueryExecution.scala:476)
	at org.apache.spark.sql.execution.QueryExecution.org$apache$spark$sql$execution$QueryExecution$$eagerlyExecute$1(QueryExecution.scala:545)
	at org.apache.spark.sql.execution.QueryExecution$$anonfun$$nestedInanonfun$eagerlyExecuteCommands$8$1.applyOrElse(QueryExecution.scala:624)
	at org.apache.spark.sql.execution.QueryExecution$$anonfun$$nestedInanonfun$eagerlyExecuteCommands$8$1.applyOrElse(QueryExecution.scala:619)
	at org.apache.spark.sql.catalyst.trees.TreeNode.$anonfun$transformDownWithPruning$1(TreeNode.scala:521)
	at org.apache.spark.sql.catalyst.trees.CurrentOrigin$.withOrigin(origin.scala:85)
	at org.apache.spark.sql.catalyst.trees.TreeNode.transformDownWithPruning(TreeNode.scala:521)
	at org.apache.spark.sql.catalyst.plans.logical.LogicalPlan.org$apache$spark$sql$catalyst$plans$logical$AnalysisHelper$$super$transformDownWithPruning(LogicalPlan.scala:42)
	at org.apache.spark.sql.catalyst.plans.logical.AnalysisHelper.transformDownWithPruning(AnalysisHelper.scala:361)
	at org.apache.spark.sql.catalyst.plans.logical.AnalysisHelper.transformDownWithPruning$(AnalysisHelper.scala:357)
	at org.apache.spark.sql.catalyst.plans.logical.LogicalPlan.transformDownWithPruning(LogicalPlan.scala:42)
	at org.apache.spark.sql.catalyst.plans.logical.LogicalPlan.transformDownWithPruning(LogicalPlan.scala:42)
	at org.apache.spark.sql.catalyst.trees.TreeNode.transformDown(TreeNode.scala:497)
	at org.apache.spark.sql.execution.QueryExecution.$anonfun$eagerlyExecuteCommands$8(QueryExecution.scala:619)
	at org.apache.spark.sql.catalyst.plans.logical.AnalysisHelper$.allowInvokingTransformsInAnalyzer(AnalysisHelper.scala:418)
	at org.apache.spark.sql.execution.QueryExecution.eagerlyExecuteCommands(QueryExecution.scala:619)
	at org.apache.spark.sql.execution.QueryExecution.$anonfun$lazyCommandExecuted$1(QueryExecution.scala:432)
	at scala.util.Try$.apply(Try.scala:210)
	at org.apache.spark.util.Utils$.doTryWithCallerStacktrace(Utils.scala:1684)
	at org.apache.spark.util.LazyTry.tryT$lzycompute(LazyTry.scala:46)
	at org.apache.spark.util.LazyTry.tryT(LazyTry.scala:46)
	at org.apache.spark.util.LazyTry.get(LazyTry.scala:58)
	at org.apache.spark.sql.execution.QueryExecution.commandExecuted(QueryExecution.scala:437)
	at org.apache.spark.sql.Dataset.<init>(Dataset.scala:406)
	at org.apache.spark.sql.Dataset$.$anonfun$ofRows$3(Dataset.scala:150)
	at org.apache.spark.sql.SparkSession.withActive(SparkSession.scala:1470)
	at org.apache.spark.sql.SparkSession.$anonfun$withActiveAndFrameProfiler$1(SparkSession.scala:1477)
	at com.databricks.spark.util.FrameProfiler$.record(FrameProfiler.scala:94)
	at org.apache.spark.sql.SparkSession.withActiveAndFrameProfiler(SparkSession.scala:1477)
	at org.apache.spark.sql.Dataset$.ofRows(Dataset.scala:141)
	at org.apache.spark.sql.SparkSession.$anonfun$sql$4(SparkSession.scala:1150)
	at org.apache.spark.sql.SparkSession.withActive(SparkSession.scala:1470)
	at org.apache.spark.sql.SparkSession.sql(SparkSession.scala:1102)
	at org.apache.spark.sql.SparkSession.sql(SparkSession.scala:1174)
	at org.apache.spark.sql.SparkSession.sql(SparkSession.scala:1207)
	at org.apache.spark.sql.SQLContext.sql(SQLContext.scala:696)
	at com.databricks.backend.daemon.driver.DriverLocal.$anonfun$new$7(DriverLocal.scala:689)
	at org.apache.spark.SafeAddJarOrFile$.safe(SafeAddJarOrFile.scala:31)
	at com.databricks.backend.daemon.driver.DriverLocal.$anonfun$new$6(DriverLocal.scala:683)
	at com.databricks.sql.acl.CheckPermissions$.$anonfun$trusted$1(CheckPermissions.scala:2482)
	at com.databricks.sql.util.ThreadLocalTagger.withTag(QueryTagger.scala:63)
	at com.databricks.sql.util.ThreadLocalTagger.withTag$(QueryTagger.scala:60)
	at com.databricks.sql.util.QueryTagger$.withTag(QueryTagger.scala:220)
	at com.databricks.sql.acl.CheckPermissions$.trusted(CheckPermissions.scala:2482)
	at com.databricks.backend.daemon.driver.DriverLocal.$anonfun$new$5(DriverLocal.scala:682)
	at com.databricks.unity.UCSEphemeralState$Handle.runWith(UCSEphemeralState.scala:51)
	at com.databricks.unity.HandleImpl.runWith(UCSHandle.scala:104)
	at com.databricks.backend.daemon.driver.DriverLocal.$anonfun$new$4(DriverLocal.scala:675)
	at scala.util.Using$.resource(Using.scala:261)
	at com.databricks.backend.daemon.driver.DriverLocal.$anonfun$new$3(DriverLocal.scala:674)
	at scala.collection.immutable.List.foreach(List.scala:333)
	at com.databricks.backend.daemon.driver.DriverLocal.<init>(DriverLocal.scala:660)
	at com.databricks.backend.daemon.driver.PythonDriverLocalBase.<init>(PythonDriverLocalBase.scala:238)
	at com.databricks.backend.daemon.driver.JupyterDriverLocal.<init>(JupyterDriverLocal.scala:257)
	at com.databricks.backend.daemon.driver.PythonDriverWrapper.instantiateDriver(DriverWrapper.scala:1213)
	at com.databricks.backend.daemon.driver.DriverWrapper.$anonfun$setupRepl$1(DriverWrapper.scala:458)
	at scala.runtime.java8.JFunction0$mcV$sp.apply(JFunction0$mcV$sp.scala:18)
	at com.databricks.common.metrics.Measurement.recordDurationWithStatus(Measurement.scala:51)
	at com.databricks.common.metrics.Measurement.recordDurationWithStatus$(Measurement.scala:44)
	at com.databricks.backend.daemon.driver.DriverWrapper.recordDurationWithStatus(DriverWrapper.scala:81)
	at com.databricks.common.metrics.Measurement.recordDurationWithStatus(Measurement.scala:81)
	at com.databricks.common.metrics.Measurement.recordDurationWithStatus$(Measurement.scala:79)
	at com.databricks.backend.daemon.driver.DriverWrapper.recordDurationWithStatus(DriverWrapper.scala:81)
	at com.databricks.backend.daemon.driver.DriverWrapper.setupRepl(DriverWrapper.scala:445)
	at com.databricks.backend.daemon.driver.DriverWrapper.run(DriverWrapper.scala:371)
	at java.base/java.lang.Thread.run(Thread.java:840)

26/01/16 13:07:12 WARN SQLConf: The SQL config 'spark.sql.hive.convertCTAS' has been deprecated in Spark v3.1 and may be removed in the future. Set 'spark.sql.legacy.createHiveTableByDefault' to false instead.
26/01/16 13:07:12 INFO HiveUtils: Initializing HiveMetastoreConnection version 0.13.0 using paths: file:/databricks/databricks-hive/----ws_3_5--maven-trees--hive-metastore-databricks-log4j2--org.apache.hive--hive-ant--org.apache.hive__hive-ant__0.13.1-databricks-10.jar, file:/databricks/databricks-hive/----ws_3_5--maven-trees--hive-metastore-databricks-log4j2--org.codehaus.groovy--groovy-all--org.codehaus.groovy__groovy-all__2.1.6.jar, file:/databricks/databricks-hive/----ws_3_5--maven-trees--hive-metastore-databricks-log4j2--commons-logging--commons-logging--commons-logging__commons-logging__1.1.3.jar, file:/databricks/databricks-hive/----ws_3_5--maven-trees--hive-metastore-databricks-log4j2--org.apache.velocity--velocity--org.apache.velocity__velocity__1.5.jar, file:/databricks/databricks-hive/----ws_3_5--maven-trees--hive-metastore-databricks-log4j2--org.apache.hive--hive-beeline--org.apache.hive__hive-beeline__0.13.1-databricks-10.jar, file:/databricks/databricks-hive/----ws_3_5--maven-trees--hive-metastore-databricks-log4j2--org.antlr--ST4--org.antlr__ST4__4.0.4.jar, file:/databricks/databricks-hive/----ws_3_5--maven-trees--hive-metastore-databricks-log4j2--antlr--antlr--antlr__antlr__2.7.7.jar, file:/databricks/databricks-hive/----ws_3_5--maven-trees--hive-metastore-databricks-log4j2--com.esotericsoftware.kryo--kryo--com.esotericsoftware.kryo__kryo__2.21.jar, file:/databricks/databricks-hive/----ws_3_5--maven-trees--hive-metastore-databricks-log4j2--org.apache.logging.log4j--log4j-1.2-api--org.apache.logging.log4j__log4j-1.2-api__2.19.0.jar, file:/databricks/databricks-hive/----ws_3_5--maven-trees--hive-metastore-databricks-log4j2--org.apache.hive.shims--hive-shims-0.23--org.apache.hive.shims__hive-shims-0.23__0.13.1-databricks-10.jar, file:/databricks/databricks-hive/----ws_3_5--maven-trees--hive-metastore-databricks-log4j2--org.apache.avro--avro--org.apache.avro__avro__1.7.5.jar, file:/databricks/databricks-hive/----ws_3_5--maven-trees--hive-metastore-databricks-log4j2--org.apache.httpcomponents--httpclient--org.apache.httpcomponents__httpclient__4.4.1.jar, file:/databricks/databricks-hive/----ws_3_5--maven-trees--hive-metastore-databricks-log4j2--org.objenesis--objenesis--org.objenesis__objenesis__1.2.jar, file:/databricks/databricks-hive/----ws_3_5--maven-trees--hive-metastore-databricks-log4j2--oro--oro--oro__oro__2.0.8.jar, file:/databricks/databricks-hive/----ws_3_5--maven-trees--hive-metastore-databricks-log4j2--com.google.guava--guava--com.google.guava__guava__11.0.2.jar, file:/databricks/databricks-hive/----ws_3_5--maven-trees--hive-metastore-databricks-log4j2--org.apache.commons--commons-lang3--org.apache.commons__commons-lang3__3.4.jar, file:/databricks/databricks-hive/----ws_3_5--maven-trees--hive-metastore-databricks-log4j2--commons-io--commons-io--commons-io__commons-io__2.5.jar, file:/databricks/databricks-hive/----ws_3_5--maven-trees--hive-metastore-databricks-log4j2--com.esotericsoftware.reflectasm--reflectasm--com.esotericsoftware.reflectasm__reflectasm__1.07-shaded.jar, file:/databricks/databricks-hive/----ws_3_5--maven-trees--hive-metastore-databricks-log4j2--commons-codec--commons-codec--commons-codec__commons-codec__1.8.jar, file:/databricks/databricks-hive/----ws_3_5--maven-trees--hive-metastore-databricks-log4j2--org.antlr--antlr-runtime--org.antlr__antlr-runtime__3.4.jar, file:/databricks/databricks-hive/----ws_3_5--maven-trees--hive-metastore-databricks-log4j2--javax.jdo--jdo-api--javax.jdo__jdo-api__3.0.1.jar, file:/databricks/databricks-hive/----ws_3_5--maven-trees--hive-metastore-databricks-log4j2--org.antlr--stringtemplate--org.antlr__stringtemplate__3.2.1.jar, file:/databricks/databricks-hive/----ws_3_5--maven-trees--hive-metastore-databricks-log4j2--commons-cli--commons-cli--commons-cli__commons-cli__1.2.jar, file:/databricks/databricks-hive/----ws_3_5--maven-trees--hive-metastore-databricks-log4j2--org.apache.logging.log4j--log4j-api--org.apache.logging.log4j__log4j-api__2.19.0.jar, file:/databricks/databricks-hive/----ws_3_5--maven-trees--hive-metastore-databricks-log4j2--org.apache.hive--hive-cli--org.apache.hive__hive-cli__0.13.1-databricks-10.jar, file:/databricks/databricks-hive/----ws_3_5--maven-trees--hive-metastore-databricks-log4j2--org.datanucleus--datanucleus-core--org.datanucleus__datanucleus-core__4.1.17.jar, file:/databricks/databricks-hive/----ws_3_5--maven-trees--hive-metastore-databricks-log4j2--com.thoughtworks.paranamer--paranamer--com.thoughtworks.paranamer__paranamer__2.8.jar, file:/databricks/databricks-hive/----ws_3_5--maven-trees--hive-metastore-databricks-log4j2--junit--junit--junit__junit__3.8.1.jar, file:/databricks/databricks-hive/----ws_3_5--maven-trees--hive-metastore-databricks-log4j2--org.apache.hive.shims--hive-shims-common-secure--org.apache.hive.shims__hive-shims-common-secure__0.13.1-databricks-10.jar, file:/databricks/databricks-hive/----ws_3_5--maven-trees--hive-metastore-databricks-log4j2--org.apache.commons--commons-compress--org.apache.commons__commons-compress__1.9.jar, file:/databricks/databricks-hive/----ws_3_5--maven-trees--hive-metastore-databricks-log4j2--org.apache.httpcomponents--httpcore--org.apache.httpcomponents__httpcore__4.4.1.jar, file:/databricks/databricks-hive/----ws_3_5--maven-trees--hive-metastore-databricks-log4j2--org.apache.hive--hive-serde--org.apache.hive__hive-serde__0.13.1-databricks-10.jar, file:/databricks/databricks-hive/----ws_3_5--maven-trees--hive-metastore-databricks-log4j2--org.apache.hive.shims--hive-shims-0.20--org.apache.hive.shims__hive-shims-0.20__0.13.1-databricks-10.jar, file:/databricks/databricks-hive/----ws_3_5--maven-trees--hive-metastore-databricks-log4j2--com.esotericsoftware.minlog--minlog--com.esotericsoftware.minlog__minlog__1.2.jar, file:/databricks/databricks-hive/----ws_3_5--maven-trees--hive-metastore-databricks-log4j2--javax.transaction--jta--javax.transaction__jta__1.1.jar, file:/databricks/databricks-hive/----ws_3_5--maven-trees--hive-metastore-databricks-log4j2--commons-collections--commons-collections--commons-collections__commons-collections__3.2.2.jar, file:/databricks/databricks-hive/----ws_3_5--maven-trees--hive-metastore-databricks-log4j2--org.datanucleus--datanucleus-rdbms--org.datanucleus__datanucleus-rdbms__4.1.19.jar, file:/databricks/databricks-hive/----ws_3_5--maven-trees--hive-metastore-databricks-log4j2--net.sf.jpam--jpam--net.sf.jpam__jpam__1.1.jar, file:/databricks/databricks-hive/----ws_3_5--maven-trees--hive-metastore-databricks-log4j2--org.apache.hive--hive-metastore--org.apache.hive__hive-metastore__0.13.1-databricks-10.jar, file:/databricks/databricks-hive/----ws_3_5--maven-trees--hive-metastore-databricks-log4j2--javax.transaction--transaction-api--javax.transaction__transaction-api__1.1.jar, file:/databricks/databricks-hive/----ws_3_5--maven-trees--hive-metastore-databricks-log4j2--org.apache.thrift--libthrift--org.apache.thrift__libthrift__0.9.2.jar, file:/databricks/databricks-hive/----ws_3_5--maven-trees--hive-metastore-databricks-log4j2--com.jolbox--bonecp--com.jolbox__bonecp__0.8.0.RELEASE.jar, file:/databricks/databricks-hive/----ws_3_5--maven-trees--hive-metastore-databricks-log4j2--org.codehaus.jackson--jackson-mapper-asl--org.codehaus.jackson__jackson-mapper-asl__1.9.13.jar, file:/databricks/databricks-hive/----ws_3_5--maven-trees--hive-metastore-databricks-log4j2--org.apache.zookeeper--zookeeper--org.apache.zookeeper__zookeeper__3.4.5.jar, file:/databricks/databricks-hive/----ws_3_5--maven-trees--hive-metastore-databricks-log4j2--org.datanucleus--javax.jdo--org.datanucleus__javax.jdo__3.2.0-m3.jar, file:/databricks/databricks-hive/----ws_3_5--maven-trees--hive-metastore-databricks-log4j2--com.zaxxer--HikariCP--com.zaxxer__HikariCP__2.5.1.jar, file:/databricks/databricks-hive/----ws_3_5--maven-trees--hive-metastore-databricks-log4j2--jline--jline--jline__jline__0.9.94.jar, file:/databricks/databricks-hive/----ws_3_5--maven-trees--hive-metastore-databricks-log4j2--org.codehaus.jackson--jackson-core-asl--org.codehaus.jackson__jackson-core-asl__1.9.13.jar, file:/databricks/databricks-hive/----ws_3_5--maven-trees--hive-metastore-databricks-log4j2--org.apache.ant--ant--org.apache.ant__ant__1.9.1.jar, file:/databricks/databricks-hive/----ws_3_5--maven-trees--hive-metastore-databricks-log4j2--org.slf4j--slf4j-api--org.slf4j__slf4j-api__2.0.6.jar, file:/databricks/databricks-hive/----ws_3_5--maven-trees--hive-metastore-databricks-log4j2--org.apache.derby--derby--org.apache.derby__derby__10.10.1.1.jar, file:/databricks/databricks-hive/----ws_3_5--maven-trees--hive-metastore-databricks-log4j2--org.datanucleus--datanucleus-api-jdo--org.datanucleus__datanucleus-api-jdo__4.2.4.jar, file:/databricks/databricks-hive/manifest.jar, file:/databricks/databricks-hive/----ws_3_5--maven-trees--hive-metastore-databricks-log4j2--org.apache.hive--hive-common--org.apache.hive__hive-common__0.13.1-databricks-10.jar, file:/databricks/databricks-hive/----ws_3_5--maven-trees--hive-metastore-databricks-log4j2--org.xerial.snappy--snappy-java--org.xerial.snappy__snappy-java__1.0.5.jar, file:/databricks/databricks-hive/----ws_3_5--maven-trees--hive-metastore-databricks-log4j2--org.apache.hive.shims--hive-shims-0.20S--org.apache.hive.shims__hive-shims-0.20S__0.13.1-databricks-10.jar, file:/databricks/databricks-hive/----ws_3_5--maven-trees--hive-metastore-databricks-log4j2--org.apache.logging.log4j--log4j-slf4j2-impl--org.apache.logging.log4j__log4j-slf4j2-impl__2.19.0.jar, file:/databricks/databricks-hive/----ws_3_5--maven-trees--hive-metastore-databricks-log4j2--org.apache.thrift--libfb303--org.apache.thrift__libfb303__0.9.0.jar, file:/databricks/databricks-hive/----ws_3_5--maven-trees--hive-metastore-databricks-log4j2--org.apache.hive--hive-exec--org.apache.hive__hive-exec__0.13.1-databricks-10.jar, file:/databricks/databricks-hive/----ws_3_5--maven-trees--hive-metastore-databricks-log4j2--org.apache.ant--ant-launcher--org.apache.ant__ant-launcher__1.9.1.jar, file:/databricks/databricks-hive/----ws_3_5--maven-trees--hive-metastore-databricks-log4j2--commons-lang--commons-lang--commons-lang__commons-lang__2.4.jar, file:/databricks/databricks-hive/----ws_3_5--maven-trees--hive-metastore-databricks-log4j2--commons-httpclient--commons-httpclient--commons-httpclient__commons-httpclient__3.0.1.jar, file:/databricks/databricks-hive/----ws_3_5--maven-trees--hive-metastore-databricks-log4j2--org.apache.hive--hive-jdbc--org.apache.hive__hive-jdbc__0.13.1-databricks-10.jar, file:/databricks/databricks-hive/----ws_3_5--maven-trees--hive-metastore-databricks-log4j2--org.apache.hive--hive-service--org.apache.hive__hive-service__0.13.1-databricks-10.jar, file:/databricks/databricks-hive/----ws_3_5--maven-trees--hive-metastore-databricks-log4j2--org.apache.hive--hive-shims--org.apache.hive__hive-shims__0.13.1-databricks-10.jar, file:/databricks/databricks-hive/----ws_3_5--maven-trees--hive-metastore-databricks-log4j2--com.google.code.findbugs--jsr305--com.google.code.findbugs__jsr305__1.3.9.jar, file:/databricks/databricks-hive/----ws_3_5--maven-trees--hive-metastore-databricks-log4j2--stax--stax-api--stax__stax-api__1.0.1.jar, file:/databricks/databricks-hive/----ws_3_5--maven-trees--hive-metastore-databricks-log4j2--org.apache.logging.log4j--log4j-core--org.apache.logging.log4j__log4j-core__2.19.0.jar, file:/databricks/databricks-hive/----ws_3_5--maven-trees--hive-metastore-databricks-log4j2--org.apache.hive.shims--hive-shims-common--org.apache.hive.shims__hive-shims-common__0.13.1-databricks-10.jar, file:/databricks/databricks-hive/bonecp-configs.jar
26/01/16 13:07:12 INFO PoolingHiveClient: Hive metastore connection pool implementation is HikariCP
26/01/16 13:07:12 INFO LocalHiveClientsPool: Create Hive Metastore client pool of size 20
26/01/16 13:07:13 INFO HiveClientImpl: Warehouse location for Hive client (version 0.13.1) is dbfs:/user/hive/warehouse
26/01/16 13:07:13 INFO HiveMetaStore: 0: Opening raw store with implemenation class:org.apache.hadoop.hive.metastore.ObjectStore
26/01/16 13:07:13 INFO ObjectStore: ObjectStore, initialize called
26/01/16 13:07:13 INFO Persistence: Property datanucleus.fixedDatastore unknown - will be ignored
26/01/16 13:07:13 INFO Persistence: Property datanucleus.connectionPool.idleTimeout unknown - will be ignored
26/01/16 13:07:13 INFO Persistence: Property hive.metastore.integral.jdo.pushdown unknown - will be ignored
26/01/16 13:07:13 INFO Persistence: Property datanucleus.cache.level2 unknown - will be ignored
26/01/16 13:07:13 INFO HikariDataSource: HikariPool-1 - Started.
26/01/16 13:07:13 WARN DriverDaemon: Unexpected exception: java.lang.NullPointerException: Cannot invoke "com.databricks.backend.daemon.driver.DriverLocal.inspectRequest(String, long, long)" because "this.repl" is null
java.lang.NullPointerException: Cannot invoke "com.databricks.backend.daemon.driver.DriverLocal.inspectRequest(String, long, long)" because "this.repl" is null
	at com.databricks.backend.daemon.driver.DriverWrapper.inspectRequest(DriverWrapper.scala:435)
	at com.databricks.backend.daemon.driver.DriverCorralRPCRequestHandlerHelper$.$anonfun$handleInspectRequest$1(DriverCorralRPCRequestHandlerHelper.scala:35)
	at scala.Option.map(Option.scala:242)
	at com.databricks.backend.daemon.driver.DriverCorralRPCRequestHandlerHelper$.handleInspectRequest(DriverCorralRPCRequestHandlerHelper.scala:35)
	at com.databricks.backend.daemon.driver.DriverCorral.com$databricks$backend$daemon$driver$DriverCorral$$handleRPCRequest(DriverCorral.scala:1484)
	at com.databricks.backend.daemon.driver.DriverCorral$$anonfun$receive$1.applyOrElse(DriverCorral.scala:1860)
	at com.databricks.backend.daemon.driver.DriverCorral$$anonfun$receive$1.applyOrElse(DriverCorral.scala:1858)
	at com.databricks.rpc.ServerBackend.$anonfun$internalReceive0$2(ServerBackend.scala:174)
	at com.databricks.rpc.ServerBackend$$anonfun$commonReceive$1.applyOrElse(ServerBackend.scala:200)
	at com.databricks.rpc.ServerBackend$$anonfun$commonReceive$1.applyOrElse(ServerBackend.scala:200)
	at com.databricks.rpc.ServerBackend.internalReceive0(ServerBackend.scala:171)
	at com.databricks.rpc.ServerBackend.$anonfun$internalReceive$1(ServerBackend.scala:147)
	at com.databricks.logging.UsageLogging.$anonfun$recordOperation$1(UsageLogging.scala:510)
	at com.databricks.logging.UsageLogging.executeThunkAndCaptureResultTags$1(UsageLogging.scala:616)
	at com.databricks.logging.UsageLogging.$anonfun$recordOperationWithResultTags$4(UsageLogging.scala:643)
	at com.databricks.logging.AttributionContextTracing.$anonfun$withAttributionContext$1(AttributionContextTracing.scala:49)
	at com.databricks.logging.AttributionContext$.$anonfun$withValue$1(AttributionContext.scala:293)
	at scala.util.DynamicVariable.withValue(DynamicVariable.scala:59)
	at com.databricks.logging.AttributionContext$.withValue(AttributionContext.scala:289)
	at com.databricks.logging.AttributionContextTracing.withAttributionContext(AttributionContextTracing.scala:47)
	at com.databricks.logging.AttributionContextTracing.withAttributionContext$(AttributionContextTracing.scala:44)
	at com.databricks.rpc.ServerBackend.withAttributionContext(ServerBackend.scala:22)
	at com.databricks.logging.AttributionContextTracing.withAttributionTags(AttributionContextTracing.scala:96)
	at com.databricks.logging.AttributionContextTracing.withAttributionTags$(AttributionContextTracing.scala:77)
	at com.databricks.rpc.ServerBackend.withAttributionTags(ServerBackend.scala:22)
	at com.databricks.logging.UsageLogging.recordOperationWithResultTags(UsageLogging.scala:611)
	at com.databricks.logging.UsageLogging.recordOperationWithResultTags$(UsageLogging.scala:519)
	at com.databricks.rpc.ServerBackend.recordOperationWithResultTags(ServerBackend.scala:22)
	at com.databricks.logging.UsageLogging.recordOperation(UsageLogging.scala:511)
	at com.databricks.logging.UsageLogging.recordOperation$(UsageLogging.scala:475)
	at com.databricks.rpc.ServerBackend.recordOperation(ServerBackend.scala:22)
	at com.databricks.rpc.ServerBackend.internalReceive(ServerBackend.scala:146)
	at com.databricks.rpc.JettyServer$RequestManager.handleRPC(JettyServer.scala:1033)
	at com.databricks.rpc.JettyServer$RequestManager.handleRequestAndRespond(JettyServer.scala:953)
	at com.databricks.rpc.JettyServer$RequestManager.$anonfun$handleHttp$5(JettyServer.scala:548)
	at com.databricks.rpc.JettyServer$RequestManager.$anonfun$handleHttp$5$adapted(JettyServer.scala:513)
	at com.databricks.logging.activity.ActivityContextFactory$.$anonfun$withActivityInternal$13(ActivityContextFactory.scala:831)
	at com.databricks.logging.AttributionContextTracing.$anonfun$withAttributionContext$1(AttributionContextTracing.scala:49)
	at com.databricks.logging.AttributionContext$.$anonfun$withValue$1(AttributionContext.scala:293)
	at scala.util.DynamicVariable.withValue(DynamicVariable.scala:59)
	at com.databricks.logging.AttributionContext$.withValue(AttributionContext.scala:289)
	at com.databricks.logging.AttributionContextTracing.withAttributionContext(AttributionContextTracing.scala:47)
	at com.databricks.logging.AttributionContextTracing.withAttributionContext$(AttributionContextTracing.scala:44)
	at com.databricks.logging.activity.ActivityContextFactory$.withAttributionContext(ActivityContextFactory.scala:53)
	at com.databricks.logging.activity.ActivityContextFactory$.$anonfun$withActivityInternal$3(ActivityContextFactory.scala:831)
	at com.databricks.context.integrity.IntegrityCheckContext$ThreadLocalStorage$.withValue(IntegrityCheckContext.scala:73)
	at com.databricks.logging.activity.ActivityContextFactory$.withActivityInternal(ActivityContextFactory.scala:794)
	at com.databricks.logging.activity.ActivityContextFactory$.withActivityInternal(ActivityContextFactory.scala:776)
	at com.databricks.logging.activity.ActivityContextFactory$.$anonfun$withServiceRequestActivity$15(ActivityContextFactory.scala:285)
	at com.databricks.logging.AttributionContextTracing.$anonfun$withAttributionContext$1(AttributionContextTracing.scala:49)
	at com.databricks.logging.AttributionContext$.$anonfun$withValue$1(AttributionContext.scala:293)
	at scala.util.DynamicVariable.withValue(DynamicVariable.scala:59)
	at com.databricks.logging.AttributionContext$.withValue(AttributionContext.scala:289)
	at com.databricks.logging.AttributionContextTracing.withAttributionContext(AttributionContextTracing.scala:47)
	at com.databricks.logging.AttributionContextTracing.withAttributionContext$(AttributionContextTracing.scala:44)
	at com.databricks.logging.activity.ActivityContextFactory$.withAttributionContext(ActivityContextFactory.scala:53)
	at com.databricks.logging.activity.ActivityContextFactory$.withServiceRequestActivity(ActivityContextFactory.scala:285)
	at com.databricks.rpc.JettyServer$RequestManager.handleHttp(JettyServer.scala:513)
	at com.databricks.rpc.JettyServer$RequestManager.doPost(JettyServer.scala:408)
	at javax.servlet.http.HttpServlet.service(HttpServlet.java:523)
	at com.databricks.rpc.HttpServletWithPatch.service(HttpServletWithPatch.scala:33)
	at javax.servlet.http.HttpServlet.service(HttpServlet.java:590)
	at org.eclipse.jetty.servlet.ServletHolder.handle(ServletHolder.java:799)
	at org.eclipse.jetty.servlet.ServletHandler.doHandle(ServletHandler.java:554)
	at org.eclipse.jetty.server.handler.ScopedHandler.nextScope(ScopedHandler.java:190)
	at org.eclipse.jetty.servlet.ServletHandler.doScope(ServletHandler.java:505)
	at org.eclipse.jetty.server.handler.ScopedHandler.handle(ScopedHandler.java:141)
	at org.eclipse.jetty.server.handler.HandlerWrapper.handle(HandlerWrapper.java:127)
	at org.eclipse.jetty.server.Server.handle(Server.java:516)
	at org.eclipse.jetty.server.HttpChannel.lambda$handle$1(HttpChannel.java:487)
	at org.eclipse.jetty.server.HttpChannel.dispatch(HttpChannel.java:732)
	at org.eclipse.jetty.server.HttpChannel.handle(HttpChannel.java:479)
	at org.eclipse.jetty.server.HttpConnection.onFillable(HttpConnection.java:277)
	at org.eclipse.jetty.io.AbstractConnection$ReadCallback.succeeded(AbstractConnection.java:311)
	at org.eclipse.jetty.io.FillInterest.fillable(FillInterest.java:105)
	at org.eclipse.jetty.io.ChannelEndPoint$1.run(ChannelEndPoint.java:104)
	at org.eclipse.jetty.util.thread.strategy.EatWhatYouKill.runTask(EatWhatYouKill.java:338)
	at org.eclipse.jetty.util.thread.strategy.EatWhatYouKill.doProduce(EatWhatYouKill.java:315)
	at org.eclipse.jetty.util.thread.strategy.EatWhatYouKill.tryProduce(EatWhatYouKill.java:173)
	at org.eclipse.jetty.util.thread.strategy.EatWhatYouKill.run(EatWhatYouKill.java:131)
	at org.eclipse.jetty.util.thread.ReservedThreadExecutor$ReservedThread.run(ReservedThreadExecutor.java:409)
	at com.databricks.rpc.InstrumentedQueuedThreadPool$$anon$1.$anonfun$run$2(InstrumentedQueuedThreadPool.scala:110)
	at scala.runtime.java8.JFunction0$mcV$sp.apply(JFunction0$mcV$sp.scala:18)
	at com.databricks.logging.AttributionContextTracing.$anonfun$withAttributionContext$1(AttributionContextTracing.scala:49)
	at com.databricks.logging.AttributionContext$.$anonfun$withValue$1(AttributionContext.scala:293)
	at scala.util.DynamicVariable.withValue(DynamicVariable.scala:59)
	at com.databricks.logging.AttributionContext$.withValue(AttributionContext.scala:289)
	at com.databricks.logging.AttributionContextTracing.withAttributionContext(AttributionContextTracing.scala:47)
	at com.databricks.logging.AttributionContextTracing.withAttributionContext$(AttributionContextTracing.scala:44)
	at com.databricks.rpc.InstrumentedQueuedThreadPool.withAttributionContext(InstrumentedQueuedThreadPool.scala:45)
	at com.databricks.rpc.InstrumentedQueuedThreadPool$$anon$1.$anonfun$run$1(InstrumentedQueuedThreadPool.scala:110)
	at scala.runtime.java8.JFunction0$mcV$sp.apply(JFunction0$mcV$sp.scala:18)
	at com.databricks.instrumentation.QueuedThreadPoolInstrumenter.trackActiveThreads(QueuedThreadPoolInstrumenter.scala:132)
	at com.databricks.instrumentation.QueuedThreadPoolInstrumenter.trackActiveThreads$(QueuedThreadPoolInstrumenter.scala:129)
	at com.databricks.rpc.InstrumentedQueuedThreadPool.trackActiveThreads(InstrumentedQueuedThreadPool.scala:45)
	at com.databricks.rpc.InstrumentedQueuedThreadPool$$anon$1.run(InstrumentedQueuedThreadPool.scala:92)
	at org.eclipse.jetty.util.thread.QueuedThreadPool.runJob(QueuedThreadPool.java:883)
	at org.eclipse.jetty.util.thread.QueuedThreadPool$Runner.run(QueuedThreadPool.java:1034)
	at java.base/java.lang.Thread.run(Thread.java:840)
26/01/16 13:07:14 INFO HikariDataSource: HikariPool-2 - Started.
26/01/16 13:07:14 INFO ClusterLoadAvgHelper: Current cluster load: 1, Old Ema: 1.0, New Ema: 1.0 
26/01/16 13:07:15 INFO ObjectStore: Setting MetaStore object pin classes with hive.metastore.cache.pinobjtypes="Table,StorageDescriptor,SerDeInfo,Partition,Database,Type,FieldSchema,Order"
26/01/16 13:07:16 INFO ObjectStore: Initialized ObjectStore
26/01/16 13:07:16 INFO HiveMetaStore: Added admin role in metastore
26/01/16 13:07:16 INFO HiveMetaStore: Added public role in metastore
26/01/16 13:07:16 INFO HiveMetaStore: No user is added in admin role, since config is empty
26/01/16 13:07:17 INFO HiveMetaStore: 0: get_database: default
26/01/16 13:07:17 INFO audit: ugi=root	ip=unknown-ip-addr	cmd=get_database: default	
26/01/16 13:07:17 INFO SparkContext: Added JAR file:/local_disk0/tmp/addedFile03e36990922f4eeb8d0af13275c2327e13620449975698564337/connect_data-last_version-py3-none-any.whl at (spark://10.139.64.18:34795/jars/connect_data-last_version-py3-none-any.whl,Some(/local_disk0/tmp/addedFile03e36990922f4eeb8d0af13275c2327e13620449975698564337/connect_data-last_version-py3-none-any.whl)) with timestamp 1768568837154
26/01/16 13:07:17 INFO ClusterLoadMonitor: Removed query with execution ID:0. Current active queries:0
26/01/16 13:07:17 INFO SQLExecution:  0 QueryExecution(s) are running
26/01/16 13:07:17 INFO CurrentQueryContext: Thread Thread[WRAPPER-ReplId-19bc6-e7c84-5,5,main]: current category Some(EXECUTABLE_COMMAND), restoring to previous category Some(UNDETERMINED).
26/01/16 13:07:17 INFO SharedDriverContext: Copied whl file from connect_data-last_version-py3-none-any.whl to __clusterWide_lib_00000_connect_data-last_version-py3-none-any.whl
26/01/16 13:07:17 INFO JupyterDriverLocal: Setting up Python REPL ReplInfo(driverReplId=ReplId-19bc6-e7c84-5, chauffeurReplId=ReplId-19bc6-e7c84-5,
 executionContextId=Some(ExecutionContextIdV2(5665848149580575669)), lazyInfoInitialized=true), initializing JupyterDriverLocal (5 - 0)
26/01/16 13:07:17 INFO ClusterLoadAvgHelper: Current cluster load: 0, Old Ema: 1.0, New Ema: 0.85 
26/01/16 13:07:17 INFO JupyterDriverLocal: Starting Python for REPL ReplInfo(driverReplId=ReplId-19bc6-e7c84-5, chauffeurReplId=ReplId-19bc6-e7c84-5,
 executionContextId=Some(ExecutionContextIdV2(5665848149580575669)), lazyInfoInitialized=true)
26/01/16 13:07:17 INFO JupyterDriverLocal: Starting gateway server for repl ReplId-19bc6-e7c84-5
26/01/16 13:07:18 INFO PythonPy4JUtil: Using pinned thread mode in Py4J
26/01/16 13:07:18 INFO JupyterDriverLocal: Starting Python for REPL ReplInfo(driverReplId=ReplId-19bc6-e7c84-5, chauffeurReplId=ReplId-19bc6-e7c84-5,
 executionContextId=Some(ExecutionContextIdV2(5665848149580575669)), lazyInfoInitialized=true): started Py4J Gateway Server (5 - 1)
26/01/16 13:07:18 INFO NotebookScopedPythonEnvManager: Waiting for NFS to be ready
26/01/16 13:07:18 INFO NotebookScopedPythonEnvManager: Checking NFS path /local_disk0/.ephemeral_nfs exists
26/01/16 13:07:18 INFO NotebookScopedPythonEnvManager: Wait for NFS success file: Success(168200 nanoseconds)
26/01/16 13:07:18 INFO VirtualenvCloneHelper: Creating Python notebook virtualenv for bbcc53b5-2bb8-4ce5-a39b-b0d4bdc23657 with user spark-bbcc53b5-2bb8-4ce5-a39b-b0
26/01/16 13:07:18 INFO Utils: resolved command to be run: List(/bin/su, spark-bbcc53b5-2bb8-4ce5-a39b-b0, -c, virtualenv /local_disk0/.ephemeral_nfs/envs/pythonEnv-bbcc53b5-2bb8-4ce5-a39b-b0d4bdc23657 -p /local_disk0/.ephemeral_nfs/cluster_libraries/python/bin/python --no-download --no-setuptools --no-wheel)
26/01/16 13:07:18 INFO QueryProfileListener: Query profile sent to logger, seq number: 0, app id: app-20260116130427-0000
26/01/16 13:07:19 INFO AsyncEventQueue: Process of event SparkListenerQueryProfileParamsReady(executionId=0, ...) bylistener org.apache.spark.sql.QueryProfileListener took 1690.051093ms.
26/01/16 13:07:19 ERROR DriverCorral$: Could not get repl, python repl for context 5665848149580575669 is not ready or in a bad state.
26/01/16 13:07:19 ERROR DriverCorral$: Invalid state, unknown type for python repl: scala.runtime.BoxedUnit
26/01/16 13:07:19 INFO PythonEnvCloneHelper$: Created python virtualenv: /local_disk0/.ephemeral_nfs/envs/pythonEnv-bbcc53b5-2bb8-4ce5-a39b-b0d4bdc23657
26/01/16 13:07:19 INFO Utils: resolved command to be run: List(/bin/su, spark-bbcc53b5-2bb8-4ce5-a39b-b0, -c, /local_disk0/.ephemeral_nfs/cluster_libraries/python/bin/python -c "import sys;dirs=[p for p in sys.path if 'package' in p];print('__SITE_DELIMITER__'.join([f'import site;site.addsitedir(\"\"\"{path}\"\"\")' for path in dirs]))")
26/01/16 13:07:19 INFO Utils: resolved command to be run: List(/bin/su, spark-bbcc53b5-2bb8-4ce5-a39b-b0, -c, /local_disk0/.ephemeral_nfs/envs/pythonEnv-bbcc53b5-2bb8-4ce5-a39b-b0d4bdc23657/bin/python -c "from sysconfig import get_path; print(get_path('purelib'))")
26/01/16 13:07:19 INFO PythonEnvCloneHelper$: Created sites.pth at /local_disk0/.ephemeral_nfs/envs/pythonEnv-bbcc53b5-2bb8-4ce5-a39b-b0d4bdc23657/lib/python3.12/site-packages/sites.pth
26/01/16 13:07:19 INFO NotebookScopedPythonEnvManager: Time spent creating Python notebook virtualenv /local_disk0/.ephemeral_nfs/envs/pythonEnv-bbcc53b5-2bb8-4ce5-a39b-b0d4bdc23657 is 1049 ms
26/01/16 13:07:19 INFO JupyterDriverLocal: Created Python Environment Manager for REPL ReplInfo(driverReplId=ReplId-19bc6-e7c84-5, chauffeurReplId=ReplId-19bc6-e7c84-5,
 executionContextId=Some(ExecutionContextIdV2(5665848149580575669)), lazyInfoInitialized=true) (5 - 2)
26/01/16 13:07:19 INFO NotebookScopedPythonEnvManager: Registered /local_disk0/.ephemeral_nfs/envs/pythonEnv-bbcc53b5-2bb8-4ce5-a39b-b0d4bdc23657/lib/python3.12/site-packages with the WatchService sun.nio.fs.LinuxWatchService$LinuxWatchKey@626b8e14 (2 current watcher(s)).
26/01/16 13:07:19 INFO JupyterDriverLocal: Sandbox API is not used in REPL
26/01/16 13:07:19 INFO IpykernelUtils$: Python process builder: [bash, /local_disk0/.ephemeral_nfs/envs/pythonEnv-bbcc53b5-2bb8-4ce5-a39b-b0d4bdc23657/python_start_notebook_scoped.sh, /databricks/spark/python/pyspark/wrapped_python.py, spark-bbcc53b5-2bb8-4ce5-a39b-b0, /local_disk0/.ephemeral_nfs/envs/pythonEnv-bbcc53b5-2bb8-4ce5-a39b-b0d4bdc23657/bin/python, /databricks/python_shell/scripts/db_ipykernel_launcher.py, -f, /databricks/kernel-connections/97fc1dff41eaa7fdf654a9ad1fe6694a0b92dcec06aa954ffa7e7b4939efe9ef.json]
26/01/16 13:07:19 INFO IpykernelUtils$: Established and started ipyKernelProcess for REPL ReplId-19bc6-e7c84-5 (5 - 3)
26/01/16 13:07:19 INFO IpykernelUtils$: Cgroup isolation disabled, not placing python process with ReplId=ReplId-19bc6-e7c84-5 in repl cgroup
26/01/16 13:07:19 INFO IpykernelUtils$: Configured ipykernel stdout and stdin (5 - 4)
26/01/16 13:07:20 INFO ClusterLoadAvgHelper: Current cluster load: 0, Old Ema: 0.85, New Ema: 0.0 
26/01/16 13:07:21 ERROR DriverCorral: Invalid executionContextId: MessagePacket(jupyter_message,Metadata(None,Some(kernel_info_request),Some(2348817320275328),Some(0308-151607-btdoodbb),Some(3097197893044697513),None,Some(CommandContext(...)),Some(Map(jupyter-message-viewer-enabled -> false))),MessagePayload(Map(),Some(control),Some(Header(Some(kernel_info_request),Some(395c8a14-5355-4ad5-ba1a-3046caf5d29d),Some(databricksnbid:2348817320275328),Some(),Some(2026-01-16T13:07:12.198Z),Some(5.4))),None,Map(),List()),null)
26/01/16 13:07:23 INFO IpykernelUtils$: Connection file updated for REPL ReplId-19bc6-e7c84-5 (5 - 5)
26/01/16 13:07:23 INFO JupyterDriverLocal: iPykernel process started and configured for REPL ReplInfo(driverReplId=ReplId-19bc6-e7c84-5, chauffeurReplId=ReplId-19bc6-e7c84-5,
 executionContextId=Some(ExecutionContextIdV2(5665848149580575669)), lazyInfoInitialized=true) (5 - 6)
26/01/16 13:07:24 INFO JupyterDriverLocal: Jupyter client and comm channels configured for repl ReplInfo(driverReplId=ReplId-19bc6-e7c84-5, chauffeurReplId=ReplId-19bc6-e7c84-5,
 executionContextId=Some(ExecutionContextIdV2(5665848149580575669)), lazyInfoInitialized=true) (5 - 7)
26/01/16 13:07:24 INFO JupyterDriverLocal: Watchdog thread started for repl ReplInfo(driverReplId=ReplId-19bc6-e7c84-5, chauffeurReplId=ReplId-19bc6-e7c84-5,
 executionContextId=Some(ExecutionContextIdV2(5665848149580575669)), lazyInfoInitialized=true) (5 - 8)
26/01/16 13:07:25 ERROR DriverCorral$: Could not get repl, python repl for context 5665848149580575669 is not ready or in a bad state.
26/01/16 13:07:25 ERROR DriverCorral$: Invalid state, unknown type for python repl: scala.runtime.BoxedUnit
26/01/16 13:07:27 ERROR DriverCorral: Invalid executionContextId: MessagePacket(jupyter_message,Metadata(None,Some(kernel_info_request),Some(2348817320275328),Some(0308-151607-btdoodbb),Some(3097197893044697513),None,Some(CommandContext(...)),Some(Map(jupyter-message-viewer-enabled -> false))),MessagePayload(Map(),Some(control),Some(Header(Some(kernel_info_request),Some(7d98ef4f-d769-448c-958a-5d30242bdf7b),Some(databricksnbid:2348817320275328),Some(),Some(2026-01-16T13:07:17.857Z),Some(5.4))),None,Map(),List()),null)
26/01/16 13:07:29 ERROR DriverCorral$: Could not get repl, python repl for context 5665848149580575669 is not ready or in a bad state.
26/01/16 13:07:29 ERROR DriverCorral$: Invalid state, unknown type for python repl: scala.runtime.BoxedUnit
26/01/16 13:07:31 ERROR DriverCorral: Invalid executionContextId: MessagePacket(jupyter_message,Metadata(None,Some(kernel_info_request),Some(1115877656785222),Some(0308-151607-btdoodbb),Some(3156683065187494928),None,Some(CommandContext(...)),Some(Map(jupyter-message-viewer-enabled -> false))),MessagePayload(Map(),Some(control),Some(Header(Some(kernel_info_request),Some(8b75a7fc-c035-491e-b674-ee6eb5727c21),Some(databricksnbid:1115877656785222),Some(),Some(2026-01-16T13:07:31.964Z),Some(5.4))),None,Map(),List()),null)
26/01/16 13:07:31 ERROR DriverCorral: Invalid executionContextId: MessagePacket(jupyter_message,Metadata(None,Some(kernel_info_request),Some(2348817320275328),Some(0308-151607-btdoodbb),Some(3097197893044697513),None,Some(CommandContext(...)),Some(Map(jupyter-message-viewer-enabled -> false))),MessagePayload(Map(),Some(control),Some(Header(Some(kernel_info_request),Some(000039f6-8005-44a4-8e7a-144e5f99b2c0),Some(databricksnbid:2348817320275328),Some(),Some(2026-01-16T13:07:22.207Z),Some(5.4))),None,Map(),List()),null)
26/01/16 13:07:33 INFO JupyterDriverLocal: JupyterKernelListener instantiated and started for REPL ReplInfo(driverReplId=ReplId-19bc6-e7c84-5, chauffeurReplId=ReplId-19bc6-e7c84-5,
 executionContextId=Some(ExecutionContextIdV2(5665848149580575669)), lazyInfoInitialized=true) (5 - 9)
26/01/16 13:07:33 INFO PythonDriverWrapper: Driver instantiated for ReplId-19bc6-e7c84-5 (6)
26/01/16 13:07:33 INFO NotebookScopedPythonEnvManager: Pip metadata is empty, cleanup old pip configuration if exists
26/01/16 13:07:33 INFO PythonDriverWrapper: REPL started but is idle: ReplInfo(driverReplId=ReplId-19bc6-e7c84-5, chauffeurReplId=ReplId-19bc6-e7c84-5,
 executionContextId=Some(ExecutionContextIdV2(5665848149580575669)), lazyInfoInitialized=true) (7)
26/01/16 13:07:33 INFO PythonDriverWrapper: setupRepl:ReplInfo(driverReplId=ReplId-19bc6-e7c84-5, chauffeurReplId=ReplId-19bc6-e7c84-5,
 executionContextId=Some(ExecutionContextIdV2(5665848149580575669)), lazyInfoInitialized=true): finished to load
26/01/16 13:07:33 INFO PythonDriverWrapper: Finished setting-up REPL ReplId-19bc6-e7c84-5, accepting commands (8)
26/01/16 13:07:34 INFO ProgressReporter$: Reporting progress for running commands: 1768568637509_9085291663001433897_d32ed827d3284672b60b339ec59db398
26/01/16 13:07:34 INFO JupyterDriverLocal: Successfully added uid 1003 to driver local context
26/01/16 13:07:34 INFO ProgressReporter$: Added result fetcher for 1768568637509_9085291663001433897_d32ed827d3284672b60b339ec59db398
26/01/16 13:07:34 WARN WsfsHttpClient: Host http://node.host.local does not exist: java.net.UnknownHostException: node.host.local: Name or service not known
26/01/16 13:07:34 WARN JupyterKernelListener: Results buffer should be empty before command run but it is:
--start--
AnsiResult(Fri Jan 16 13:07:24 2026 Connection to spark from PID  2303
Fri Jan 16 13:07:24 2026 Initialized gateway on port 43739
/databricks/python/lib/python3.12/site-packages/databricks/sdk/service/jobs.py:60: SyntaxWarning: invalid escape sequence '\.'
  """The sequence number of this run attempt for a triggered job run. The initial attempt of a run
/databricks/python/lib/python3.12/site-packages/databricks/sdk/service/jobs.py:2570: SyntaxWarning: invalid escape sequence '\.'
  """The sequence number of this run attempt for a triggered job run. The initial attempt of a run
/databricks/python/lib/python3.12/site-packages/databricks/sdk/service/jobs.py:3431: SyntaxWarning: invalid escape sequence '\.'
  """The sequence number of this run attempt for a triggered job run. The initial attempt of a run
Fri Jan 16 13:07:30 2026 Connected to spark.
,Some(stderr),Map(),Map(),List(),List(),Map())
--end--

Disregarding messages.

26/01/16 13:07:34 WARN ServerBootstrap: Unknown channel option 'SO_KEEPALIVE' for channel '[id: 0xe4d55c4b, L:/databricks/sparkconnect/grpc.sock - R:]'
26/01/16 13:07:35 INFO ProgressReporter$: Reporting partial results for running commands: 1768568637509_9085291663001433897_d32ed827d3284672b60b339ec59db398
26/01/16 13:07:35 INFO LogInterceptor: Received RPC spark.connect.SparkConnectService/Config (1683185974), headers: x-databricks-last-seen-server-session-version: 0
26/01/16 13:07:35 INFO SparkConnectSessionManager: Starting thread for cleanup of expired sessions every 30000 ms
26/01/16 13:07:35 INFO SessionHolder: Session with userId: 141038968383667 and sessionId: 8841428a-e56a-41b1-a293-282706b78165 inactive timeout set to Some(-1) ms
26/01/16 13:07:35 WARN UnityAttributionContextClass: An attribution context is already registered in this Credential Scope and will not be updated.It must be unique and immutable per Credential Scope.This is NOT a fatal error.
26/01/16 13:07:36 INFO LogInterceptor: RPC spark.connect.SparkConnectService/Config (1683185974) [ConfigRequest]: sessionId: 8841428a-e56a-41b1-a293-282706b78165, userId: 141038968383667, operation: get_with_default {
  pairs {
    key: "spark.python.sql.dataFrameDebugging.enabled"
    value: "true"
  }
}
, clientObservedServerSideSessionId: 
26/01/16 13:07:36 INFO SessionHolder: Session with userId: 141038968383667 and sessionId: 8841428a-e56a-41b1-a293-282706b78165 accessed,time 1768568856080 ms.
26/01/16 13:07:36 WARN ArtifactManagerNFS: Artifacts command chown -R null:spark-users /local_disk0/.ephemeral_nfs/artifacts/bbcc53b5-2bb8-4ce5-a39b-b0d4bdc23657 failed with exitcode 1.
26/01/16 13:07:36 INFO ArtifactManagerNFS: Copied cluster-scoped jar /local_disk0/tmp/addedFile03e36990922f4eeb8d0af13275c2327e13620449975698564337/connect_data-last_version-py3-none-any.whl to /local_disk0/.ephemeral_nfs/artifacts/bbcc53b5-2bb8-4ce5-a39b-b0d4bdc23657/jars/connect_data-last_version-py3-none-any.whl for session: bbcc53b5-2bb8-4ce5-a39b-b0d4bdc23657
26/01/16 13:07:36 INFO ArtifactManagerNFS: Added cluster scoped jar /local_disk0/.ephemeral_nfs/artifacts/bbcc53b5-2bb8-4ce5-a39b-b0d4bdc23657/jars/connect_data-last_version-py3-none-any.whl to session bbcc53b5-2bb8-4ce5-a39b-b0d4bdc23657
26/01/16 13:07:36 INFO Utils: useradd: user 'spark-bbcc53b5-2bb8-4ce5-a39b-b0' already exists
26/01/16 13:07:36 INFO ArtifactManagerNFS: Session user spark-bbcc53b5-2bb8-4ce5-a39b-b0 cannot be created or already exists 9. This is expected for Scala / Python REPLs in notebooks.
26/01/16 13:07:36 INFO LogInterceptor: RPC spark.connect.SparkConnectService/Config (1683185974) [ConfigResponse]: sessionId: 8841428a-e56a-41b1-a293-282706b78165, serverSideSessionId: bbcc53b5-2bb8-4ce5-a39b-b0d4bdc23657
26/01/16 13:07:36 INFO SessionHolder: Session with userId: 141038968383667 and sessionId: 8841428a-e56a-41b1-a293-282706b78165 accessed,time 1768568856367 ms.
26/01/16 13:07:36 INFO ProgressReporter$: Removed result fetcher for 1768568637509_9085291663001433897_d32ed827d3284672b60b339ec59db398
26/01/16 13:07:36 INFO DatabricksStreamingQueryListener: Command execution complete on Driver, no active Streaming query runs associated with command 1768568637509_9085291663001433897_d32ed827d3284672b60b339ec59db398
26/01/16 13:07:37 ERROR DriverCorral: Invalid executionContextId: MessagePacket(jupyter_message,Metadata(None,Some(kernel_info_request),Some(2348817320275328),Some(0308-151607-btdoodbb),Some(3097197893044697513),None,Some(CommandContext(...)),Some(Map(jupyter-message-viewer-enabled -> false))),MessagePayload(Map(),Some(control),Some(Header(Some(kernel_info_request),Some(a33480fb-2a5f-40d4-80b1-898a8cc78373),Some(databricksnbid:2348817320275328),Some(),Some(2026-01-16T13:07:27.860Z),Some(5.4))),None,Map(),List()),null)
26/01/16 13:07:42 INFO MemoryUsageTracker: GC notification:
 Name: PS Scavenge,
 Action: end of minor GC,
 Cause: Allocation Failure
 StartTime: 225101
 Duration: 68
26/01/16 13:07:47 ERROR DriverCorral: Invalid executionContextId: MessagePacket(jupyter_message,Metadata(None,Some(kernel_info_request),Some(2348817320275328),Some(0308-151607-btdoodbb),Some(3097197893044697513),None,Some(CommandContext(...)),Some(Map(jupyter-message-viewer-enabled -> false))),MessagePayload(Map(),Some(control),Some(Header(Some(kernel_info_request),Some(810150c0-1d22-475e-b566-5506ae8b7a98),Some(databricksnbid:2348817320275328),Some(),Some(2026-01-16T13:07:37.864Z),Some(5.4))),None,Map(),List()),null)
26/01/16 13:07:48 INFO DatabricksILoop$: Received SAFEr configs with version 1768565233365
26/01/16 13:07:50 INFO DriverCorral: REPL ReplId-19bc6-e7c84-6 finished addReplToExecutionContext (1)
26/01/16 13:07:50 INFO ColdStartReplFactory: Cold-start repl creation for: python, ReplInfo(driverReplId=ReplId-19bc6-e7c84-6, chauffeurReplId=ReplId-19bc6-e7c84-6,
 executionContextId=Some(ExecutionContextIdV2(2803073949809308578)), lazyInfoInitialized=true)
26/01/16 13:07:50 WARN SQLConf: The SQL config 'spark.sql.hive.convertCTAS' has been deprecated in Spark v3.1 and may be removed in the future. Set 'spark.sql.legacy.createHiveTableByDefault' to false instead.
26/01/16 13:07:50 WARN SQLConf: The SQL config 'spark.sql.hive.convertCTAS' has been deprecated in Spark v3.1 and may be removed in the future. Set 'spark.sql.legacy.createHiveTableByDefault' to false instead.
26/01/16 13:07:50 INFO DriverCorral$: Successfully created a user with ID 1004 for spark-26b20359-cf6e-401c-83bf-84.
26/01/16 13:07:51 INFO DriverCorral$ReplOuterWrapper: DriverWrapper created for REPL ReplInfo(driverReplId=ReplId-19bc6-e7c84-6, chauffeurReplId=ReplId-19bc6-e7c84-6,
 executionContextId=Some(ExecutionContextIdV2(2803073949809308578)), lazyInfoInitialized=true)
26/01/16 13:07:51 INFO DriverCorral: Adding repl ReplId-19bc6-e7c84-6 to execution context 2803073949809308578 (2)
26/01/16 13:07:51 INFO DriverCorral: StartReplOptions: 
26/01/16 13:07:51 INFO PythonDriverWrapper: REPL status transitioned to Starting ReplId-19bc6-e7c84-6 (3)
26/01/16 13:07:51 INFO PythonDriverWrapper: Starting ReplId-19bc6-e7c84-6 - driverStatus transitioned to Starting (4)
26/01/16 13:07:51 INFO AbstractParser$ParserCaches: EXPERIMENTAL: Query cached 0 DFA states in the parser. Total cached DFA states: 80in the parser. Driver memory: 6290931712.
26/01/16 13:07:51 INFO QueryPlanningTracker: Query phase parsing took 0s before execution.
26/01/16 13:07:51 INFO QueryPlanningTracker: Query phase analysis took 0s before execution.
26/01/16 13:07:51 INFO CurrentQueryContext: Thread Thread[WRAPPER-ReplId-19bc6-e7c84-6,5,main]: Setting current query category as an executable command (Command is a class org.apache.spark.sql.execution.command.AddJarsCommand).
26/01/16 13:07:51 INFO QueryPlanningTracker: Query phase analysis took 0s before execution.
26/01/16 13:07:51 INFO ClusterLoadMonitor: Added query with execution ID:1. Current active queries:1
26/01/16 13:07:51 INFO QueryAnalyzedPlanSizeLogger$: Total number of expressions in the analyzed plan: 0, computed in 0 ms.
26/01/16 13:07:51 INFO QueryPlanningTracker: Query phase analysis took 0s before execution.
26/01/16 13:07:51 INFO LogicalPlanStats: Setting LogicalPlanStats visitor to com.databricks.sql.optimizer.statsEstimation.DatabricksLogicalPlanStatsVisitor$
26/01/16 13:07:51 INFO QueryPlanningTracker: Query phase optimization took 0s before execution.
26/01/16 13:07:51 INFO QueryPlanningTracker: Query phase planning took 0s before execution.
26/01/16 13:07:51 INFO QueryPlanningTracker: Query phase planning took 0s before execution.
26/01/16 13:07:51 INFO deprecation: fs.default.name is deprecated. Instead, use fs.defaultFS
26/01/16 13:07:51 WARN SparkContext: The JAR file:/local_disk0/tmp/addedFile03e36990922f4eeb8d0af13275c2327e13620449975698564337/connect_data-last_version-py3-none-any.whl at (spark://10.139.64.18:34795/jars/connect_data-last_version-py3-none-any.whl,Some(/local_disk0/tmp/addedFile03e36990922f4eeb8d0af13275c2327e13620449975698564337/connect_data-last_version-py3-none-any.whl)) has been added already. Overwriting of added jar is not supported in the current version.
26/01/16 13:07:51 INFO ClusterLoadMonitor: Removed query with execution ID:1. Current active queries:0
26/01/16 13:07:51 INFO QueryProfileListener: Query profile sent to logger, seq number: 1, app id: app-20260116130427-0000
26/01/16 13:07:51 INFO SQLExecution:  0 QueryExecution(s) are running
26/01/16 13:07:51 INFO CurrentQueryContext: Thread Thread[WRAPPER-ReplId-19bc6-e7c84-6,5,main]: current category Some(EXECUTABLE_COMMAND), restoring to previous category Some(UNDETERMINED).
26/01/16 13:07:51 WARN SharedDriverContext: File /local_disk0/tmp/clusterWideLibDir/__clusterWide_lib_00000_connect_data-last_version-py3-none-any.whl already exists, installing duplicate whl lib
26/01/16 13:07:51 INFO SharedDriverContext: Copied whl file from connect_data-last_version-py3-none-any.whl to __clusterWide_lib_00000_connect_data-last_version-py3-none-any.whl
26/01/16 13:07:51 INFO JupyterDriverLocal: Setting up Python REPL ReplInfo(driverReplId=ReplId-19bc6-e7c84-6, chauffeurReplId=ReplId-19bc6-e7c84-6,
 executionContextId=Some(ExecutionContextIdV2(2803073949809308578)), lazyInfoInitialized=true), initializing JupyterDriverLocal (5 - 0)
26/01/16 13:07:51 ERROR DriverCorral$: Could not get repl, python repl for context 2803073949809308578 is not ready or in a bad state.
26/01/16 13:07:51 ERROR DriverCorral$: Invalid state, unknown type for python repl: scala.runtime.BoxedUnit
26/01/16 13:07:51 INFO JupyterDriverLocal: Starting Python for REPL ReplInfo(driverReplId=ReplId-19bc6-e7c84-6, chauffeurReplId=ReplId-19bc6-e7c84-6,
 executionContextId=Some(ExecutionContextIdV2(2803073949809308578)), lazyInfoInitialized=true)
26/01/16 13:07:51 INFO JupyterDriverLocal: Starting gateway server for repl ReplId-19bc6-e7c84-6
26/01/16 13:07:51 INFO PythonPy4JUtil: Using pinned thread mode in Py4J
26/01/16 13:07:51 INFO JupyterDriverLocal: Starting Python for REPL ReplInfo(driverReplId=ReplId-19bc6-e7c84-6, chauffeurReplId=ReplId-19bc6-e7c84-6,
 executionContextId=Some(ExecutionContextIdV2(2803073949809308578)), lazyInfoInitialized=true): started Py4J Gateway Server (5 - 1)
26/01/16 13:07:51 INFO NotebookScopedPythonEnvManager: Waiting for NFS to be ready
26/01/16 13:07:51 INFO NotebookScopedPythonEnvManager: Checking NFS path /local_disk0/.ephemeral_nfs exists
26/01/16 13:07:51 INFO NotebookScopedPythonEnvManager: Wait for NFS success file: Success(164500 nanoseconds)
26/01/16 13:07:51 INFO VirtualenvCloneHelper: Creating Python notebook virtualenv for 26b20359-cf6e-401c-83bf-84c101c974f2 with user spark-26b20359-cf6e-401c-83bf-84
26/01/16 13:07:51 INFO Utils: resolved command to be run: List(/bin/su, spark-26b20359-cf6e-401c-83bf-84, -c, virtualenv /local_disk0/.ephemeral_nfs/envs/pythonEnv-26b20359-cf6e-401c-83bf-84c101c974f2 -p /local_disk0/.ephemeral_nfs/cluster_libraries/python/bin/python --no-download --no-setuptools --no-wheel)
26/01/16 13:07:52 INFO PythonEnvCloneHelper$: Created python virtualenv: /local_disk0/.ephemeral_nfs/envs/pythonEnv-26b20359-cf6e-401c-83bf-84c101c974f2
26/01/16 13:07:52 INFO Utils: resolved command to be run: List(/bin/su, spark-26b20359-cf6e-401c-83bf-84, -c, /local_disk0/.ephemeral_nfs/cluster_libraries/python/bin/python -c "import sys;dirs=[p for p in sys.path if 'package' in p];print('__SITE_DELIMITER__'.join([f'import site;site.addsitedir(\"\"\"{path}\"\"\")' for path in dirs]))")
26/01/16 13:07:52 INFO Utils: resolved command to be run: List(/bin/su, spark-26b20359-cf6e-401c-83bf-84, -c, /local_disk0/.ephemeral_nfs/envs/pythonEnv-26b20359-cf6e-401c-83bf-84c101c974f2/bin/python -c "from sysconfig import get_path; print(get_path('purelib'))")
26/01/16 13:07:52 INFO PythonEnvCloneHelper$: Created sites.pth at /local_disk0/.ephemeral_nfs/envs/pythonEnv-26b20359-cf6e-401c-83bf-84c101c974f2/lib/python3.12/site-packages/sites.pth
26/01/16 13:07:52 INFO NotebookScopedPythonEnvManager: Time spent creating Python notebook virtualenv /local_disk0/.ephemeral_nfs/envs/pythonEnv-26b20359-cf6e-401c-83bf-84c101c974f2 is 1011 ms
26/01/16 13:07:52 INFO JupyterDriverLocal: Created Python Environment Manager for REPL ReplInfo(driverReplId=ReplId-19bc6-e7c84-6, chauffeurReplId=ReplId-19bc6-e7c84-6,
 executionContextId=Some(ExecutionContextIdV2(2803073949809308578)), lazyInfoInitialized=true) (5 - 2)
26/01/16 13:07:52 INFO JupyterDriverLocal: Sandbox API is not used in REPL
26/01/16 13:07:52 INFO NotebookScopedPythonEnvManager: Registered /local_disk0/.ephemeral_nfs/envs/pythonEnv-26b20359-cf6e-401c-83bf-84c101c974f2/lib/python3.12/site-packages with the WatchService sun.nio.fs.LinuxWatchService$LinuxWatchKey@789e9b8e (3 current watcher(s)).
26/01/16 13:07:52 INFO IpykernelUtils$: Python process builder: [bash, /local_disk0/.ephemeral_nfs/envs/pythonEnv-26b20359-cf6e-401c-83bf-84c101c974f2/python_start_notebook_scoped.sh, /databricks/spark/python/pyspark/wrapped_python.py, spark-26b20359-cf6e-401c-83bf-84, /local_disk0/.ephemeral_nfs/envs/pythonEnv-26b20359-cf6e-401c-83bf-84c101c974f2/bin/python, /databricks/python_shell/scripts/db_ipykernel_launcher.py, -f, /databricks/kernel-connections/fa75a915f9f6aaa9791a1a2568e4695b1088d7d63449610d60781f1a491748f1.json]
26/01/16 13:07:52 INFO IpykernelUtils$: Established and started ipyKernelProcess for REPL ReplId-19bc6-e7c84-6 (5 - 3)
26/01/16 13:07:52 INFO IpykernelUtils$: Cgroup isolation disabled, not placing python process with ReplId=ReplId-19bc6-e7c84-6 in repl cgroup
26/01/16 13:07:52 INFO IpykernelUtils$: Configured ipykernel stdout and stdin (5 - 4)
26/01/16 13:07:56 INFO IpykernelUtils$: Connection file updated for REPL ReplId-19bc6-e7c84-6 (5 - 5)
26/01/16 13:07:56 INFO JupyterDriverLocal: iPykernel process started and configured for REPL ReplInfo(driverReplId=ReplId-19bc6-e7c84-6, chauffeurReplId=ReplId-19bc6-e7c84-6,
 executionContextId=Some(ExecutionContextIdV2(2803073949809308578)), lazyInfoInitialized=true) (5 - 6)
26/01/16 13:07:56 INFO JupyterDriverLocal: Jupyter client and comm channels configured for repl ReplInfo(driverReplId=ReplId-19bc6-e7c84-6, chauffeurReplId=ReplId-19bc6-e7c84-6,
 executionContextId=Some(ExecutionContextIdV2(2803073949809308578)), lazyInfoInitialized=true) (5 - 7)
26/01/16 13:07:56 INFO JupyterDriverLocal: Watchdog thread started for repl ReplInfo(driverReplId=ReplId-19bc6-e7c84-6, chauffeurReplId=ReplId-19bc6-e7c84-6,
 executionContextId=Some(ExecutionContextIdV2(2803073949809308578)), lazyInfoInitialized=true) (5 - 8)
26/01/16 13:07:57 ERROR DriverCorral$: Could not get repl, python repl for context 2803073949809308578 is not ready or in a bad state.
26/01/16 13:07:57 ERROR DriverCorral$: Invalid state, unknown type for python repl: scala.runtime.BoxedUnit
26/01/16 13:08:01 ERROR DriverCorral$: Could not get repl, python repl for context 2803073949809308578 is not ready or in a bad state.
26/01/16 13:08:01 ERROR DriverCorral$: Invalid state, unknown type for python repl: scala.runtime.BoxedUnit
26/01/16 13:08:04 INFO JupyterDriverLocal: JupyterKernelListener instantiated and started for REPL ReplInfo(driverReplId=ReplId-19bc6-e7c84-6, chauffeurReplId=ReplId-19bc6-e7c84-6,
 executionContextId=Some(ExecutionContextIdV2(2803073949809308578)), lazyInfoInitialized=true) (5 - 9)
26/01/16 13:08:04 INFO PythonDriverWrapper: Driver instantiated for ReplId-19bc6-e7c84-6 (6)
26/01/16 13:08:04 INFO NotebookScopedPythonEnvManager: Pip metadata is empty, cleanup old pip configuration if exists
26/01/16 13:08:04 INFO PythonDriverWrapper: REPL started but is idle: ReplInfo(driverReplId=ReplId-19bc6-e7c84-6, chauffeurReplId=ReplId-19bc6-e7c84-6,
 executionContextId=Some(ExecutionContextIdV2(2803073949809308578)), lazyInfoInitialized=true) (7)
26/01/16 13:08:04 INFO PythonDriverWrapper: setupRepl:ReplInfo(driverReplId=ReplId-19bc6-e7c84-6, chauffeurReplId=ReplId-19bc6-e7c84-6,
 executionContextId=Some(ExecutionContextIdV2(2803073949809308578)), lazyInfoInitialized=true): finished to load
26/01/16 13:08:04 INFO PythonDriverWrapper: Finished setting-up REPL ReplId-19bc6-e7c84-6, accepting commands (8)
26/01/16 13:08:04 INFO JupyterDriverLocal: Successfully added uid 1004 to driver local context
26/01/16 13:08:04 INFO ProgressReporter$: Added result fetcher for 1768568637510_6826722215888900802_3d7f5df5764944ff9a04cbeb9def7032
26/01/16 13:08:04 WARN JupyterKernelListener: Results buffer should be empty before command run but it is:
--start--
AnsiResult(Fri Jan 16 13:07:56 2026 Connection to spark from PID  2496
Fri Jan 16 13:07:56 2026 Initialized gateway on port 44711
/databricks/python/lib/python3.12/site-packages/databricks/sdk/service/jobs.py:60: SyntaxWarning: invalid escape sequence '\.'
  """The sequence number of this run attempt for a triggered job run. The initial attempt of a run
/databricks/python/lib/python3.12/site-packages/databricks/sdk/service/jobs.py:2570: SyntaxWarning: invalid escape sequence '\.'
  """The sequence number of this run attempt for a triggered job run. The initial attempt of a run
/databricks/python/lib/python3.12/site-packages/databricks/sdk/service/jobs.py:3431: SyntaxWarning: invalid escape sequence '\.'
  """The sequence number of this run attempt for a triggered job run. The initial attempt of a run
Fri Jan 16 13:08:01 2026 Connected to spark.
,Some(stderr),Map(),Map(),List(),List(),Map())
--end--

Disregarding messages.

26/01/16 13:08:04 INFO ProgressReporter$: Removed result fetcher for 1768568637510_6826722215888900802_3d7f5df5764944ff9a04cbeb9def7032
26/01/16 13:08:04 INFO DatabricksStreamingQueryListener: Command execution complete on Driver, no active Streaming query runs associated with command 1768568637510_6826722215888900802_3d7f5df5764944ff9a04cbeb9def7032
26/01/16 13:08:04 WARN JupyterKernelListener: Received Jupyter debug message with unknown command: null
26/01/16 13:08:04 INFO JupyterDriverLocal: Successfully added uid 1004 to driver local context
26/01/16 13:08:04 INFO ProgressReporter$: Added result fetcher for 1768568637510_8248260346697976316_3d7f5df5764944ff9a04cbeb9def7032
26/01/16 13:08:05 INFO ProgressReporter$: Removed result fetcher for 1768568637510_8248260346697976316_3d7f5df5764944ff9a04cbeb9def7032
26/01/16 13:08:05 INFO DatabricksStreamingQueryListener: Command execution complete on Driver, no active Streaming query runs associated with command 1768568637510_8248260346697976316_3d7f5df5764944ff9a04cbeb9def7032
26/01/16 13:08:05 INFO JupyterDriverLocal: Successfully added uid 1004 to driver local context
26/01/16 13:08:05 INFO ProgressReporter$: Added result fetcher for 1768568637510_5407302084946795029_3d7f5df5764944ff9a04cbeb9def7032
26/01/16 13:08:06 WARN ServerBootstrap: Unknown channel option 'SO_KEEPALIVE' for channel '[id: 0x92e2db68, L:/databricks/sparkconnect/grpc.sock - R:]'
26/01/16 13:08:06 INFO LogInterceptor: Received RPC spark.connect.SparkConnectService/Config (1446131247), headers: x-databricks-last-seen-server-session-version: 0
26/01/16 13:08:06 INFO SessionHolder: Session with userId: 141038968383667 and sessionId: a9408e72-f784-4414-a94c-48a15c61a2a5 inactive timeout set to Some(-1) ms
26/01/16 13:08:06 WARN UnityAttributionContextClass: An attribution context is already registered in this Credential Scope and will not be updated.It must be unique and immutable per Credential Scope.This is NOT a fatal error.
26/01/16 13:08:06 INFO LogInterceptor: RPC spark.connect.SparkConnectService/Config (1446131247) [ConfigRequest]: sessionId: a9408e72-f784-4414-a94c-48a15c61a2a5, userId: 141038968383667, operation: get_with_default {
  pairs {
    key: "spark.python.sql.dataFrameDebugging.enabled"
    value: "true"
  }
}
, clientObservedServerSideSessionId: 
26/01/16 13:08:06 INFO SessionHolder: Session with userId: 141038968383667 and sessionId: a9408e72-f784-4414-a94c-48a15c61a2a5 accessed,time 1768568886340 ms.
26/01/16 13:08:06 WARN ArtifactManagerNFS: Artifacts command chown -R null:spark-users /local_disk0/.ephemeral_nfs/artifacts/26b20359-cf6e-401c-83bf-84c101c974f2 failed with exitcode 1.
26/01/16 13:08:06 INFO ArtifactManagerNFS: Copied cluster-scoped jar /local_disk0/tmp/addedFile03e36990922f4eeb8d0af13275c2327e13620449975698564337/connect_data-last_version-py3-none-any.whl to /local_disk0/.ephemeral_nfs/artifacts/26b20359-cf6e-401c-83bf-84c101c974f2/jars/connect_data-last_version-py3-none-any.whl for session: 26b20359-cf6e-401c-83bf-84c101c974f2
26/01/16 13:08:06 INFO ArtifactManagerNFS: Added cluster scoped jar /local_disk0/.ephemeral_nfs/artifacts/26b20359-cf6e-401c-83bf-84c101c974f2/jars/connect_data-last_version-py3-none-any.whl to session 26b20359-cf6e-401c-83bf-84c101c974f2
26/01/16 13:08:06 INFO Utils: useradd: user 'spark-26b20359-cf6e-401c-83bf-84' already exists
26/01/16 13:08:06 INFO ArtifactManagerNFS: Session user spark-26b20359-cf6e-401c-83bf-84 cannot be created or already exists 9. This is expected for Scala / Python REPLs in notebooks.
26/01/16 13:08:06 INFO LogInterceptor: RPC spark.connect.SparkConnectService/Config (1446131247) [ConfigResponse]: sessionId: a9408e72-f784-4414-a94c-48a15c61a2a5, serverSideSessionId: 26b20359-cf6e-401c-83bf-84c101c974f2
26/01/16 13:08:06 INFO SessionHolder: Session with userId: 141038968383667 and sessionId: a9408e72-f784-4414-a94c-48a15c61a2a5 accessed,time 1768568886506 ms.
26/01/16 13:08:09 INFO ProgressReporter$: Removed result fetcher for 1768568637510_5407302084946795029_3d7f5df5764944ff9a04cbeb9def7032
26/01/16 13:08:09 INFO DatabricksStreamingQueryListener: Command execution complete on Driver, no active Streaming query runs associated with command 1768568637510_5407302084946795029_3d7f5df5764944ff9a04cbeb9def7032
26/01/16 13:08:09 INFO JupyterDriverLocal: Successfully added uid 1004 to driver local context
26/01/16 13:08:09 INFO ProgressReporter$: Added result fetcher for 1768568637510_7858085483638483817_3d7f5df5764944ff9a04cbeb9def7032
26/01/16 13:08:10 INFO LogInterceptor: Received RPC spark.connect.SparkConnectService/ExecutePlan (1462442471), headers: x-databricks-last-seen-server-session-version: 0
26/01/16 13:08:10 INFO SessionHolder: Session with userId: 141038968383667 and sessionId: a9408e72-f784-4414-a94c-48a15c61a2a5 accessed,time 1768568890330 ms.
26/01/16 13:08:10 WARN UnityAttributionContextClass: An attribution context is already registered in this Credential Scope and will not be updated.It must be unique and immutable per Credential Scope.This is NOT a fatal error.
26/01/16 13:08:10 INFO LogInterceptor: RPC spark.connect.SparkConnectService/ExecutePlan (1462442471) [ExecutePlanRequest]: sessionId: a9408e72-f784-4414-a94c-48a15c61a2a5, userId: 141038968383667, operationId: 9a23c9e8-d7c3-4c5a-8196-65fa16d5924f, clientObservedServerSideSessionId: 26b20359-cf6e-401c-83bf-84c101c974f2
26/01/16 13:08:10 INFO SessionHolder: Session with userId: 141038968383667 and sessionId: a9408e72-f784-4414-a94c-48a15c61a2a5 accessed,time 1768568890341 ms.
26/01/16 13:08:10 INFO SparkConnectExecutionManager: ExecuteHolder ExecuteKey(141038968383667,a9408e72-f784-4414-a94c-48a15c61a2a5,9a23c9e8-d7c3-4c5a-8196-65fa16d5924f) is created.
26/01/16 13:08:10 INFO SparkConnectExecutionManager: Starting thread for cleanup of abandoned executions every 30000 ms
26/01/16 13:08:10 INFO ExecuteGrpcResponseSender: Starting for opId=9a23c9e8-d7c3-4c5a-8196-65fa16d5924f, reattachable=true, lastConsumedStreamIndex=0
26/01/16 13:08:11 INFO Utils: resolved command to be run: List(id, -u, spark-26b20359-cf6e-401c-83bf-84)
26/01/16 13:08:11 INFO AbstractParser$ParserCaches: EXPERIMENTAL: Query cached 158 DFA states in the parser. Total cached DFA states: 238in the parser. Driver memory: 6290931712.
26/01/16 13:08:11 INFO QueryPlanningTracker: Query phase parsing took 0s before execution.
26/01/16 13:08:11 INFO LocalSoftstoreClient: Creating LocalSoftstoreClient with maxBytesHint=104857600, namespace=unity-catalog-runtime
26/01/16 13:08:11 INFO CacheSpace$[assigned-all-dummy-slicelet]:: [CacheSpace.scala:881] Creating cachespace unity-catalog-runtime with a cache byte limit of 104857600 bytes
26/01/16 13:08:11 INFO CellCache[]:: [CellCache.scala:474] Starting cache for namespace 'unity-catalog-runtime' with max cache bytes 100 MiB
26/01/16 13:08:12 INFO UnityCatalogVersionedMetadataCacheImpl: [UCVersionedCache]: impl used=UnityCatalogVersionedMetadataCacheImpl
26/01/16 13:08:12 INFO UnityCatalogVersionedMetadataCache: [UCVersionedCache]: Initializing UnityCatalogVersionedMetadataCache with conf=UnityCatalogVersionedMetadataCacheConf(1,104857600,5000), useNoOp=false, cache=com.databricks.unity.sql.versionedcache.UnityCatalogVersionedMetadataCacheImpl@39c07604
26/01/16 13:08:13 INFO LogInterceptor: RPC spark.connect.SparkConnectService/ExecutePlan (1462442471) [ExecutePlanResponse]: sessionId: a9408e72-f784-4414-a94c-48a15c61a2a5, serverSideSessionId: 26b20359-cf6e-401c-83bf-84c101c974f2, operationId: 9a23c9e8-d7c3-4c5a-8196-65fa16d5924f, responseId: afb3fbef-55e2-43d4-bca4-7e5579050938
26/01/16 13:08:14 INFO HiveMetaStore: 1: get_database: parquet
26/01/16 13:08:14 INFO audit: ugi=root	ip=unknown-ip-addr	cmd=get_database: parquet	
26/01/16 13:08:14 INFO HiveMetaStore: 1: Opening raw store with implemenation class:org.apache.hadoop.hive.metastore.ObjectStore
26/01/16 13:08:14 INFO ObjectStore: ObjectStore, initialize called
26/01/16 13:08:14 INFO ObjectStore: Initialized ObjectStore
26/01/16 13:08:14 ERROR RetryingHMSHandler: NoSuchObjectException(message:There is no database named parquet)
	at org.apache.hadoop.hive.metastore.ObjectStore.getMDatabase(ObjectStore.java:508)
	at org.apache.hadoop.hive.metastore.ObjectStore.getDatabase(ObjectStore.java:519)
	at java.base/jdk.internal.reflect.NativeMethodAccessorImpl.invoke0(Native Method)
	at java.base/jdk.internal.reflect.NativeMethodAccessorImpl.invoke(NativeMethodAccessorImpl.java:77)
	at java.base/jdk.internal.reflect.DelegatingMethodAccessorImpl.invoke(DelegatingMethodAccessorImpl.java:43)
	at java.base/java.lang.reflect.Method.invoke(Method.java:569)
	at org.apache.hadoop.hive.metastore.RawStoreProxy.invoke(RawStoreProxy.java:108)
	at jdk.proxy4/jdk.proxy4.$Proxy143.getDatabase(Unknown Source)
	at org.apache.hadoop.hive.metastore.HiveMetaStore$HMSHandler.get_database(HiveMetaStore.java:796)
	at java.base/jdk.internal.reflect.NativeMethodAccessorImpl.invoke0(Native Method)
	at java.base/jdk.internal.reflect.NativeMethodAccessorImpl.invoke(NativeMethodAccessorImpl.java:77)
	at java.base/jdk.internal.reflect.DelegatingMethodAccessorImpl.invoke(DelegatingMethodAccessorImpl.java:43)
	at java.base/java.lang.reflect.Method.invoke(Method.java:569)
	at org.apache.hadoop.hive.metastore.RetryingHMSHandler.invoke(RetryingHMSHandler.java:105)
	at jdk.proxy4/jdk.proxy4.$Proxy145.get_database(Unknown Source)
	at org.apache.hadoop.hive.metastore.HiveMetaStoreClient.getDatabase(HiveMetaStoreClient.java:949)
	at java.base/jdk.internal.reflect.NativeMethodAccessorImpl.invoke0(Native Method)
	at java.base/jdk.internal.reflect.NativeMethodAccessorImpl.invoke(NativeMethodAccessorImpl.java:77)
	at java.base/jdk.internal.reflect.DelegatingMethodAccessorImpl.invoke(DelegatingMethodAccessorImpl.java:43)
	at java.base/java.lang.reflect.Method.invoke(Method.java:569)
	at org.apache.hadoop.hive.metastore.RetryingMetaStoreClient.invoke(RetryingMetaStoreClient.java:89)
	at jdk.proxy4/jdk.proxy4.$Proxy146.getDatabase(Unknown Source)
	at org.apache.hadoop.hive.ql.metadata.Hive.getDatabase(Hive.java:1165)
	at org.apache.hadoop.hive.ql.metadata.Hive.databaseExists(Hive.java:1154)
	at org.apache.spark.sql.hive.client.Shim_v0_12.databaseExists(HiveShim.scala:629)
	at org.apache.spark.sql.hive.client.HiveClientImpl.$anonfun$databaseExists$1(HiveClientImpl.scala:548)
	at scala.runtime.java8.JFunction0$mcZ$sp.apply(JFunction0$mcZ$sp.scala:17)
	at org.apache.spark.sql.hive.client.HiveClientImpl.$anonfun$withHiveState$1(HiveClientImpl.scala:445)
	at org.apache.spark.sql.hive.client.HiveClientImpl.retryWithExponentialBackoffInternal(HiveClientImpl.scala:326)
	at org.apache.spark.sql.hive.client.HiveClientImpl.retryWithExponentialBackoffInternal(HiveClientImpl.scala:287)
	at org.apache.spark.sql.hive.client.HiveClientImpl.retryWithExponentialBackoff(HiveClientImpl.scala:279)
	at org.apache.spark.sql.hive.client.HiveClientImpl.$anonfun$retryLocked$1(HiveClientImpl.scala:239)
	at org.apache.spark.sql.hive.client.HiveClientImpl.synchronizeOnObject(HiveClientImpl.scala:382)
	at org.apache.spark.sql.hive.client.HiveClientImpl.retryLocked(HiveClientImpl.scala:228)
	at org.apache.spark.sql.hive.client.HiveClientImpl.withHiveState(HiveClientImpl.scala:425)
	at org.apache.spark.sql.hive.client.HiveClientImpl.databaseExists(HiveClientImpl.scala:548)
	at org.apache.spark.sql.hive.client.PoolingHiveClient.$anonfun$databaseExists$1(PoolingHiveClient.scala:354)
	at org.apache.spark.sql.hive.client.PoolingHiveClient.$anonfun$databaseExists$1$adapted(PoolingHiveClient.scala:353)
	at org.apache.spark.sql.hive.client.PoolingHiveClient.withHiveClient(PoolingHiveClient.scala:182)
	at org.apache.spark.sql.hive.client.PoolingHiveClient.databaseExists(PoolingHiveClient.scala:353)
	at org.apache.spark.sql.hive.HiveExternalCatalog.$anonfun$databaseExists$1(HiveExternalCatalog.scala:432)
	at scala.runtime.java8.JFunction0$mcZ$sp.apply(JFunction0$mcZ$sp.scala:17)
	at com.databricks.spark.util.FrameProfiler$.record(FrameProfiler.scala:94)
	at org.apache.spark.sql.hive.HiveExternalCatalog.$anonfun$withClient$2(HiveExternalCatalog.scala:187)
	at org.apache.spark.sql.hive.HiveExternalCatalog.maybeSynchronized(HiveExternalCatalog.scala:123)
	at org.apache.spark.sql.hive.HiveExternalCatalog.$anonfun$withClient$1(HiveExternalCatalog.scala:179)
	at com.databricks.backend.daemon.driver.ProgressReporter$.withStatusCode(ProgressReporter.scala:455)
	at com.databricks.spark.util.SparkDatabricksProgressReporter$.withStatusCode(ProgressReporter.scala:34)
	at org.apache.spark.sql.hive.HiveExternalCatalog.withClient(HiveExternalCatalog.scala:179)
	at org.apache.spark.sql.hive.HiveExternalCatalog.databaseExists(HiveExternalCatalog.scala:432)
	at org.apache.spark.sql.catalyst.catalog.ExternalCatalogWithListener.$anonfun$databaseExists$1(ExternalCatalogWithListener.scala:93)
	at scala.runtime.java8.JFunction0$mcZ$sp.apply(JFunction0$mcZ$sp.scala:17)
	at org.apache.spark.sql.catalyst.MetricKeyUtils$.measure(MetricKey.scala:1812)
	at org.apache.spark.sql.catalyst.catalog.ExternalCatalogWithListener.$anonfun$profile$1(ExternalCatalogWithListener.scala:54)
	at com.databricks.spark.util.FrameProfiler$.record(FrameProfiler.scala:94)
	at org.apache.spark.sql.catalyst.catalog.ExternalCatalogWithListener.profile(ExternalCatalogWithListener.scala:53)
	at org.apache.spark.sql.catalyst.catalog.ExternalCatalogWithListener.databaseExists(ExternalCatalogWithListener.scala:93)
	at org.apache.spark.sql.catalyst.catalog.SessionCatalogImpl.databaseExists(SessionCatalog.scala:982)
	at org.apache.spark.sql.catalyst.catalog.SessionCatalogImpl.requireDbExists(SessionCatalog.scala:910)
	at org.apache.spark.sql.catalyst.catalog.SessionCatalogImpl.getTablesByName(SessionCatalog.scala:1320)
	at com.databricks.sql.managedcatalog.ManagedCatalogSessionCatalog.getTablesFromHiveMetastore(ManagedCatalogSessionCatalog.scala:1931)
	at com.databricks.sql.managedcatalog.ManagedCatalogSessionCatalog.$anonfun$fastGetTablesByName$5(ManagedCatalogSessionCatalog.scala:1855)
	at java.base/java.util.concurrent.FutureTask.run(FutureTask.java:264)
	at org.apache.spark.util.threads.SparkThreadLocalCapturingRunnable.$anonfun$run$1(SparkThreadLocalForwardingThreadPoolExecutor.scala:165)
	at scala.runtime.java8.JFunction0$mcV$sp.apply(JFunction0$mcV$sp.scala:18)
	at com.databricks.util.LexicalThreadLocal$Handle.runWith(LexicalThreadLocal.scala:63)
	at org.apache.spark.util.threads.SparkThreadLocalCapturingHelper.$anonfun$runWithCaptured$6(SparkThreadLocalForwardingThreadPoolExecutor.scala:119)
	at com.databricks.sql.transaction.tahoe.mst.MSTThreadHelper$.runWithMstTxnId(MSTThreadHelper.scala:57)
	at org.apache.spark.util.threads.SparkThreadLocalCapturingHelper.$anonfun$runWithCaptured$5(SparkThreadLocalForwardingThreadPoolExecutor.scala:118)
	at com.databricks.spark.util.IdentityClaim$.withClaim(IdentityClaim.scala:48)
	at org.apache.spark.util.threads.SparkThreadLocalCapturingHelper.$anonfun$runWithCaptured$4(SparkThreadLocalForwardingThreadPoolExecutor.scala:117)
	at com.databricks.unity.UCSEphemeralState$Handle.runWith(UCSEphemeralState.scala:51)
	at org.apache.spark.util.threads.SparkThreadLocalCapturingHelper.runWithCaptured(SparkThreadLocalForwardingThreadPoolExecutor.scala:116)
	at org.apache.spark.util.threads.SparkThreadLocalCapturingHelper.runWithCaptured$(SparkThreadLocalForwardingThreadPoolExecutor.scala:93)
	at org.apache.spark.util.threads.SparkThreadLocalCapturingRunnable.runWithCaptured(SparkThreadLocalForwardingThreadPoolExecutor.scala:162)
	at org.apache.spark.util.threads.SparkThreadLocalCapturingRunnable.run(SparkThreadLocalForwardingThreadPoolExecutor.scala:165)
	at java.base/java.util.concurrent.ThreadPoolExecutor.runWorker(ThreadPoolExecutor.java:1136)
	at java.base/java.util.concurrent.ThreadPoolExecutor$Worker.run(ThreadPoolExecutor.java:635)
	at java.base/java.lang.Thread.run(Thread.java:840)

26/01/16 13:08:14 INFO SnapshotHint: Missing metadata cache for table `hs_franquia`.`silver_sap_im`.`event`
26/01/16 13:08:15 INFO LogInterceptor: RPC spark.connect.SparkConnectService/ExecutePlan (1462442471) [ExecutePlanResponse]: sessionId: a9408e72-f784-4414-a94c-48a15c61a2a5, serverSideSessionId: 26b20359-cf6e-401c-83bf-84c101c974f2, operationId: 9a23c9e8-d7c3-4c5a-8196-65fa16d5924f, responseId: 57bd8d18-20aa-44f4-9bcd-ac03329a3fdf
26/01/16 13:08:15 INFO UniformIngressUtils: Auto refresh of a federated UFI table is skipped: [isManagedIcebergTable = false, isAutoRefreshEnabled = true, isEligibleTableForAutoRefresh = false, shouldSkipRefreshCapability = false].
26/01/16 13:08:15 ERROR AbfsClient: HttpRequest: 403,err=,appendpos=,cid=0308-151607-btdoodbb------:177965a7-5e01-49bf-a3d3-2507d07d1554:7d6eda25-2a84-42e5-a09a-04712f6c5233:::GF:0,rid=8f37c8c2-301f-00a6-1ee9-86e0df000000,connMs=0,sendMs=0,recvMs=44,sent=0,recv=0,method=HEAD,https://stdataanalyticshs001.dfs.core.windows.net/lakehouseinsight/_encryption_meta/manifest.json?upn=false&action=getStatus&timeout=90&st=2026-01-16T12:43:14Z&sv=2020-02-10&ske=2026-01-16T14:43:14Z&sig=XXXXX&sktid=7893571b-6c2c-4cef-b4da-7d4b266a0626&se=2026-01-16T14:08:12Z&sdd=8&skoid=3326eb2b-4231-45d2XXXXXXXXXXXXXXXXXX&spr=https&sks=b&skt=2026-01-16T12:43:14Z&sp=rl&skv=2025-01-05&sr=d
26/01/16 13:08:15 WARN FallbackEncryptionContextProvider: Accessing the manifest file failed with 403.
26/01/16 13:08:15 INFO AzureBlobFileSystem:V3: Initializing AzureBlobFileSystem for abfss://lakehouseinsight@stdataanalyticshs001.dfs.core.windows.net/hs/silver/sap_im/__unitystorage/schemas/92704a80-edbf-415b-a73d-f52696979973/tables/5314fecb-d727-4550-ac24-055e57a2f512/_delta_log with credential = CredentialScopeADLSTokenProvider with jvmId = 741
26/01/16 13:08:15 INFO NativeADLGen2RequestComparisonHandler: Native - hadoop request mismatch: Request type: FetchRange$
Extra params in native request: [st=2026-01-16t12%3a43%3a14z&sv=2020-02-10&ske=2026-01-16t14%3a43%3a14z&sig=8h6ukjprbjxw8hvyqb0extu1giwj3ajyyzfa5xrmpvy%3d&sktid=7893571b-6c2c-4cef-b4da-7d4b266a0626&se=2026-01-16t14%3a08%3a12z&sdd=8&skoid=3326eb2b-4231-45d2-8f37-e517c469bd2a&spr=https&sks=b&skt=2026-01-16t12%3a43%3a14z&sp=rl&skv=2025-01-05&sr=d]
Extra params in java request: [st,sv,ske,sig,sktid,sdd,se,spr,skoid,sks,skt,sp,sr,skv]

26/01/16 13:08:16 INFO NativeADLGen2RequestComparisonHandler: Native - hadoop request mismatch: Request type: Listing$
Extra params in native request: [st=2026-01-16t12%3a43%3a14z&sv=2020-02-10&ske=2026-01-16t14%3a43%3a14z&sig=8h6ukjprbjxw8hvyqb0extu1giwj3ajyyzfa5xrmpvy%3d&sktid=7893571b-6c2c-4cef-b4da-7d4b266a0626&se=2026-01-16t14%3a08%3a12z&sdd=8&skoid=3326eb2b-4231-45d2-8f37-e517c469bd2a&spr=https&sks=b&skt=2026-01-16t12%3a43%3a14z&sp=rl&skv=2025-01-05&sr=d]
Extra params in java request: [st,sv,ske,sig,sktid,sdd,se,spr,skoid,sks,skt,sp,sr,skv]

26/01/16 13:08:16 INFO DeltaLog: Loading version 2049 starting from checkpoint version 2031.
26/01/16 13:08:17 INFO LogInterceptor: RPC spark.connect.SparkConnectService/ExecutePlan (1462442471) [ExecutePlanResponse]: sessionId: a9408e72-f784-4414-a94c-48a15c61a2a5, serverSideSessionId: 26b20359-cf6e-401c-83bf-84c101c974f2, operationId: 9a23c9e8-d7c3-4c5a-8196-65fa16d5924f, responseId: 1f0e3acd-0ec9-4cf3-9753-4ad2713e2b1e
26/01/16 13:08:18 INFO SnapshotEdge: [tableId=c3b52157-e467-434e-bfc3-ea7761c1c216] Created snapshot SnapshotEdge(path=abfss://lakehouseinsight@stdataanalyticshs001.dfs.core.windows.net/hs/silver/sap_im/__unitystorage/schemas/92704a80-edbf-415b-a73d-f52696979973/tables/5314fecb-d727-4550-ac24-055e57a2f512/_delta_log, version=2049, logSegment=LogSegment(abfss://lakehouseinsight@stdataanalyticshs001.dfs.core.windows.net/hs/silver/sap_im/__unitystorage/schemas/92704a80-edbf-415b-a73d-f52696979973/tables/5314fecb-d727-4550-ac24-055e57a2f512/_delta_log,2049,ArraySeq(VersionedFileStatus{VersionedFileStatus{path=abfss://lakehouseinsight@stdataanalyticshs001.dfs.core.windows.net/hs/silver/sap_im/__unitystorage/schemas/92704a80-edbf-415b-a73d-f52696979973/tables/5314fecb-d727-4550-ac24-055e57a2f512/_delta_log/00000000000000002032.00000000000000002037.compacted.json; isDirectory=false; length=123561; replication=1; blocksize=268435456; modification_time=1768452089000; access_time=0; owner=3326eb2b-4231-45d2-8f37-e517c469bd2a; group=$superuser; permission=rw-r--r--; isSymlink=false; hasAcl=false; isEncrypted=false; isErasureCoded=false}; version='0x8DE53F059894D4D'}, VersionedFileStatus{VersionedFileStatus{path=abfss://lakehouseinsight@stdataanalyticshs001.dfs.core.windows.net/hs/silver/sap_im/__unitystorage/schemas/92704a80-edbf-415b-a73d-f52696979973/tables/5314fecb-d727-4550-ac24-055e57a2f512/_delta_log/00000000000000002038.00000000000000002043.compacted.json; isDirectory=false; length=97858; replication=1; blocksize=268435456; modification_time=1768498633000; access_time=0; owner=3326eb2b-4231-45d2-8f37-e517c469bd2a; group=$superuser; permission=rw-r--r--; isSymlink=false; hasAcl=false; isEncrypted=false; isErasureCoded=false}; version='0x8DE545CB7F60505'}, VersionedFileStatus{VersionedFileStatus{path=abfss://lakehouseinsight@stdataanalyticshs001.dfs.core.windows.net/hs/silver/sap_im/__unitystorage/schemas/92704a80-edbf-415b-a73d-f52696979973/tables/5314fecb-d727-4550-ac24-055e57a2f512/_delta_log/00000000000000002044.00000000000000002049.compacted.json; isDirectory=false; length=115477; replication=1; blocksize=268435456; modification_time=1768538482000; access_time=0; owner=3326eb2b-4231-45d2-8f37-e517c469bd2a; group=$superuser; permission=rw-r--r--; isSymlink=false; hasAcl=false; isEncrypted=false; isErasureCoded=false}; version='0x8DE54B97FF01781'}),UninitializedV1OrV2ParquetCheckpointProvider(2031,VersionedFileStatus{VersionedFileStatus{path=abfss://lakehouseinsight@stdataanalyticshs001.dfs.core.windows.net/hs/silver/sap_im/__unitystorage/schemas/92704a80-edbf-415b-a73d-f52696979973/tables/5314fecb-d727-4550-ac24-055e57a2f512/_delta_log/00000000000000002031.checkpoint.parquet; isDirectory=false; length=93127; replication=1; blocksize=268435456; modification_time=1768365705000; access_time=0; owner=3326eb2b-4231-45d2-8f37-e517c469bd2a; group=$superuser; permission=rw-r--r--; isSymlink=false; hasAcl=false; isEncrypted=false; isErasureCoded=false}; version='0x8DE532738AAAD59'},abfss://lakehouseinsight@stdataanalyticshs001.dfs.core.windows.net/hs/silver/sap_im/__unitystorage/schemas/92704a80-edbf-415b-a73d-f52696979973/tables/5314fecb-d727-4550-ac24-055e57a2f512/_delta_log,Some(LastCheckpointInfo(2031,384,None,Some(93127),Some(16),Some(StructType(StructField(txn,StructType(StructField(appId,StringType,true),StructField(version,LongType,true),StructField(lastUpdated,LongType,true)),true),StructField(add,StructType(StructField(path,StringType,true),StructField(partitionValues,MapType(StringType,StringType,true),true),StructField(size,LongType,true),StructField(modificationTime,LongType,true),StructField(dataChange,BooleanType,true),StructField(tags,MapType(StringType,StringType,true),true),StructField(deletionVector,StructType(StructField(storageType,StringType,true),StructField(pathOrInlineDv,StringType,true),StructField(offset,IntegerType,true),StructField(sizeInBytes,IntegerType,true),StructField(cardinality,LongType,true),StructField(maxRowIndex,LongType,true)),true),StructField(baseRowId,LongType,true),StructField(defaultRowCommitVersion,LongType,true),StructField(clusteringProvider,StringType,true),StructField(stats,StringType,true),StructField(stats_parsed,StructType(StructField(numRecords,LongType,true),StructField(minValues,StructType(StructField(OCCURRENCE_ID,IntegerType,true),StructField(CLASS_ATIV,StringType,true),StructField(RAC_ID,StringType,true),StructField(FATAL_NUM,IntegerType,true),StructField(NON_FATAL_NUM,IntegerType,true),StructField(MEMBER_COMM,StringType,true),StructField(SERV_TYPE,StringType,true),StructField(CONTRACT_ID,StringType,true),StructField(OPER_TYPE,StringType,true),StructField(OPER_CRITERIA,StringType,true),StructField(OPER_QUESTION_1,StringType,true),StructField(OPER_QUESTION_2,StringType,true),StructField(OPER_QUESTION_3,StringType,true),StructField(OPER_ANSWER_1,StringType,true),StructField(OPER_ANSWER_2,StringType,true),StructField(OPER_ANSWER_3,StringType,true),StructField(ANALYS_START_DT,TimestampType,true),StructField(ANALYS_END_DT,TimestampType,true),StructField(ANALYS_STATUS,StringType,true),StructField(ANALYS_METHOD,StringType,true),StructField(ANALYS_METHOD_SUB,StringType,true),StructField(EFFICA_STATUS,StringType,true),StructField(EFFICA_DEADLINE,StringType,true),StructField(EFFICA_APPROVER,StringType,true),StructField(SEC_LAYER,StringType,true),StructField(SEC_LAYER_RESP,StringType,true),StructField(SEC_LAYER_RESULT,StringType,true),StructField(SEC_LAYER_COMMENT,StringType,true),StructField(SEVERI_SAFETY_REAL,StringType,true),StructField(SEVERI_SAFETY_POTE,StringType,true),StructField(SEVERI_ENVIRO_REAL,StringType,true),StructField(SEVERI_ENVIRO_POTE,StringType,true)),true),StructField(maxValues,StructType(StructField(OCCURRENCE_ID,IntegerType,true),StructField(CLASS_ATIV,StringType,true),StructField(RAC_ID,StringType,true),StructField(FATAL_NUM,IntegerType,true),StructField(NON_FATAL_NUM,IntegerType,true),StructField(MEMBER_COMM,StringType,true),StructField(SERV_TYPE,StringType,true),StructField(CONTRACT_ID,StringType,true),StructField(OPER_TYPE,StringType,true),StructField(OPER_CRITERIA,StringType,true),StructField(OPER_QUESTION_1,StringType,true),StructField(OPER_QUESTION_2,StringType,true),StructField(OPER_QUESTION_3,StringType,true),StructField(OPER_ANSWER_1,StringType,true),StructField(OPER_ANSWER_2,StringType,true),StructField(OPER_ANSWER_3,StringType,true),StructField(ANALYS_START_DT,TimestampType,true),StructField(ANALYS_END_DT,TimestampType,true),StructField(ANALYS_STATUS,StringType,true),StructField(ANALYS_METHOD,StringType,true),StructField(ANALYS_METHOD_SUB,StringType,true),StructField(EFFICA_STATUS,StringType,true),StructField(EFFICA_DEADLINE,StringType,true),StructField(EFFICA_APPROVER,StringType,true),StructField(SEC_LAYER,StringType,true),StructField(SEC_LAYER_RESP,StringType,true),StructField(SEC_LAYER_RESULT,StringType,true),StructField(SEC_LAYER_COMMENT,StringType,true),StructField(SEVERI_SAFETY_REAL,StringType,true),StructField(SEVERI_SAFETY_POTE,StringType,true),StructField(SEVERI_ENVIRO_REAL,StringType,true),StructField(SEVERI_ENVIRO_POTE,StringType,true)),true),StructField(nullCount,StructType(StructField(OCCURRENCE_ID,LongType,true),StructField(CLASS_ATIV,LongType,true),StructField(RAC_ID,LongType,true),StructField(FATAL_NUM,LongType,true),StructField(NON_FATAL_NUM,LongType,true),StructField(MEMBER_COMM,LongType,true),StructField(SERV_TYPE,LongType,true),StructField(CONTRACT_ID,LongType,true),StructField(OPER_TYPE,LongType,true),StructField(OPER_CRITERIA,LongType,true),StructField(OPER_QUESTION_1,LongType,true),StructField(OPER_QUESTION_2,LongType,true),StructField(OPER_QUESTION_3,LongType,true),StructField(OPER_ANSWER_1,LongType,true),StructField(OPER_ANSWER_2,LongType,true),StructField(OPER_ANSWER_3,LongType,true),StructField(ANALYS_START_DT,LongType,true),StructField(ANALYS_END_DT,LongType,true),StructField(ANALYS_STATUS,LongType,true),StructField(ANALYS_METHOD,LongType,true),StructField(ANALYS_METHOD_SUB,LongType,true),StructField(EFFICA_STATUS,LongType,true),StructField(EFFICA_DEADLINE,LongType,true),StructField(EFFICA_APPROVER,LongType,true),StructField(SEC_LAYER,LongType,true),StructField(SEC_LAYER_RESP,LongType,true),StructField(SEC_LAYER_RESULT,LongType,true),StructField(SEC_LAYER_COMMENT,LongType,true),StructField(SEVERI_SAFETY_REAL,LongType,true),StructField(SEVERI_SAFETY_POTE,LongType,true),StructField(SEVERI_ENVIRO_REAL,LongType,true),StructField(SEVERI_ENVIRO_POTE,LongType,true)),true),StructField(tightBounds,BooleanType,true)),true)),true),StructField(remove,StructType(StructField(path,StringType,true),StructField(deletionTimestamp,LongType,true),StructField(dataChange,BooleanType,true),StructField(extendedFileMetadata,BooleanType,true),StructField(partitionValues,MapType(StringType,StringType,true),true),StructField(size,LongType,true),StructField(deletionVector,StructType(StructField(storageType,StringType,true),StructField(pathOrInlineDv,StringType,true),StructField(offset,IntegerType,true),StructField(sizeInBytes,IntegerType,true),StructField(cardinality,LongType,true),StructField(maxRowIndex,LongType,true)),true),StructField(baseRowId,LongType,true),StructField(defaultRowCommitVersion,LongType,true)),true),StructField(metaData,StructType(StructField(id,StringType,true),StructField(name,StringType,true),StructField(description,StringType,true),StructField(format,StructType(StructField(provider,StringType,true),StructField(options,MapType(StringType,StringType,true),true)),true),StructField(schemaString,StringType,true),StructField(partitionColumns,ArrayType(StringType,true),true),StructField(configuration,MapType(StringType,StringType,true),true),StructField(createdTime,LongType,true)),true),StructField(protocol,StructType(StructField(minReaderVersion,IntegerType,true),StructField(minWriterVersion,IntegerType,true),StructField(readerFeatures,ArrayType(StringType,true),true),StructField(writerFeatures,ArrayType(StringType,true),true)),true),StructField(domainMetadata,StructType(StructField(domain,StringType,true),StructField(configuration,StringType,true),StructField(removed,BooleanType,true)),true))),None,Some(List(SerializableFileStatus(00000000000000002031.checkpoint.parquet,93127,false,1768365705000))),None,Some(9d40b9bba709bf6a5f059667f74f41e3)))),1768538482000), schema=StructType(StructField(OCCURRENCE_ID,IntegerType,true),StructField(CLASS_ATIV,StringType,true),StructField(RAC_ID,StringType,true),StructField(FATAL_NUM,IntegerType,true),StructField(NON_FATAL_NUM,IntegerType,true),StructField(MEMBER_COMM,StringType,true),StructField(SERV_TYPE,StringType,true),StructField(CONTRACT_ID,StringType,true),StructField(OPER_TYPE,StringType,true),StructField(OPER_CRITERIA,StringType,true),StructField(OPER_QUESTION_1,StringType,true),StructField(OPER_QUESTION_2,StringType,true),StructField(OPER_QUESTION_3,StringType,true),StructField(OPER_ANSWER_1,StringType,true),StructField(OPER_ANSWER_2,StringType,true),StructField(OPER_ANSWER_3,StringType,true),StructField(ANALYS_START_DT,TimestampType,true),StructField(ANALYS_END_DT,TimestampType,true),StructField(ANALYS_STATUS,StringType,true),StructField(ANALYS_METHOD,StringType,true),StructField(ANALYS_METHOD_SUB,StringType,true),StructField(EFFICA_STATUS,StringType,true),StructField(EFFICA_DEADLINE,StringType,true),StructField(EFFICA_APPROVER,StringType,true),StructField(SEC_LAYER,StringType,true),StructField(SEC_LAYER_RESP,StringType,true),StructField(SEC_LAYER_RESULT,StringType,true),StructField(SEC_LAYER_COMMENT,StringType,true),StructField(SEVERI_SAFETY_REAL,StringType,true),StructField(SEVERI_SAFETY_POTE,StringType,true),StructField(SEVERI_ENVIRO_REAL,StringType,true),StructField(SEVERI_ENVIRO_POTE,StringType,true),StructField(SEVERI_HEALTH_REAL,StringType,true),StructField(SEVERI_HEALTH_POTE,StringType,true),StructField(SEVERI_FINANC_REAL,StringType,true),StructField(SEVERI_FINANC_POTE,StringType,true),StructField(SEVERI_REPUTA_REAL,StringType,true),StructField(SEVERI_REPUTA_POTE,StringType,true),StructField(SEVERI_SOCIAL_REAL,StringType,true),StructField(SEVERI_SOCIAL_POTE,StringType,true),StructField(CLASS_MA,StringType,true),StructField(CLASS_C,StringType,true),StructField(CLASS_N,StringType,true),StructField(ENERGY_RELEASE,StringType,true),StructField(N3_PRIORITY,StringType,true),StructField(EXTERNAL_CAUSE,StringType,true),StructField(ANALYSIS_LEADER,StringType,true),StructField(CHANGE_DT,DecimalType(15,0),true),StructField(V_START_DATE,TimestampType,true),StructField(V_END_DATE,TimestampType,true),StructField(V_INSERT_DATE,TimestampType,true),StructField(V_CURRENT,BooleanType,true)), checksumOptPresent=true, prefetchedCheckpointAndMetadataPresent=false, prefetchedDeltaPresent=false)
26/01/16 13:08:19 INFO LogInterceptor: RPC spark.connect.SparkConnectService/ExecutePlan (1462442471) [ExecutePlanResponse]: sessionId: a9408e72-f784-4414-a94c-48a15c61a2a5, serverSideSessionId: 26b20359-cf6e-401c-83bf-84c101c974f2, operationId: 9a23c9e8-d7c3-4c5a-8196-65fa16d5924f, responseId: 36083248-9782-4a6b-ad60-8023b36a3f7d
26/01/16 13:08:20 INFO DeltaLog: Updated snapshot to SnapshotEdge(path=abfss://lakehouseinsight@stdataanalyticshs001.dfs.core.windows.net/hs/silver/sap_im/__unitystorage/schemas/92704a80-edbf-415b-a73d-f52696979973/tables/5314fecb-d727-4550-ac24-055e57a2f512/_delta_log, version=2049, logSegment=LogSegment(abfss://lakehouseinsight@stdataanalyticshs001.dfs.core.windows.net/hs/silver/sap_im/__unitystorage/schemas/92704a80-edbf-415b-a73d-f52696979973/tables/5314fecb-d727-4550-ac24-055e57a2f512/_delta_log,2049,ArraySeq(VersionedFileStatus{VersionedFileStatus{path=abfss://lakehouseinsight@stdataanalyticshs001.dfs.core.windows.net/hs/silver/sap_im/__unitystorage/schemas/92704a80-edbf-415b-a73d-f52696979973/tables/5314fecb-d727-4550-ac24-055e57a2f512/_delta_log/00000000000000002032.00000000000000002037.compacted.json; isDirectory=false; length=123561; replication=1; blocksize=268435456; modification_time=1768452089000; access_time=0; owner=3326eb2b-4231-45d2-8f37-e517c469bd2a; group=$superuser; permission=rw-r--r--; isSymlink=false; hasAcl=false; isEncrypted=false; isErasureCoded=false}; version='0x8DE53F059894D4D'}, VersionedFileStatus{VersionedFileStatus{path=abfss://lakehouseinsight@stdataanalyticshs001.dfs.core.windows.net/hs/silver/sap_im/__unitystorage/schemas/92704a80-edbf-415b-a73d-f52696979973/tables/5314fecb-d727-4550-ac24-055e57a2f512/_delta_log/00000000000000002038.00000000000000002043.compacted.json; isDirectory=false; length=97858; replication=1; blocksize=268435456; modification_time=1768498633000; access_time=0; owner=3326eb2b-4231-45d2-8f37-e517c469bd2a; group=$superuser; permission=rw-r--r--; isSymlink=false; hasAcl=false; isEncrypted=false; isErasureCoded=false}; version='0x8DE545CB7F60505'}, VersionedFileStatus{VersionedFileStatus{path=abfss://lakehouseinsight@stdataanalyticshs001.dfs.core.windows.net/hs/silver/sap_im/__unitystorage/schemas/92704a80-edbf-415b-a73d-f52696979973/tables/5314fecb-d727-4550-ac24-055e57a2f512/_delta_log/00000000000000002044.00000000000000002049.compacted.json; isDirectory=false; length=115477; replication=1; blocksize=268435456; modification_time=1768538482000; access_time=0; owner=3326eb2b-4231-45d2-8f37-e517c469bd2a; group=$superuser; permission=rw-r--r--; isSymlink=false; hasAcl=false; isEncrypted=false; isErasureCoded=false}; version='0x8DE54B97FF01781'}),UninitializedV1OrV2ParquetCheckpointProvider(2031,VersionedFileStatus{VersionedFileStatus{path=abfss://lakehouseinsight@stdataanalyticshs001.dfs.core.windows.net/hs/silver/sap_im/__unitystorage/schemas/92704a80-edbf-415b-a73d-f52696979973/tables/5314fecb-d727-4550-ac24-055e57a2f512/_delta_log/00000000000000002031.checkpoint.parquet; isDirectory=false; length=93127; replication=1; blocksize=268435456; modification_time=1768365705000; access_time=0; owner=3326eb2b-4231-45d2-8f37-e517c469bd2a; group=$superuser; permission=rw-r--r--; isSymlink=false; hasAcl=false; isEncrypted=false; isErasureCoded=false}; version='0x8DE532738AAAD59'},abfss://lakehouseinsight@stdataanalyticshs001.dfs.core.windows.net/hs/silver/sap_im/__unitystorage/schemas/92704a80-edbf-415b-a73d-f52696979973/tables/5314fecb-d727-4550-ac24-055e57a2f512/_delta_log,Some(LastCheckpointInfo(2031,384,None,Some(93127),Some(16),Some(StructType(StructField(txn,StructType(StructField(appId,StringType,true),StructField(version,LongType,true),StructField(lastUpdated,LongType,true)),true),StructField(add,StructType(StructField(path,StringType,true),StructField(partitionValues,MapType(StringType,StringType,true),true),StructField(size,LongType,true),StructField(modificationTime,LongType,true),StructField(dataChange,BooleanType,true),StructField(tags,MapType(StringType,StringType,true),true),StructField(deletionVector,StructType(StructField(storageType,StringType,true),StructField(pathOrInlineDv,StringType,true),StructField(offset,IntegerType,true),StructField(sizeInBytes,IntegerType,true),StructField(cardinality,LongType,true),StructField(maxRowIndex,LongType,true)),true),StructField(baseRowId,LongType,true),StructField(defaultRowCommitVersion,LongType,true),StructField(clusteringProvider,StringType,true),StructField(stats,StringType,true),StructField(stats_parsed,StructType(StructField(numRecords,LongType,true),StructField(minValues,StructType(StructField(OCCURRENCE_ID,IntegerType,true),StructField(CLASS_ATIV,StringType,true),StructField(RAC_ID,StringType,true),StructField(FATAL_NUM,IntegerType,true),StructField(NON_FATAL_NUM,IntegerType,true),StructField(MEMBER_COMM,StringType,true),StructField(SERV_TYPE,StringType,true),StructField(CONTRACT_ID,StringType,true),StructField(OPER_TYPE,StringType,true),StructField(OPER_CRITERIA,StringType,true),StructField(OPER_QUESTION_1,StringType,true),StructField(OPER_QUESTION_2,StringType,true),StructField(OPER_QUESTION_3,StringType,true),StructField(OPER_ANSWER_1,StringType,true),StructField(OPER_ANSWER_2,StringType,true),StructField(OPER_ANSWER_3,StringType,true),StructField(ANALYS_START_DT,TimestampType,true),StructField(ANALYS_END_DT,TimestampType,true),StructField(ANALYS_STATUS,StringType,true),StructField(ANALYS_METHOD,StringType,true),StructField(ANALYS_METHOD_SUB,StringType,true),StructField(EFFICA_STATUS,StringType,true),StructField(EFFICA_DEADLINE,StringType,true),StructField(EFFICA_APPROVER,StringType,true),StructField(SEC_LAYER,StringType,true),StructField(SEC_LAYER_RESP,StringType,true),StructField(SEC_LAYER_RESULT,StringType,true),StructField(SEC_LAYER_COMMENT,StringType,true),StructField(SEVERI_SAFETY_REAL,StringType,true),StructField(SEVERI_SAFETY_POTE,StringType,true),StructField(SEVERI_ENVIRO_REAL,StringType,true),StructField(SEVERI_ENVIRO_POTE,StringType,true)),true),StructField(maxValues,StructType(StructField(OCCURRENCE_ID,IntegerType,true),StructField(CLASS_ATIV,StringType,true),StructField(RAC_ID,StringType,true),StructField(FATAL_NUM,IntegerType,true),StructField(NON_FATAL_NUM,IntegerType,true),StructField(MEMBER_COMM,StringType,true),StructField(SERV_TYPE,StringType,true),StructField(CONTRACT_ID,StringType,true),StructField(OPER_TYPE,StringType,true),StructField(OPER_CRITERIA,StringType,true),StructField(OPER_QUESTION_1,StringType,true),StructField(OPER_QUESTION_2,StringType,true),StructField(OPER_QUESTION_3,StringType,true),StructField(OPER_ANSWER_1,StringType,true),StructField(OPER_ANSWER_2,StringType,true),StructField(OPER_ANSWER_3,StringType,true),StructField(ANALYS_START_DT,TimestampType,true),StructField(ANALYS_END_DT,TimestampType,true),StructField(ANALYS_STATUS,StringType,true),StructField(ANALYS_METHOD,StringType,true),StructField(ANALYS_METHOD_SUB,StringType,true),StructField(EFFICA_STATUS,StringType,true),StructField(EFFICA_DEADLINE,StringType,true),StructField(EFFICA_APPROVER,StringType,true),StructField(SEC_LAYER,StringType,true),StructField(SEC_LAYER_RESP,StringType,true),StructField(SEC_LAYER_RESULT,StringType,true),StructField(SEC_LAYER_COMMENT,StringType,true),StructField(SEVERI_SAFETY_REAL,StringType,true),StructField(SEVERI_SAFETY_POTE,StringType,true),StructField(SEVERI_ENVIRO_REAL,StringType,true),StructField(SEVERI_ENVIRO_POTE,StringType,true)),true),StructField(nullCount,StructType(StructField(OCCURRENCE_ID,LongType,true),StructField(CLASS_ATIV,LongType,true),StructField(RAC_ID,LongType,true),StructField(FATAL_NUM,LongType,true),StructField(NON_FATAL_NUM,LongType,true),StructField(MEMBER_COMM,LongType,true),StructField(SERV_TYPE,LongType,true),StructField(CONTRACT_ID,LongType,true),StructField(OPER_TYPE,LongType,true),StructField(OPER_CRITERIA,LongType,true),StructField(OPER_QUESTION_1,LongType,true),StructField(OPER_QUESTION_2,LongType,true),StructField(OPER_QUESTION_3,LongType,true),StructField(OPER_ANSWER_1,LongType,true),StructField(OPER_ANSWER_2,LongType,true),StructField(OPER_ANSWER_3,LongType,true),StructField(ANALYS_START_DT,LongType,true),StructField(ANALYS_END_DT,LongType,true),StructField(ANALYS_STATUS,LongType,true),StructField(ANALYS_METHOD,LongType,true),StructField(ANALYS_METHOD_SUB,LongType,true),StructField(EFFICA_STATUS,LongType,true),StructField(EFFICA_DEADLINE,LongType,true),StructField(EFFICA_APPROVER,LongType,true),StructField(SEC_LAYER,LongType,true),StructField(SEC_LAYER_RESP,LongType,true),StructField(SEC_LAYER_RESULT,LongType,true),StructField(SEC_LAYER_COMMENT,LongType,true),StructField(SEVERI_SAFETY_REAL,LongType,true),StructField(SEVERI_SAFETY_POTE,LongType,true),StructField(SEVERI_ENVIRO_REAL,LongType,true),StructField(SEVERI_ENVIRO_POTE,LongType,true)),true),StructField(tightBounds,BooleanType,true)),true)),true),StructField(remove,StructType(StructField(path,StringType,true),StructField(deletionTimestamp,LongType,true),StructField(dataChange,BooleanType,true),StructField(extendedFileMetadata,BooleanType,true),StructField(partitionValues,MapType(StringType,StringType,true),true),StructField(size,LongType,true),StructField(deletionVector,StructType(StructField(storageType,StringType,true),StructField(pathOrInlineDv,StringType,true),StructField(offset,IntegerType,true),StructField(sizeInBytes,IntegerType,true),StructField(cardinality,LongType,true),StructField(maxRowIndex,LongType,true)),true),StructField(baseRowId,LongType,true),StructField(defaultRowCommitVersion,LongType,true)),true),StructField(metaData,StructType(StructField(id,StringType,true),StructField(name,StringType,true),StructField(description,StringType,true),StructField(format,StructType(StructField(provider,StringType,true),StructField(options,MapType(StringType,StringType,true),true)),true),StructField(schemaString,StringType,true),StructField(partitionColumns,ArrayType(StringType,true),true),StructField(configuration,MapType(StringType,StringType,true),true),StructField(createdTime,LongType,true)),true),StructField(protocol,StructType(StructField(minReaderVersion,IntegerType,true),StructField(minWriterVersion,IntegerType,true),StructField(readerFeatures,ArrayType(StringType,true),true),StructField(writerFeatures,ArrayType(StringType,true),true)),true),StructField(domainMetadata,StructType(StructField(domain,StringType,true),StructField(configuration,StringType,true),StructField(removed,BooleanType,true)),true))),None,Some(List(SerializableFileStatus(00000000000000002031.checkpoint.parquet,93127,false,1768365705000))),None,Some(9d40b9bba709bf6a5f059667f74f41e3)))),1768538482000), schema=StructType(StructField(OCCURRENCE_ID,IntegerType,true),StructField(CLASS_ATIV,StringType,true),StructField(RAC_ID,StringType,true),StructField(FATAL_NUM,IntegerType,true),StructField(NON_FATAL_NUM,IntegerType,true),StructField(MEMBER_COMM,StringType,true),StructField(SERV_TYPE,StringType,true),StructField(CONTRACT_ID,StringType,true),StructField(OPER_TYPE,StringType,true),StructField(OPER_CRITERIA,StringType,true),StructField(OPER_QUESTION_1,StringType,true),StructField(OPER_QUESTION_2,StringType,true),StructField(OPER_QUESTION_3,StringType,true),StructField(OPER_ANSWER_1,StringType,true),StructField(OPER_ANSWER_2,StringType,true),StructField(OPER_ANSWER_3,StringType,true),StructField(ANALYS_START_DT,TimestampType,true),StructField(ANALYS_END_DT,TimestampType,true),StructField(ANALYS_STATUS,StringType,true),StructField(ANALYS_METHOD,StringType,true),StructField(ANALYS_METHOD_SUB,StringType,true),StructField(EFFICA_STATUS,StringType,true),StructField(EFFICA_DEADLINE,StringType,true),StructField(EFFICA_APPROVER,StringType,true),StructField(SEC_LAYER,StringType,true),StructField(SEC_LAYER_RESP,StringType,true),StructField(SEC_LAYER_RESULT,StringType,true),StructField(SEC_LAYER_COMMENT,StringType,true),StructField(SEVERI_SAFETY_REAL,StringType,true),StructField(SEVERI_SAFETY_POTE,StringType,true),StructField(SEVERI_ENVIRO_REAL,StringType,true),StructField(SEVERI_ENVIRO_POTE,StringType,true),StructField(SEVERI_HEALTH_REAL,StringType,true),StructField(SEVERI_HEALTH_POTE,StringType,true),StructField(SEVERI_FINANC_REAL,StringType,true),StructField(SEVERI_FINANC_POTE,StringType,true),StructField(SEVERI_REPUTA_REAL,StringType,true),StructField(SEVERI_REPUTA_POTE,StringType,true),StructField(SEVERI_SOCIAL_REAL,StringType,true),StructField(SEVERI_SOCIAL_POTE,StringType,true),StructField(CLASS_MA,StringType,true),StructField(CLASS_C,StringType,true),StructField(CLASS_N,StringType,true),StructField(ENERGY_RELEASE,StringType,true),StructField(N3_PRIORITY,StringType,true),StructField(EXTERNAL_CAUSE,StringType,true),StructField(ANALYSIS_LEADER,StringType,true),StructField(CHANGE_DT,DecimalType(15,0),true),StructField(V_START_DATE,TimestampType,true),StructField(V_END_DATE,TimestampType,true),StructField(V_INSERT_DATE,TimestampType,true),StructField(V_CURRENT,BooleanType,true)), checksumOptPresent=true, prefetchedCheckpointAndMetadataPresent=false, prefetchedDeltaPresent=false)
26/01/16 13:08:20 INFO deprecation: fs.default.name is deprecated. Instead, use fs.defaultFS
26/01/16 13:08:20 WARN DataSource: org.apache.spark.sql.sources.DataSourceRegister: com.google.cloud.spark.bigquery.BigQueryRelationProvider Unable to get public no-arg constructor
26/01/16 13:08:21 INFO HadoopFSUtil$: Installing the old filesystem implementation for scheme s3n. Current value: com.databricks.sql.acl.fs.CredentialScopeFileSystem. Old value to be restored: com.databricks.sql.io.LokiFileSystem.
26/01/16 13:08:21 INFO HadoopFSUtil$: Installing the old filesystem implementation for scheme s3a. Current value: com.databricks.sql.acl.fs.CredentialScopeFileSystem. Old value to be restored: com.databricks.sql.io.LokiFileSystem.
26/01/16 13:08:21 INFO HadoopFSUtil$: Installing the old filesystem implementation for scheme r2. Current value: com.databricks.sql.acl.fs.CredentialScopeFileSystem. Old value to be restored: com.databricks.sql.io.LokiFileSystem.
26/01/16 13:08:21 INFO HadoopFSUtil$: Installing the old filesystem implementation for scheme abfss. Current value: com.databricks.sql.acl.fs.CredentialScopeFileSystem. Old value to be restored: com.databricks.sql.io.LokiFileSystem.
26/01/16 13:08:21 INFO HadoopFSUtil$: Installing the old filesystem implementation for scheme wasbs. Current value: com.databricks.sql.acl.fs.CredentialScopeFileSystem. Old value to be restored: com.databricks.sql.io.LokiFileSystem.
26/01/16 13:08:21 INFO HadoopFSUtil$: Installing the old filesystem implementation for scheme gs. Current value: com.databricks.sql.acl.fs.CredentialScopeFileSystem. Old value to be restored: com.databricks.sql.io.LokiFileSystem.
26/01/16 13:08:21 INFO HadoopFSUtil$: Installing the old filesystem implementation for scheme s3. Current value: com.databricks.sql.acl.fs.CredentialScopeFileSystem. Old value to be restored: com.databricks.sql.io.LokiFileSystem.
26/01/16 13:08:21 INFO HadoopFSUtil$: Installing the old filesystem implementation for scheme abfs. Current value: com.databricks.sql.acl.fs.CredentialScopeFileSystem. Old value to be restored: com.databricks.sql.io.LokiFileSystem.
26/01/16 13:08:21 INFO HadoopFSUtil$: Installing the old filesystem implementation for scheme wasb. Current value: com.databricks.sql.acl.fs.CredentialScopeFileSystem. Old value to be restored: com.databricks.sql.io.LokiFileSystem.
26/01/16 13:08:21 INFO DatabricksFileSystemV2Factory: Creating abfss file system for abfss://root@dbstoragekduswqmgjq5rc.dfs.core.windows.net
26/01/16 13:08:21 INFO AzureBlobFileSystem:V3: Initializing AzureBlobFileSystem for abfss://root@dbstoragekduswqmgjq5rc.dfs.core.windows.net/116288240407984 with credential = FixedSASTokenProvider with jvmId = 741
26/01/16 13:08:21 INFO DbfsHadoop3: Initialized DBFS with DBFSV2 as the delegate.
26/01/16 13:08:21 INFO LogInterceptor: RPC spark.connect.SparkConnectService/ExecutePlan (1462442471) [ExecutePlanResponse]: sessionId: a9408e72-f784-4414-a94c-48a15c61a2a5, serverSideSessionId: 26b20359-cf6e-401c-83bf-84c101c974f2, operationId: 9a23c9e8-d7c3-4c5a-8196-65fa16d5924f, responseId: ade2ff58-eb78-4010-8ecd-5cda5584e8e7
26/01/16 13:08:21 INFO DbfsReflectionUtilsImpl: Resolved DBFS path InputUri=/Workspace ResolvedPath=abfss://root@dbstoragekduswqmgjq5rc.dfs.core.windows.net/116288240407984/Workspace
26/01/16 13:08:21 INFO deprecation: fs.default.name is deprecated. Instead, use fs.defaultFS
26/01/16 13:08:21 INFO HadoopFSUtil$: Installing the old filesystem implementation for scheme s3n. Current value: com.databricks.sql.acl.fs.CredentialScopeFileSystem. Old value to be restored: com.databricks.sql.io.LokiFileSystem.
26/01/16 13:08:21 INFO HadoopFSUtil$: Installing the old filesystem implementation for scheme s3a. Current value: com.databricks.sql.acl.fs.CredentialScopeFileSystem. Old value to be restored: com.databricks.sql.io.LokiFileSystem.
26/01/16 13:08:21 INFO HadoopFSUtil$: Installing the old filesystem implementation for scheme r2. Current value: com.databricks.sql.acl.fs.CredentialScopeFileSystem. Old value to be restored: com.databricks.sql.io.LokiFileSystem.
26/01/16 13:08:21 INFO HadoopFSUtil$: Installing the old filesystem implementation for scheme abfss. Current value: com.databricks.sql.acl.fs.CredentialScopeFileSystem. Old value to be restored: com.databricks.sql.io.LokiFileSystem.
26/01/16 13:08:21 INFO HadoopFSUtil$: Installing the old filesystem implementation for scheme wasbs. Current value: com.databricks.sql.acl.fs.CredentialScopeFileSystem. Old value to be restored: com.databricks.sql.io.LokiFileSystem.
26/01/16 13:08:21 INFO HadoopFSUtil$: Installing the old filesystem implementation for scheme gs. Current value: com.databricks.sql.acl.fs.CredentialScopeFileSystem. Old value to be restored: com.databricks.sql.io.LokiFileSystem.
26/01/16 13:08:21 INFO HadoopFSUtil$: Installing the old filesystem implementation for scheme s3. Current value: com.databricks.sql.acl.fs.CredentialScopeFileSystem. Old value to be restored: com.databricks.sql.io.LokiFileSystem.
26/01/16 13:08:21 INFO HadoopFSUtil$: Installing the old filesystem implementation for scheme abfs. Current value: com.databricks.sql.acl.fs.CredentialScopeFileSystem. Old value to be restored: com.databricks.sql.io.LokiFileSystem.
26/01/16 13:08:21 INFO HadoopFSUtil$: Installing the old filesystem implementation for scheme wasb. Current value: com.databricks.sql.acl.fs.CredentialScopeFileSystem. Old value to be restored: com.databricks.sql.io.LokiFileSystem.
26/01/16 13:08:21 INFO DatabricksFileSystemV2Factory: Creating abfss file system for abfss://root@dbstoragekduswqmgjq5rc.dfs.core.windows.net
26/01/16 13:08:21 INFO DbfsHadoop3: Initialized DBFS with DBFSV2 as the delegate.
26/01/16 13:08:21 INFO deprecation: fs.default.name is deprecated. Instead, use fs.defaultFS
26/01/16 13:08:21 WARN DriverActivityLogging$: No activity context found. Skip logging driver event.
26/01/16 13:08:21 INFO AzureBlobFileSystem:V3: Initializing AzureBlobFileSystem for abfss://lakehouseinsight@stdataanalyticshs001.dfs.core.windows.net/hs/gold/export/ds_im_evento with credential = CredentialScopeADLSTokenProvider with jvmId = 741
26/01/16 13:08:21 WARN DriverActivityLogging$: No activity context found. Skip logging driver event.
26/01/16 13:08:21 WARN DriverActivityLogging$: No activity context found. Skip logging driver event.
26/01/16 13:08:21 WARN DriverActivityLogging$: No activity context found. Skip logging driver event.
26/01/16 13:08:21 WARN DriverActivityLogging$: No activity context found. Skip logging driver event.
26/01/16 13:08:21 INFO InMemoryFileIndex: Start listing leaf files and directories. Size of Paths: 1; threshold: 32
26/01/16 13:08:21 WARN DriverActivityLogging$: No activity context found. Skip logging driver event.
26/01/16 13:08:21 INFO InMemoryFileIndex: Start listing leaf files and directories. Size of Paths: 0; threshold: 32
26/01/16 13:08:21 INFO InMemoryFileIndex: It took 126 ms to list leaf files for 1 paths.
26/01/16 13:08:21 INFO InMemoryFileIndex: [ES-1349004] 3.4 MiB bytes allocated for InMemoryFileIndex.refresh0
26/01/16 13:08:22 INFO MemoryStore: MemoryStore started with capacity 3.3 GiB
26/01/16 13:08:22 INFO MemoryStore: Block broadcast_0 stored as values in memory (estimated size 113.7 KiB, free 3.3 GiB)
26/01/16 13:08:22 INFO MemoryStore: Block broadcast_0_piece0 stored as bytes in memory (estimated size 18.3 KiB, free 3.3 GiB)
26/01/16 13:08:22 INFO SparkContext: Created broadcast 0 from Spark Connect - session_id: "a9408e72-f784-4414-a94c-48a15c61a2a5"
user_context {
  user_id: "141038968383667"
  user_name: "c0711894@vale.co...
26/01/16 13:08:22 INFO SparkContext: Starting job: Spark Connect - session_id: "a9408e72-f784-4414-a94c-48a15c61a2a5"
user_context {
  user_id: "141038968383667"
  user_name: "c0711894@vale.co...
26/01/16 13:08:22 INFO DAGScheduler: Got job 0 (Spark Connect - session_id: "a9408e72-f784-4414-a94c-48a15c61a2a5"
user_context {
  user_id: "141038968383667"
  user_name: "c0711894@vale.co...) with 1 output partitions
26/01/16 13:08:22 INFO DAGScheduler: Final stage: ResultStage 0 (Spark Connect - session_id: "a9408e72-f784-4414-a94c-48a15c61a2a5"
user_context {
  user_id: "141038968383667"
  user_name: "c0711894@vale.co...)
26/01/16 13:08:22 INFO DAGScheduler: Parents of final stage: List()
26/01/16 13:08:22 INFO DAGScheduler: Missing parents: List()
26/01/16 13:08:22 INFO DAGScheduler: Submitting ResultStage 0 (MapPartitionsRDD[1] at Spark Connect - session_id: "a9408e72-f784-4414-a94c-48a15c61a2a5"
user_context {
  user_id: "141038968383667"
  user_name: "c0711894@vale.co...), which has no missing parents
26/01/16 13:08:22 INFO DAGScheduler: Submitting 1 missing tasks from ResultStage 0 (MapPartitionsRDD[1] at Spark Connect - session_id: "a9408e72-f784-4414-a94c-48a15c61a2a5"
user_context {
  user_id: "141038968383667"
  user_name: "c0711894@vale.co...) (first 15 tasks are for partitions Vector(0))
26/01/16 13:08:22 INFO TaskSchedulerImpl: Adding task set 0.0 with 1 tasks resource profile 0
26/01/16 13:08:22 INFO TaskSetManager: TaskSet 0.0 using PreferredLocationsV1
26/01/16 13:08:22 WARN FairSchedulableBuilder: A job was submitted with scheduler pool 1768568637510, which has not been configured. This can happen when the file that pools are read from isn't set, or when that file doesn't contain 1768568637510. Created 1768568637510 with default configuration (schedulingMode: FIFO, minShare: 0, weight: 1
26/01/16 13:08:22 INFO FairSchedulableBuilder: Added task set TaskSet_0.0 tasks to pool 1768568637510
26/01/16 13:08:22 INFO TaskSetManager: Starting task 0.0 in stage 0.0 (TID 0) (10.139.64.10,executor 0, partition 0, PROCESS_LOCAL, 
26/01/16 13:08:22 INFO MemoryStore: Block broadcast_1 stored as values in memory (estimated size 128.6 KiB, free 3.3 GiB)
26/01/16 13:08:22 INFO MemoryStore: Block broadcast_1_piece0 stored as bytes in memory (estimated size 52.7 KiB, free 3.3 GiB)
26/01/16 13:08:22 INFO SparkContext: Created broadcast 1 from broadcast at TaskSetManager.scala:848
26/01/16 13:08:23 INFO LogInterceptor: RPC spark.connect.SparkConnectService/ExecutePlan (1462442471) [ExecutePlanResponse]: sessionId: a9408e72-f784-4414-a94c-48a15c61a2a5, serverSideSessionId: 26b20359-cf6e-401c-83bf-84c101c974f2, operationId: 9a23c9e8-d7c3-4c5a-8196-65fa16d5924f, responseId: 944b3486-6106-4024-8719-4bf8be3715ed
26/01/16 13:08:23 INFO LogInterceptor: RPC spark.connect.SparkConnectService/ExecutePlan (1462442471) [ExecutePlanResponse]: sessionId: a9408e72-f784-4414-a94c-48a15c61a2a5, serverSideSessionId: 26b20359-cf6e-401c-83bf-84c101c974f2, operationId: 9a23c9e8-d7c3-4c5a-8196-65fa16d5924f, responseId: 8bd3c5f3-b573-4289-8106-793efda40086
26/01/16 13:08:25 INFO LogInterceptor: RPC spark.connect.SparkConnectService/ExecutePlan (1462442471) [ExecutePlanResponse]: sessionId: a9408e72-f784-4414-a94c-48a15c61a2a5, serverSideSessionId: 26b20359-cf6e-401c-83bf-84c101c974f2, operationId: 9a23c9e8-d7c3-4c5a-8196-65fa16d5924f, responseId: 178076f4-05e0-442f-8a4c-9c3c6f415c93
26/01/16 13:08:27 INFO LogInterceptor: RPC spark.connect.SparkConnectService/ExecutePlan (1462442471) [ExecutePlanResponse]: sessionId: a9408e72-f784-4414-a94c-48a15c61a2a5, serverSideSessionId: 26b20359-cf6e-401c-83bf-84c101c974f2, operationId: 9a23c9e8-d7c3-4c5a-8196-65fa16d5924f, responseId: c59fae8b-f2d7-4fa9-af5d-3c5f39307dcf
26/01/16 13:08:29 INFO LogInterceptor: RPC spark.connect.SparkConnectService/ExecutePlan (1462442471) [ExecutePlanResponse]: sessionId: a9408e72-f784-4414-a94c-48a15c61a2a5, serverSideSessionId: 26b20359-cf6e-401c-83bf-84c101c974f2, operationId: 9a23c9e8-d7c3-4c5a-8196-65fa16d5924f, responseId: 215adde1-f6b3-4b0d-b2b4-4d85a8ca143a
26/01/16 13:08:31 INFO LogInterceptor: RPC spark.connect.SparkConnectService/ExecutePlan (1462442471) [ExecutePlanResponse]: sessionId: a9408e72-f784-4414-a94c-48a15c61a2a5, serverSideSessionId: 26b20359-cf6e-401c-83bf-84c101c974f2, operationId: 9a23c9e8-d7c3-4c5a-8196-65fa16d5924f, responseId: 497dcc87-1230-4176-bcfc-8230ca735c76
26/01/16 13:08:31 INFO TaskSetManager: Finished task 0.0 in stage 0.0 (TID 0) in 9059 ms on 10.139.64.10 (executor 0) (1/1)
26/01/16 13:08:31 INFO TaskSchedulerImpl: Removed TaskSet 0.0 whose tasks have all completed, from pool 1768568637510
26/01/16 13:08:31 INFO DAGScheduler: ResultStage 0 (Spark Connect - session_id: "a9408e72-f784-4414-a94c-48a15c61a2a5"
user_context {
  user_id: "141038968383667"
  user_name: "c0711894@vale.co...) finished in 9410 ms
26/01/16 13:08:31 WARN AppStatusListener: AppStatusListener.getTaskMetricsSubset() took 8 ms
26/01/16 13:08:31 INFO DAGScheduler: Job 0 is finished. Cancelling potential speculative or zombie tasks for this job
26/01/16 13:08:31 INFO TaskSchedulerImpl: Canceling stage 0
26/01/16 13:08:31 INFO TaskSchedulerImpl: Killing all running tasks in stage 0: Stage finished
26/01/16 13:08:31 INFO DAGScheduler: Job 0 finished: Spark Connect - session_id: "a9408e72-f784-4414-a94c-48a15c61a2a5"
user_context {
  user_id: "141038968383667"
  user_name: "c0711894@vale.co..., took 9586.927195 ms
26/01/16 13:08:32 WARN DataSource: org.apache.spark.sql.sources.DataSourceRegister: com.google.cloud.spark.bigquery.BigQueryRelationProvider Unable to get public no-arg constructor
26/01/16 13:08:32 INFO DbfsReflectionUtilsImpl: Resolved DBFS path InputUri=/Workspace ResolvedPath=abfss://root@dbstoragekduswqmgjq5rc.dfs.core.windows.net/116288240407984/Workspace
26/01/16 13:08:32 WARN DriverActivityLogging$: No activity context found. Skip logging driver event.
26/01/16 13:08:32 WARN DriverActivityLogging$: No activity context found. Skip logging driver event.
26/01/16 13:08:32 WARN DriverActivityLogging$: No activity context found. Skip logging driver event.
26/01/16 13:08:32 WARN DriverActivityLogging$: No activity context found. Skip logging driver event.
26/01/16 13:08:32 WARN DriverActivityLogging$: No activity context found. Skip logging driver event.
26/01/16 13:08:32 INFO InMemoryFileIndex: Start listing leaf files and directories. Size of Paths: 1; threshold: 32
26/01/16 13:08:32 WARN DriverActivityLogging$: No activity context found. Skip logging driver event.
26/01/16 13:08:32 INFO InMemoryFileIndex: Start listing leaf files and directories. Size of Paths: 0; threshold: 32
26/01/16 13:08:32 INFO InMemoryFileIndex: It took 22 ms to list leaf files for 1 paths.
26/01/16 13:08:32 INFO InMemoryFileIndex: [ES-1349004] 961.5 KiB bytes allocated for InMemoryFileIndex.refresh0
26/01/16 13:08:32 INFO SparkContext: Starting job: Spark Connect - session_id: "a9408e72-f784-4414-a94c-48a15c61a2a5"
user_context {
  user_id: "141038968383667"
  user_name: "c0711894@vale.co...
26/01/16 13:08:32 INFO DAGScheduler: Got job 1 (Spark Connect - session_id: "a9408e72-f784-4414-a94c-48a15c61a2a5"
user_context {
  user_id: "141038968383667"
  user_name: "c0711894@vale.co...) with 1 output partitions
26/01/16 13:08:32 INFO DAGScheduler: Final stage: ResultStage 1 (Spark Connect - session_id: "a9408e72-f784-4414-a94c-48a15c61a2a5"
user_context {
  user_id: "141038968383667"
  user_name: "c0711894@vale.co...)
26/01/16 13:08:32 INFO DAGScheduler: Parents of final stage: List()
26/01/16 13:08:32 INFO DAGScheduler: Missing parents: List()
26/01/16 13:08:32 INFO DAGScheduler: Submitting ResultStage 1 (MapPartitionsRDD[3] at Spark Connect - session_id: "a9408e72-f784-4414-a94c-48a15c61a2a5"
user_context {
  user_id: "141038968383667"
  user_name: "c0711894@vale.co...), which has no missing parents
26/01/16 13:08:32 INFO DAGScheduler: Submitting 1 missing tasks from ResultStage 1 (MapPartitionsRDD[3] at Spark Connect - session_id: "a9408e72-f784-4414-a94c-48a15c61a2a5"
user_context {
  user_id: "141038968383667"
  user_name: "c0711894@vale.co...) (first 15 tasks are for partitions Vector(0))
26/01/16 13:08:32 INFO TaskSchedulerImpl: Adding task set 1.0 with 1 tasks resource profile 0
26/01/16 13:08:32 INFO TaskSetManager: TaskSet 1.0 using PreferredLocationsV1
26/01/16 13:08:32 INFO FairSchedulableBuilder: Added task set TaskSet_1.0 tasks to pool 1768568637510
26/01/16 13:08:32 INFO TaskSetManager: Starting task 0.0 in stage 1.0 (TID 1) (10.139.64.10,executor 0, partition 0, PROCESS_LOCAL, 
26/01/16 13:08:32 INFO MemoryStore: Block broadcast_2 stored as values in memory (estimated size 128.6 KiB, free 3.3 GiB)
26/01/16 13:08:32 INFO MemoryStore: Block broadcast_2_piece0 stored as bytes in memory (estimated size 52.7 KiB, free 3.3 GiB)
26/01/16 13:08:32 INFO SparkContext: Created broadcast 2 from broadcast at TaskSetManager.scala:848
26/01/16 13:08:32 INFO TaskSetManager: Finished task 0.0 in stage 1.0 (TID 1) in 102 ms on 10.139.64.10 (executor 0) (1/1)
26/01/16 13:08:32 INFO TaskSchedulerImpl: Removed TaskSet 1.0 whose tasks have all completed, from pool 1768568637510
26/01/16 13:08:32 INFO DAGScheduler: ResultStage 1 (Spark Connect - session_id: "a9408e72-f784-4414-a94c-48a15c61a2a5"
user_context {
  user_id: "141038968383667"
  user_name: "c0711894@vale.co...) finished in 122 ms
26/01/16 13:08:32 INFO DAGScheduler: Job 1 is finished. Cancelling potential speculative or zombie tasks for this job
26/01/16 13:08:32 INFO TaskSchedulerImpl: Canceling stage 1
26/01/16 13:08:32 INFO TaskSchedulerImpl: Killing all running tasks in stage 1: Stage finished
26/01/16 13:08:32 INFO DAGScheduler: Job 1 finished: Spark Connect - session_id: "a9408e72-f784-4414-a94c-48a15c61a2a5"
user_context {
  user_id: "141038968383667"
  user_name: "c0711894@vale.co..., took 135.371304 ms
26/01/16 13:08:32 WARN DataSource: org.apache.spark.sql.sources.DataSourceRegister: com.google.cloud.spark.bigquery.BigQueryRelationProvider Unable to get public no-arg constructor
26/01/16 13:08:32 INFO DbfsReflectionUtilsImpl: Resolved DBFS path InputUri=/Workspace ResolvedPath=abfss://root@dbstoragekduswqmgjq5rc.dfs.core.windows.net/116288240407984/Workspace
26/01/16 13:08:32 WARN DriverActivityLogging$: No activity context found. Skip logging driver event.
26/01/16 13:08:32 WARN DriverActivityLogging$: No activity context found. Skip logging driver event.
26/01/16 13:08:32 WARN DriverActivityLogging$: No activity context found. Skip logging driver event.
26/01/16 13:08:32 WARN DriverActivityLogging$: No activity context found. Skip logging driver event.
26/01/16 13:08:32 WARN DriverActivityLogging$: No activity context found. Skip logging driver event.
26/01/16 13:08:32 INFO InMemoryFileIndex: Start listing leaf files and directories. Size of Paths: 1; threshold: 32
26/01/16 13:08:32 WARN DriverActivityLogging$: No activity context found. Skip logging driver event.
26/01/16 13:08:32 INFO InMemoryFileIndex: Start listing leaf files and directories. Size of Paths: 0; threshold: 32
26/01/16 13:08:32 INFO InMemoryFileIndex: It took 35 ms to list leaf files for 1 paths.
26/01/16 13:08:32 INFO InMemoryFileIndex: [ES-1349004] 959.0 KiB bytes allocated for InMemoryFileIndex.refresh0
26/01/16 13:08:32 INFO SparkContext: Starting job: Spark Connect - session_id: "a9408e72-f784-4414-a94c-48a15c61a2a5"
user_context {
  user_id: "141038968383667"
  user_name: "c0711894@vale.co...
26/01/16 13:08:32 INFO DAGScheduler: Got job 2 (Spark Connect - session_id: "a9408e72-f784-4414-a94c-48a15c61a2a5"
user_context {
  user_id: "141038968383667"
  user_name: "c0711894@vale.co...) with 1 output partitions
26/01/16 13:08:32 INFO DAGScheduler: Final stage: ResultStage 2 (Spark Connect - session_id: "a9408e72-f784-4414-a94c-48a15c61a2a5"
user_context {
  user_id: "141038968383667"
  user_name: "c0711894@vale.co...)
26/01/16 13:08:32 INFO DAGScheduler: Parents of final stage: List()
26/01/16 13:08:32 INFO DAGScheduler: Missing parents: List()
26/01/16 13:08:32 INFO DAGScheduler: Submitting ResultStage 2 (MapPartitionsRDD[5] at Spark Connect - session_id: "a9408e72-f784-4414-a94c-48a15c61a2a5"
user_context {
  user_id: "141038968383667"
  user_name: "c0711894@vale.co...), which has no missing parents
26/01/16 13:08:32 INFO DAGScheduler: Submitting 1 missing tasks from ResultStage 2 (MapPartitionsRDD[5] at Spark Connect - session_id: "a9408e72-f784-4414-a94c-48a15c61a2a5"
user_context {
  user_id: "141038968383667"
  user_name: "c0711894@vale.co...) (first 15 tasks are for partitions Vector(0))
26/01/16 13:08:32 INFO TaskSchedulerImpl: Adding task set 2.0 with 1 tasks resource profile 0
26/01/16 13:08:32 INFO TaskSetManager: TaskSet 2.0 using PreferredLocationsV1
26/01/16 13:08:32 WARN FairSchedulableBuilder: A job was submitted with scheduler pool 1768568637510, which has not been configured. This can happen when the file that pools are read from isn't set, or when that file doesn't contain 1768568637510. Created 1768568637510 with default configuration (schedulingMode: FIFO, minShare: 0, weight: 1
26/01/16 13:08:32 INFO FairSchedulableBuilder: Added task set TaskSet_2.0 tasks to pool 1768568637510
26/01/16 13:08:32 INFO TaskSetManager: Starting task 0.0 in stage 2.0 (TID 2) (10.139.64.10,executor 0, partition 0, PROCESS_LOCAL, 
26/01/16 13:08:32 INFO MemoryStore: Block broadcast_3 stored as values in memory (estimated size 128.6 KiB, free 3.3 GiB)
26/01/16 13:08:32 INFO MemoryStore: Block broadcast_3_piece0 stored as bytes in memory (estimated size 52.7 KiB, free 3.3 GiB)
26/01/16 13:08:32 INFO SparkContext: Created broadcast 3 from broadcast at TaskSetManager.scala:848
26/01/16 13:08:32 INFO TaskSetManager: Finished task 0.0 in stage 2.0 (TID 2) in 73 ms on 10.139.64.10 (executor 0) (1/1)
26/01/16 13:08:32 INFO TaskSchedulerImpl: Removed TaskSet 2.0 whose tasks have all completed, from pool 1768568637510
26/01/16 13:08:32 INFO DAGScheduler: ResultStage 2 (Spark Connect - session_id: "a9408e72-f784-4414-a94c-48a15c61a2a5"
user_context {
  user_id: "141038968383667"
  user_name: "c0711894@vale.co...) finished in 84 ms
26/01/16 13:08:32 INFO DAGScheduler: Job 2 is finished. Cancelling potential speculative or zombie tasks for this job
26/01/16 13:08:32 INFO TaskSchedulerImpl: Canceling stage 2
26/01/16 13:08:32 INFO TaskSchedulerImpl: Killing all running tasks in stage 2: Stage finished
26/01/16 13:08:32 INFO DAGScheduler: Job 2 finished: Spark Connect - session_id: "a9408e72-f784-4414-a94c-48a15c61a2a5"
user_context {
  user_id: "141038968383667"
  user_name: "c0711894@vale.co..., took 94.997243 ms
26/01/16 13:08:32 WARN DataSource: org.apache.spark.sql.sources.DataSourceRegister: com.google.cloud.spark.bigquery.BigQueryRelationProvider Unable to get public no-arg constructor
26/01/16 13:08:32 INFO DbfsReflectionUtilsImpl: Resolved DBFS path InputUri=/Workspace ResolvedPath=abfss://root@dbstoragekduswqmgjq5rc.dfs.core.windows.net/116288240407984/Workspace
26/01/16 13:08:32 WARN DriverActivityLogging$: No activity context found. Skip logging driver event.
26/01/16 13:08:32 WARN DriverActivityLogging$: No activity context found. Skip logging driver event.
26/01/16 13:08:32 WARN DriverActivityLogging$: No activity context found. Skip logging driver event.
26/01/16 13:08:32 WARN DriverActivityLogging$: No activity context found. Skip logging driver event.
26/01/16 13:08:32 WARN DriverActivityLogging$: No activity context found. Skip logging driver event.
26/01/16 13:08:32 INFO InMemoryFileIndex: Start listing leaf files and directories. Size of Paths: 1; threshold: 32
26/01/16 13:08:32 WARN DriverActivityLogging$: No activity context found. Skip logging driver event.
26/01/16 13:08:32 ERROR DriverCorral: Invalid executionContextId: MessagePacket(jupyter_message,Metadata(None,Some(kernel_info_request),Some(3245484445906432),Some(0308-151607-btdoodbb),Some(8143167118108101753),None,Some(CommandContext(...)),Some(Map(jupyter-message-viewer-enabled -> false))),MessagePayload(Map(),Some(control),Some(Header(Some(kernel_info_request),Some(83dc189a-c405-41d6-b0bc-e672b27a8059),Some(databricksnbid:3245484445906432),Some(),Some(2026-01-16T13:08:23.650Z),Some(5.4))),None,Map(),List()),null)
26/01/16 13:08:32 INFO InMemoryFileIndex: Start listing leaf files and directories. Size of Paths: 0; threshold: 32
26/01/16 13:08:32 INFO InMemoryFileIndex: It took 23 ms to list leaf files for 1 paths.
26/01/16 13:08:32 INFO InMemoryFileIndex: [ES-1349004] 959.3 KiB bytes allocated for InMemoryFileIndex.refresh0
26/01/16 13:08:32 INFO SparkContext: Starting job: Spark Connect - session_id: "a9408e72-f784-4414-a94c-48a15c61a2a5"
user_context {
  user_id: "141038968383667"
  user_name: "c0711894@vale.co...
26/01/16 13:08:32 INFO DAGScheduler: Got job 3 (Spark Connect - session_id: "a9408e72-f784-4414-a94c-48a15c61a2a5"
user_context {
  user_id: "141038968383667"
  user_name: "c0711894@vale.co...) with 1 output partitions
26/01/16 13:08:32 INFO DAGScheduler: Final stage: ResultStage 3 (Spark Connect - session_id: "a9408e72-f784-4414-a94c-48a15c61a2a5"
user_context {
  user_id: "141038968383667"
  user_name: "c0711894@vale.co...)
26/01/16 13:08:32 INFO DAGScheduler: Parents of final stage: List()
26/01/16 13:08:32 INFO DAGScheduler: Missing parents: List()
26/01/16 13:08:32 INFO DAGScheduler: Submitting ResultStage 3 (MapPartitionsRDD[7] at Spark Connect - session_id: "a9408e72-f784-4414-a94c-48a15c61a2a5"
user_context {
  user_id: "141038968383667"
  user_name: "c0711894@vale.co...), which has no missing parents
26/01/16 13:08:32 INFO DAGScheduler: Submitting 1 missing tasks from ResultStage 3 (MapPartitionsRDD[7] at Spark Connect - session_id: "a9408e72-f784-4414-a94c-48a15c61a2a5"
user_context {
  user_id: "141038968383667"
  user_name: "c0711894@vale.co...) (first 15 tasks are for partitions Vector(0))
26/01/16 13:08:32 INFO TaskSchedulerImpl: Adding task set 3.0 with 1 tasks resource profile 0
26/01/16 13:08:32 INFO TaskSetManager: TaskSet 3.0 using PreferredLocationsV1
26/01/16 13:08:32 INFO FairSchedulableBuilder: Added task set TaskSet_3.0 tasks to pool 1768568637510
26/01/16 13:08:32 INFO TaskSetManager: Starting task 0.0 in stage 3.0 (TID 3) (10.139.64.10,executor 0, partition 0, PROCESS_LOCAL, 
26/01/16 13:08:32 INFO MemoryStore: Block broadcast_4 stored as values in memory (estimated size 128.6 KiB, free 3.3 GiB)
26/01/16 13:08:32 INFO MemoryStore: Block broadcast_4_piece0 stored as bytes in memory (estimated size 52.7 KiB, free 3.3 GiB)
26/01/16 13:08:32 INFO SparkContext: Created broadcast 4 from broadcast at TaskSetManager.scala:848
26/01/16 13:08:32 INFO TaskSetManager: Finished task 0.0 in stage 3.0 (TID 3) in 79 ms on 10.139.64.10 (executor 0) (1/1)
26/01/16 13:08:32 INFO DAGScheduler: ResultStage 3 (Spark Connect - session_id: "a9408e72-f784-4414-a94c-48a15c61a2a5"
user_context {
  user_id: "141038968383667"
  user_name: "c0711894@vale.co...) finished in 106 ms
26/01/16 13:08:32 INFO DAGScheduler: Job 3 is finished. Cancelling potential speculative or zombie tasks for this job
26/01/16 13:08:32 INFO TaskSchedulerImpl: Removed TaskSet 3.0 whose tasks have all completed, from pool 1768568637510
26/01/16 13:08:32 INFO TaskSchedulerImpl: Canceling stage 3
26/01/16 13:08:32 INFO TaskSchedulerImpl: Killing all running tasks in stage 3: Stage finished
26/01/16 13:08:32 INFO DAGScheduler: Job 3 finished: Spark Connect - session_id: "a9408e72-f784-4414-a94c-48a15c61a2a5"
user_context {
  user_id: "141038968383667"
  user_name: "c0711894@vale.co..., took 114.240773 ms
26/01/16 13:08:32 WARN DataSource: org.apache.spark.sql.sources.DataSourceRegister: com.google.cloud.spark.bigquery.BigQueryRelationProvider Unable to get public no-arg constructor
26/01/16 13:08:32 INFO DbfsReflectionUtilsImpl: Resolved DBFS path InputUri=/Workspace ResolvedPath=abfss://root@dbstoragekduswqmgjq5rc.dfs.core.windows.net/116288240407984/Workspace
26/01/16 13:08:33 WARN DriverActivityLogging$: No activity context found. Skip logging driver event.
26/01/16 13:08:33 WARN DriverActivityLogging$: No activity context found. Skip logging driver event.
26/01/16 13:08:33 WARN DriverActivityLogging$: No activity context found. Skip logging driver event.
26/01/16 13:08:33 WARN DriverActivityLogging$: No activity context found. Skip logging driver event.
26/01/16 13:08:33 INFO LogInterceptor: RPC spark.connect.SparkConnectService/ExecutePlan (1462442471) [ExecutePlanResponse]: sessionId: a9408e72-f784-4414-a94c-48a15c61a2a5, serverSideSessionId: 26b20359-cf6e-401c-83bf-84c101c974f2, operationId: 9a23c9e8-d7c3-4c5a-8196-65fa16d5924f, responseId: eec6481f-9692-4ba4-88c4-030e43e1a21a
26/01/16 13:08:33 INFO LogInterceptor: RPC spark.connect.SparkConnectService/ExecutePlan (1462442471) [ExecutePlanResponse]: sessionId: a9408e72-f784-4414-a94c-48a15c61a2a5, serverSideSessionId: 26b20359-cf6e-401c-83bf-84c101c974f2, operationId: 9a23c9e8-d7c3-4c5a-8196-65fa16d5924f, responseId: ae8718a5-ee6e-4e4f-ad36-682e7ce132bb
26/01/16 13:08:33 WARN DriverActivityLogging$: No activity context found. Skip logging driver event.
26/01/16 13:08:33 INFO InMemoryFileIndex: Start listing leaf files and directories. Size of Paths: 1; threshold: 32
26/01/16 13:08:33 WARN DriverActivityLogging$: No activity context found. Skip logging driver event.
26/01/16 13:08:33 INFO InMemoryFileIndex: Start listing leaf files and directories. Size of Paths: 0; threshold: 32
26/01/16 13:08:33 INFO InMemoryFileIndex: It took 22 ms to list leaf files for 1 paths.
26/01/16 13:08:33 INFO InMemoryFileIndex: [ES-1349004] 984.4 KiB bytes allocated for InMemoryFileIndex.refresh0
26/01/16 13:08:33 INFO SparkContext: Starting job: Spark Connect - session_id: "a9408e72-f784-4414-a94c-48a15c61a2a5"
user_context {
  user_id: "141038968383667"
  user_name: "c0711894@vale.co...
26/01/16 13:08:33 INFO DAGScheduler: Got job 4 (Spark Connect - session_id: "a9408e72-f784-4414-a94c-48a15c61a2a5"
user_context {
  user_id: "141038968383667"
  user_name: "c0711894@vale.co...) with 1 output partitions
26/01/16 13:08:33 INFO DAGScheduler: Final stage: ResultStage 4 (Spark Connect - session_id: "a9408e72-f784-4414-a94c-48a15c61a2a5"
user_context {
  user_id: "141038968383667"
  user_name: "c0711894@vale.co...)
26/01/16 13:08:33 INFO DAGScheduler: Parents of final stage: List()
26/01/16 13:08:33 INFO DAGScheduler: Missing parents: List()
26/01/16 13:08:33 INFO DAGScheduler: Submitting ResultStage 4 (MapPartitionsRDD[9] at Spark Connect - session_id: "a9408e72-f784-4414-a94c-48a15c61a2a5"
user_context {
  user_id: "141038968383667"
  user_name: "c0711894@vale.co...), which has no missing parents
26/01/16 13:08:33 INFO DAGScheduler: Submitting 1 missing tasks from ResultStage 4 (MapPartitionsRDD[9] at Spark Connect - session_id: "a9408e72-f784-4414-a94c-48a15c61a2a5"
user_context {
  user_id: "141038968383667"
  user_name: "c0711894@vale.co...) (first 15 tasks are for partitions Vector(0))
26/01/16 13:08:33 INFO TaskSchedulerImpl: Adding task set 4.0 with 1 tasks resource profile 0
26/01/16 13:08:33 INFO TaskSetManager: TaskSet 4.0 using PreferredLocationsV1
26/01/16 13:08:33 INFO FairSchedulableBuilder: Added task set TaskSet_4.0 tasks to pool 1768568637510
26/01/16 13:08:33 INFO TaskSetManager: Starting task 0.0 in stage 4.0 (TID 4) (10.139.64.10,executor 0, partition 0, PROCESS_LOCAL, 
26/01/16 13:08:33 INFO MemoryStore: Block broadcast_5 stored as values in memory (estimated size 128.6 KiB, free 3.3 GiB)
26/01/16 13:08:33 INFO MemoryStore: Block broadcast_5_piece0 stored as bytes in memory (estimated size 52.7 KiB, free 3.3 GiB)
26/01/16 13:08:33 INFO SparkContext: Created broadcast 5 from broadcast at TaskSetManager.scala:848
26/01/16 13:08:33 INFO TaskSetManager: Finished task 0.0 in stage 4.0 (TID 4) in 87 ms on 10.139.64.10 (executor 0) (1/1)
26/01/16 13:08:33 INFO TaskSchedulerImpl: Removed TaskSet 4.0 whose tasks have all completed, from pool 1768568637510
26/01/16 13:08:33 INFO DAGScheduler: ResultStage 4 (Spark Connect - session_id: "a9408e72-f784-4414-a94c-48a15c61a2a5"
user_context {
  user_id: "141038968383667"
  user_name: "c0711894@vale.co...) finished in 96 ms
26/01/16 13:08:33 INFO DAGScheduler: Job 4 is finished. Cancelling potential speculative or zombie tasks for this job
26/01/16 13:08:33 INFO TaskSchedulerImpl: Canceling stage 4
26/01/16 13:08:33 INFO TaskSchedulerImpl: Killing all running tasks in stage 4: Stage finished
26/01/16 13:08:33 INFO DAGScheduler: Job 4 finished: Spark Connect - session_id: "a9408e72-f784-4414-a94c-48a15c61a2a5"
user_context {
  user_id: "141038968383667"
  user_name: "c0711894@vale.co..., took 102.457555 ms
26/01/16 13:08:33 WARN DataSource: org.apache.spark.sql.sources.DataSourceRegister: com.google.cloud.spark.bigquery.BigQueryRelationProvider Unable to get public no-arg constructor
26/01/16 13:08:33 INFO DbfsReflectionUtilsImpl: Resolved DBFS path InputUri=/Workspace ResolvedPath=abfss://root@dbstoragekduswqmgjq5rc.dfs.core.windows.net/116288240407984/Workspace
26/01/16 13:08:33 WARN DriverActivityLogging$: No activity context found. Skip logging driver event.
26/01/16 13:08:33 WARN DriverActivityLogging$: No activity context found. Skip logging driver event.
26/01/16 13:08:33 WARN DriverActivityLogging$: No activity context found. Skip logging driver event.
26/01/16 13:08:33 INFO InMemoryFileIndex: Start listing leaf files and directories. Size of Paths: 1; threshold: 32
26/01/16 13:08:33 WARN DriverActivityLogging$: No activity context found. Skip logging driver event.
26/01/16 13:08:33 INFO InMemoryFileIndex: Start listing leaf files and directories. Size of Paths: 0; threshold: 32
26/01/16 13:08:33 INFO InMemoryFileIndex: It took 21 ms to list leaf files for 1 paths.
26/01/16 13:08:33 INFO InMemoryFileIndex: [ES-1349004] 958.6 KiB bytes allocated for InMemoryFileIndex.refresh0
26/01/16 13:08:33 INFO SparkContext: Starting job: Spark Connect - session_id: "a9408e72-f784-4414-a94c-48a15c61a2a5"
user_context {
  user_id: "141038968383667"
  user_name: "c0711894@vale.co...
26/01/16 13:08:33 INFO DAGScheduler: Got job 5 (Spark Connect - session_id: "a9408e72-f784-4414-a94c-48a15c61a2a5"
user_context {
  user_id: "141038968383667"
  user_name: "c0711894@vale.co...) with 1 output partitions
26/01/16 13:08:33 INFO DAGScheduler: Final stage: ResultStage 5 (Spark Connect - session_id: "a9408e72-f784-4414-a94c-48a15c61a2a5"
user_context {
  user_id: "141038968383667"
  user_name: "c0711894@vale.co...)
26/01/16 13:08:33 INFO DAGScheduler: Parents of final stage: List()
26/01/16 13:08:33 INFO DAGScheduler: Missing parents: List()
26/01/16 13:08:33 INFO DAGScheduler: Submitting ResultStage 5 (MapPartitionsRDD[11] at Spark Connect - session_id: "a9408e72-f784-4414-a94c-48a15c61a2a5"
user_context {
  user_id: "141038968383667"
  user_name: "c0711894@vale.co...), which has no missing parents
26/01/16 13:08:33 INFO DAGScheduler: Submitting 1 missing tasks from ResultStage 5 (MapPartitionsRDD[11] at Spark Connect - session_id: "a9408e72-f784-4414-a94c-48a15c61a2a5"
user_context {
  user_id: "141038968383667"
  user_name: "c0711894@vale.co...) (first 15 tasks are for partitions Vector(0))
26/01/16 13:08:33 INFO TaskSchedulerImpl: Adding task set 5.0 with 1 tasks resource profile 0
26/01/16 13:08:33 INFO TaskSetManager: TaskSet 5.0 using PreferredLocationsV1
26/01/16 13:08:33 INFO FairSchedulableBuilder: Added task set TaskSet_5.0 tasks to pool 1768568637510
26/01/16 13:08:33 INFO TaskSetManager: Starting task 0.0 in stage 5.0 (TID 5) (10.139.64.10,executor 0, partition 0, PROCESS_LOCAL, 
26/01/16 13:08:33 INFO MemoryStore: Block broadcast_6 stored as values in memory (estimated size 128.6 KiB, free 3.3 GiB)
26/01/16 13:08:33 INFO MemoryStore: Block broadcast_6_piece0 stored as bytes in memory (estimated size 52.7 KiB, free 3.3 GiB)
26/01/16 13:08:33 INFO SparkContext: Created broadcast 6 from broadcast at TaskSetManager.scala:848
26/01/16 13:08:33 INFO TaskSetManager: Finished task 0.0 in stage 5.0 (TID 5) in 87 ms on 10.139.64.10 (executor 0) (1/1)
26/01/16 13:08:33 INFO TaskSchedulerImpl: Removed TaskSet 5.0 whose tasks have all completed, from pool 1768568637510
26/01/16 13:08:33 INFO DAGScheduler: ResultStage 5 (Spark Connect - session_id: "a9408e72-f784-4414-a94c-48a15c61a2a5"
user_context {
  user_id: "141038968383667"
  user_name: "c0711894@vale.co...) finished in 103 ms
26/01/16 13:08:33 INFO DAGScheduler: Job 5 is finished. Cancelling potential speculative or zombie tasks for this job
26/01/16 13:08:33 INFO TaskSchedulerImpl: Canceling stage 5
26/01/16 13:08:33 INFO TaskSchedulerImpl: Killing all running tasks in stage 5: Stage finished
26/01/16 13:08:33 INFO DAGScheduler: Job 5 finished: Spark Connect - session_id: "a9408e72-f784-4414-a94c-48a15c61a2a5"
user_context {
  user_id: "141038968383667"
  user_name: "c0711894@vale.co..., took 109.493366 ms
26/01/16 13:08:33 WARN DataSource: org.apache.spark.sql.sources.DataSourceRegister: com.google.cloud.spark.bigquery.BigQueryRelationProvider Unable to get public no-arg constructor
26/01/16 13:08:33 INFO DbfsReflectionUtilsImpl: Resolved DBFS path InputUri=/Workspace ResolvedPath=abfss://root@dbstoragekduswqmgjq5rc.dfs.core.windows.net/116288240407984/Workspace
26/01/16 13:08:33 WARN DriverActivityLogging$: No activity context found. Skip logging driver event.
26/01/16 13:08:33 WARN DriverActivityLogging$: No activity context found. Skip logging driver event.
26/01/16 13:08:33 WARN DriverActivityLogging$: No activity context found. Skip logging driver event.
26/01/16 13:08:33 WARN DriverActivityLogging$: No activity context found. Skip logging driver event.
26/01/16 13:08:33 WARN DriverActivityLogging$: No activity context found. Skip logging driver event.
26/01/16 13:08:33 INFO InMemoryFileIndex: Start listing leaf files and directories. Size of Paths: 1; threshold: 32
26/01/16 13:08:33 WARN DriverActivityLogging$: No activity context found. Skip logging driver event.
26/01/16 13:08:33 INFO InMemoryFileIndex: Start listing leaf files and directories. Size of Paths: 0; threshold: 32
26/01/16 13:08:33 INFO InMemoryFileIndex: It took 25 ms to list leaf files for 1 paths.
26/01/16 13:08:33 INFO InMemoryFileIndex: [ES-1349004] 961.4 KiB bytes allocated for InMemoryFileIndex.refresh0
26/01/16 13:08:33 INFO SparkContext: Starting job: Spark Connect - session_id: "a9408e72-f784-4414-a94c-48a15c61a2a5"
user_context {
  user_id: "141038968383667"
  user_name: "c0711894@vale.co...
26/01/16 13:08:33 INFO DAGScheduler: Got job 6 (Spark Connect - session_id: "a9408e72-f784-4414-a94c-48a15c61a2a5"
user_context {
  user_id: "141038968383667"
  user_name: "c0711894@vale.co...) with 1 output partitions
26/01/16 13:08:33 INFO DAGScheduler: Final stage: ResultStage 6 (Spark Connect - session_id: "a9408e72-f784-4414-a94c-48a15c61a2a5"
user_context {
  user_id: "141038968383667"
  user_name: "c0711894@vale.co...)
26/01/16 13:08:33 INFO DAGScheduler: Parents of final stage: List()
26/01/16 13:08:33 INFO DAGScheduler: Missing parents: List()
26/01/16 13:08:33 INFO DAGScheduler: Submitting ResultStage 6 (MapPartitionsRDD[13] at Spark Connect - session_id: "a9408e72-f784-4414-a94c-48a15c61a2a5"
user_context {
  user_id: "141038968383667"
  user_name: "c0711894@vale.co...), which has no missing parents
26/01/16 13:08:33 INFO DAGScheduler: Submitting 1 missing tasks from ResultStage 6 (MapPartitionsRDD[13] at Spark Connect - session_id: "a9408e72-f784-4414-a94c-48a15c61a2a5"
user_context {
  user_id: "141038968383667"
  user_name: "c0711894@vale.co...) (first 15 tasks are for partitions Vector(0))
26/01/16 13:08:33 INFO TaskSchedulerImpl: Adding task set 6.0 with 1 tasks resource profile 0
26/01/16 13:08:33 INFO TaskSetManager: TaskSet 6.0 using PreferredLocationsV1
26/01/16 13:08:33 INFO FairSchedulableBuilder: Added task set TaskSet_6.0 tasks to pool 1768568637510
26/01/16 13:08:33 INFO TaskSetManager: Starting task 0.0 in stage 6.0 (TID 6) (10.139.64.10,executor 0, partition 0, PROCESS_LOCAL, 
26/01/16 13:08:33 INFO MemoryStore: Block broadcast_7 stored as values in memory (estimated size 128.6 KiB, free 3.3 GiB)
26/01/16 13:08:33 INFO MemoryStore: Block broadcast_7_piece0 stored as bytes in memory (estimated size 52.7 KiB, free 3.3 GiB)
26/01/16 13:08:33 INFO SparkContext: Created broadcast 7 from broadcast at TaskSetManager.scala:848
26/01/16 13:08:33 INFO TaskSetManager: Finished task 0.0 in stage 6.0 (TID 6) in 80 ms on 10.139.64.10 (executor 0) (1/1)
26/01/16 13:08:33 INFO TaskSchedulerImpl: Removed TaskSet 6.0 whose tasks have all completed, from pool 1768568637510
26/01/16 13:08:33 INFO DAGScheduler: ResultStage 6 (Spark Connect - session_id: "a9408e72-f784-4414-a94c-48a15c61a2a5"
user_context {
  user_id: "141038968383667"
  user_name: "c0711894@vale.co...) finished in 88 ms
26/01/16 13:08:33 INFO DAGScheduler: Job 6 is finished. Cancelling potential speculative or zombie tasks for this job
26/01/16 13:08:33 INFO TaskSchedulerImpl: Canceling stage 6
26/01/16 13:08:33 INFO TaskSchedulerImpl: Killing all running tasks in stage 6: Stage finished
26/01/16 13:08:33 INFO DAGScheduler: Job 6 finished: Spark Connect - session_id: "a9408e72-f784-4414-a94c-48a15c61a2a5"
user_context {
  user_id: "141038968383667"
  user_name: "c0711894@vale.co..., took 95.054337 ms
26/01/16 13:08:33 WARN DataSource: org.apache.spark.sql.sources.DataSourceRegister: com.google.cloud.spark.bigquery.BigQueryRelationProvider Unable to get public no-arg constructor
26/01/16 13:08:33 INFO DbfsReflectionUtilsImpl: Resolved DBFS path InputUri=/Workspace ResolvedPath=abfss://root@dbstoragekduswqmgjq5rc.dfs.core.windows.net/116288240407984/Workspace
26/01/16 13:08:33 WARN DriverActivityLogging$: No activity context found. Skip logging driver event.
26/01/16 13:08:33 WARN DriverActivityLogging$: No activity context found. Skip logging driver event.
26/01/16 13:08:33 WARN DriverActivityLogging$: No activity context found. Skip logging driver event.
26/01/16 13:08:33 INFO InMemoryFileIndex: Start listing leaf files and directories. Size of Paths: 1; threshold: 32
26/01/16 13:08:33 WARN DriverActivityLogging$: No activity context found. Skip logging driver event.
26/01/16 13:08:33 INFO InMemoryFileIndex: Start listing leaf files and directories. Size of Paths: 0; threshold: 32
26/01/16 13:08:33 INFO InMemoryFileIndex: It took 19 ms to list leaf files for 1 paths.
26/01/16 13:08:33 INFO InMemoryFileIndex: [ES-1349004] 960.6 KiB bytes allocated for InMemoryFileIndex.refresh0
26/01/16 13:08:33 INFO SparkContext: Starting job: Spark Connect - session_id: "a9408e72-f784-4414-a94c-48a15c61a2a5"
user_context {
  user_id: "141038968383667"
  user_name: "c0711894@vale.co...
26/01/16 13:08:33 INFO DAGScheduler: Got job 7 (Spark Connect - session_id: "a9408e72-f784-4414-a94c-48a15c61a2a5"
user_context {
  user_id: "141038968383667"
  user_name: "c0711894@vale.co...) with 1 output partitions
26/01/16 13:08:33 INFO DAGScheduler: Final stage: ResultStage 7 (Spark Connect - session_id: "a9408e72-f784-4414-a94c-48a15c61a2a5"
user_context {
  user_id: "141038968383667"
  user_name: "c0711894@vale.co...)
26/01/16 13:08:33 INFO DAGScheduler: Parents of final stage: List()
26/01/16 13:08:33 INFO DAGScheduler: Missing parents: List()
26/01/16 13:08:33 INFO DAGScheduler: Submitting ResultStage 7 (MapPartitionsRDD[15] at Spark Connect - session_id: "a9408e72-f784-4414-a94c-48a15c61a2a5"
user_context {
  user_id: "141038968383667"
  user_name: "c0711894@vale.co...), which has no missing parents
26/01/16 13:08:33 INFO DAGScheduler: Submitting 1 missing tasks from ResultStage 7 (MapPartitionsRDD[15] at Spark Connect - session_id: "a9408e72-f784-4414-a94c-48a15c61a2a5"
user_context {
  user_id: "141038968383667"
  user_name: "c0711894@vale.co...) (first 15 tasks are for partitions Vector(0))
26/01/16 13:08:33 INFO TaskSchedulerImpl: Adding task set 7.0 with 1 tasks resource profile 0
26/01/16 13:08:33 INFO TaskSetManager: TaskSet 7.0 using PreferredLocationsV1
26/01/16 13:08:33 INFO FairSchedulableBuilder: Added task set TaskSet_7.0 tasks to pool 1768568637510
26/01/16 13:08:33 INFO TaskSetManager: Starting task 0.0 in stage 7.0 (TID 7) (10.139.64.10,executor 0, partition 0, PROCESS_LOCAL, 
26/01/16 13:08:33 INFO MemoryStore: Block broadcast_8 stored as values in memory (estimated size 128.6 KiB, free 3.3 GiB)
26/01/16 13:08:33 INFO MemoryStore: Block broadcast_8_piece0 stored as bytes in memory (estimated size 52.7 KiB, free 3.3 GiB)
26/01/16 13:08:33 INFO SparkContext: Created broadcast 8 from broadcast at TaskSetManager.scala:848
26/01/16 13:08:33 INFO TaskSetManager: Finished task 0.0 in stage 7.0 (TID 7) in 88 ms on 10.139.64.10 (executor 0) (1/1)
26/01/16 13:08:33 INFO TaskSchedulerImpl: Removed TaskSet 7.0 whose tasks have all completed, from pool 1768568637510
26/01/16 13:08:33 INFO DAGScheduler: ResultStage 7 (Spark Connect - session_id: "a9408e72-f784-4414-a94c-48a15c61a2a5"
user_context {
  user_id: "141038968383667"
  user_name: "c0711894@vale.co...) finished in 105 ms
26/01/16 13:08:33 INFO DAGScheduler: Job 7 is finished. Cancelling potential speculative or zombie tasks for this job
26/01/16 13:08:33 INFO TaskSchedulerImpl: Canceling stage 7
26/01/16 13:08:33 INFO TaskSchedulerImpl: Killing all running tasks in stage 7: Stage finished
26/01/16 13:08:33 INFO DAGScheduler: Job 7 finished: Spark Connect - session_id: "a9408e72-f784-4414-a94c-48a15c61a2a5"
user_context {
  user_id: "141038968383667"
  user_name: "c0711894@vale.co..., took 113.515045 ms
26/01/16 13:08:33 WARN DataSource: org.apache.spark.sql.sources.DataSourceRegister: com.google.cloud.spark.bigquery.BigQueryRelationProvider Unable to get public no-arg constructor
26/01/16 13:08:33 INFO DbfsReflectionUtilsImpl: Resolved DBFS path InputUri=/Workspace ResolvedPath=abfss://root@dbstoragekduswqmgjq5rc.dfs.core.windows.net/116288240407984/Workspace
26/01/16 13:08:33 WARN DriverActivityLogging$: No activity context found. Skip logging driver event.
26/01/16 13:08:33 WARN DriverActivityLogging$: No activity context found. Skip logging driver event.
26/01/16 13:08:34 WARN DriverActivityLogging$: No activity context found. Skip logging driver event.
26/01/16 13:08:34 WARN DriverActivityLogging$: No activity context found. Skip logging driver event.
26/01/16 13:08:34 WARN DriverActivityLogging$: No activity context found. Skip logging driver event.
26/01/16 13:08:34 INFO InMemoryFileIndex: Start listing leaf files and directories. Size of Paths: 1; threshold: 32
26/01/16 13:08:34 WARN DriverActivityLogging$: No activity context found. Skip logging driver event.
26/01/16 13:08:34 INFO InMemoryFileIndex: Start listing leaf files and directories. Size of Paths: 0; threshold: 32
26/01/16 13:08:34 INFO InMemoryFileIndex: It took 19 ms to list leaf files for 1 paths.
26/01/16 13:08:34 INFO InMemoryFileIndex: [ES-1349004] 956.3 KiB bytes allocated for InMemoryFileIndex.refresh0
26/01/16 13:08:34 INFO SparkContext: Starting job: Spark Connect - session_id: "a9408e72-f784-4414-a94c-48a15c61a2a5"
user_context {
  user_id: "141038968383667"
  user_name: "c0711894@vale.co...
26/01/16 13:08:34 INFO DAGScheduler: Got job 8 (Spark Connect - session_id: "a9408e72-f784-4414-a94c-48a15c61a2a5"
user_context {
  user_id: "141038968383667"
  user_name: "c0711894@vale.co...) with 1 output partitions
26/01/16 13:08:34 INFO DAGScheduler: Final stage: ResultStage 8 (Spark Connect - session_id: "a9408e72-f784-4414-a94c-48a15c61a2a5"
user_context {
  user_id: "141038968383667"
  user_name: "c0711894@vale.co...)
26/01/16 13:08:34 INFO DAGScheduler: Parents of final stage: List()
26/01/16 13:08:34 INFO DAGScheduler: Missing parents: List()
26/01/16 13:08:34 INFO DAGScheduler: Submitting ResultStage 8 (MapPartitionsRDD[17] at Spark Connect - session_id: "a9408e72-f784-4414-a94c-48a15c61a2a5"
user_context {
  user_id: "141038968383667"
  user_name: "c0711894@vale.co...), which has no missing parents
26/01/16 13:08:34 INFO DAGScheduler: Submitting 1 missing tasks from ResultStage 8 (MapPartitionsRDD[17] at Spark Connect - session_id: "a9408e72-f784-4414-a94c-48a15c61a2a5"
user_context {
  user_id: "141038968383667"
  user_name: "c0711894@vale.co...) (first 15 tasks are for partitions Vector(0))
26/01/16 13:08:34 INFO TaskSchedulerImpl: Adding task set 8.0 with 1 tasks resource profile 0
26/01/16 13:08:34 INFO TaskSetManager: TaskSet 8.0 using PreferredLocationsV1
26/01/16 13:08:34 INFO FairSchedulableBuilder: Added task set TaskSet_8.0 tasks to pool 1768568637510
26/01/16 13:08:34 INFO TaskSetManager: Starting task 0.0 in stage 8.0 (TID 8) (10.139.64.10,executor 0, partition 0, PROCESS_LOCAL, 
26/01/16 13:08:34 INFO MemoryStore: Block broadcast_9 stored as values in memory (estimated size 128.6 KiB, free 3.3 GiB)
26/01/16 13:08:34 INFO MemoryStore: Block broadcast_9_piece0 stored as bytes in memory (estimated size 52.7 KiB, free 3.3 GiB)
26/01/16 13:08:34 INFO SparkContext: Created broadcast 9 from broadcast at TaskSetManager.scala:848
26/01/16 13:08:34 INFO TaskSetManager: Finished task 0.0 in stage 8.0 (TID 8) in 69 ms on 10.139.64.10 (executor 0) (1/1)
26/01/16 13:08:34 INFO TaskSchedulerImpl: Removed TaskSet 8.0 whose tasks have all completed, from pool 1768568637510
26/01/16 13:08:34 INFO DAGScheduler: ResultStage 8 (Spark Connect - session_id: "a9408e72-f784-4414-a94c-48a15c61a2a5"
user_context {
  user_id: "141038968383667"
  user_name: "c0711894@vale.co...) finished in 77 ms
26/01/16 13:08:34 INFO DAGScheduler: Job 8 is finished. Cancelling potential speculative or zombie tasks for this job
26/01/16 13:08:34 INFO TaskSchedulerImpl: Canceling stage 8
26/01/16 13:08:34 INFO TaskSchedulerImpl: Killing all running tasks in stage 8: Stage finished
26/01/16 13:08:34 INFO DAGScheduler: Job 8 finished: Spark Connect - session_id: "a9408e72-f784-4414-a94c-48a15c61a2a5"
user_context {
  user_id: "141038968383667"
  user_name: "c0711894@vale.co..., took 89.189435 ms
26/01/16 13:08:34 WARN DataSource: org.apache.spark.sql.sources.DataSourceRegister: com.google.cloud.spark.bigquery.BigQueryRelationProvider Unable to get public no-arg constructor
26/01/16 13:08:34 INFO DbfsReflectionUtilsImpl: Resolved DBFS path InputUri=/Workspace ResolvedPath=abfss://root@dbstoragekduswqmgjq5rc.dfs.core.windows.net/116288240407984/Workspace
26/01/16 13:08:34 WARN DriverActivityLogging$: No activity context found. Skip logging driver event.
26/01/16 13:08:34 WARN DriverActivityLogging$: No activity context found. Skip logging driver event.
26/01/16 13:08:34 WARN DriverActivityLogging$: No activity context found. Skip logging driver event.
26/01/16 13:08:34 INFO InMemoryFileIndex: Start listing leaf files and directories. Size of Paths: 1; threshold: 32
26/01/16 13:08:34 WARN DriverActivityLogging$: No activity context found. Skip logging driver event.
26/01/16 13:08:34 INFO InMemoryFileIndex: Start listing leaf files and directories. Size of Paths: 0; threshold: 32
26/01/16 13:08:34 INFO InMemoryFileIndex: It took 20 ms to list leaf files for 1 paths.
26/01/16 13:08:34 INFO InMemoryFileIndex: [ES-1349004] 956.3 KiB bytes allocated for InMemoryFileIndex.refresh0
26/01/16 13:08:34 INFO SparkContext: Starting job: Spark Connect - session_id: "a9408e72-f784-4414-a94c-48a15c61a2a5"
user_context {
  user_id: "141038968383667"
  user_name: "c0711894@vale.co...
26/01/16 13:08:34 INFO DAGScheduler: Got job 9 (Spark Connect - session_id: "a9408e72-f784-4414-a94c-48a15c61a2a5"
user_context {
  user_id: "141038968383667"
  user_name: "c0711894@vale.co...) with 1 output partitions
26/01/16 13:08:34 INFO DAGScheduler: Final stage: ResultStage 9 (Spark Connect - session_id: "a9408e72-f784-4414-a94c-48a15c61a2a5"
user_context {
  user_id: "141038968383667"
  user_name: "c0711894@vale.co...)
26/01/16 13:08:34 INFO DAGScheduler: Parents of final stage: List()
26/01/16 13:08:34 INFO DAGScheduler: Missing parents: List()
26/01/16 13:08:34 INFO DAGScheduler: Submitting ResultStage 9 (MapPartitionsRDD[19] at Spark Connect - session_id: "a9408e72-f784-4414-a94c-48a15c61a2a5"
user_context {
  user_id: "141038968383667"
  user_name: "c0711894@vale.co...), which has no missing parents
26/01/16 13:08:34 INFO DAGScheduler: Submitting 1 missing tasks from ResultStage 9 (MapPartitionsRDD[19] at Spark Connect - session_id: "a9408e72-f784-4414-a94c-48a15c61a2a5"
user_context {
  user_id: "141038968383667"
  user_name: "c0711894@vale.co...) (first 15 tasks are for partitions Vector(0))
26/01/16 13:08:34 INFO TaskSchedulerImpl: Adding task set 9.0 with 1 tasks resource profile 0
26/01/16 13:08:34 INFO TaskSetManager: TaskSet 9.0 using PreferredLocationsV1
26/01/16 13:08:34 INFO FairSchedulableBuilder: Added task set TaskSet_9.0 tasks to pool 1768568637510
26/01/16 13:08:34 INFO TaskSetManager: Starting task 0.0 in stage 9.0 (TID 9) (10.139.64.10,executor 0, partition 0, PROCESS_LOCAL, 
26/01/16 13:08:34 INFO MemoryStore: Block broadcast_10 stored as values in memory (estimated size 128.6 KiB, free 3.3 GiB)
26/01/16 13:08:34 INFO MemoryStore: Block broadcast_10_piece0 stored as bytes in memory (estimated size 52.7 KiB, free 3.3 GiB)
26/01/16 13:08:34 INFO SparkContext: Created broadcast 10 from broadcast at TaskSetManager.scala:848
26/01/16 13:08:34 INFO TaskSetManager: Finished task 0.0 in stage 9.0 (TID 9) in 63 ms on 10.139.64.10 (executor 0) (1/1)
26/01/16 13:08:34 INFO TaskSchedulerImpl: Removed TaskSet 9.0 whose tasks have all completed, from pool 1768568637510
26/01/16 13:08:34 INFO DAGScheduler: ResultStage 9 (Spark Connect - session_id: "a9408e72-f784-4414-a94c-48a15c61a2a5"
user_context {
  user_id: "141038968383667"
  user_name: "c0711894@vale.co...) finished in 73 ms
26/01/16 13:08:34 WARN AppStatusListener: AppStatusListener.getTaskMetricsSubset() took 6 ms
26/01/16 13:08:34 INFO DAGScheduler: Job 9 is finished. Cancelling potential speculative or zombie tasks for this job
26/01/16 13:08:34 INFO TaskSchedulerImpl: Canceling stage 9
26/01/16 13:08:34 INFO TaskSchedulerImpl: Killing all running tasks in stage 9: Stage finished
26/01/16 13:08:34 INFO DAGScheduler: Job 9 finished: Spark Connect - session_id: "a9408e72-f784-4414-a94c-48a15c61a2a5"
user_context {
  user_id: "141038968383667"
  user_name: "c0711894@vale.co..., took 90.261735 ms
26/01/16 13:08:34 WARN DataSource: org.apache.spark.sql.sources.DataSourceRegister: com.google.cloud.spark.bigquery.BigQueryRelationProvider Unable to get public no-arg constructor
26/01/16 13:08:34 INFO DbfsReflectionUtilsImpl: Resolved DBFS path InputUri=/Workspace ResolvedPath=abfss://root@dbstoragekduswqmgjq5rc.dfs.core.windows.net/116288240407984/Workspace
26/01/16 13:08:34 WARN DriverActivityLogging$: No activity context found. Skip logging driver event.
26/01/16 13:08:34 WARN DriverActivityLogging$: No activity context found. Skip logging driver event.
26/01/16 13:08:34 WARN DriverActivityLogging$: No activity context found. Skip logging driver event.
26/01/16 13:08:34 WARN DriverActivityLogging$: No activity context found. Skip logging driver event.
26/01/16 13:08:34 WARN DriverActivityLogging$: No activity context found. Skip logging driver event.
26/01/16 13:08:34 INFO InMemoryFileIndex: Start listing leaf files and directories. Size of Paths: 1; threshold: 32
26/01/16 13:08:34 WARN DriverActivityLogging$: No activity context found. Skip logging driver event.
26/01/16 13:08:34 INFO InMemoryFileIndex: Start listing leaf files and directories. Size of Paths: 0; threshold: 32
26/01/16 13:08:34 INFO InMemoryFileIndex: It took 19 ms to list leaf files for 1 paths.
26/01/16 13:08:34 INFO InMemoryFileIndex: [ES-1349004] 954.1 KiB bytes allocated for InMemoryFileIndex.refresh0
26/01/16 13:08:34 INFO SparkContext: Starting job: Spark Connect - session_id: "a9408e72-f784-4414-a94c-48a15c61a2a5"
user_context {
  user_id: "141038968383667"
  user_name: "c0711894@vale.co...
26/01/16 13:08:34 INFO DAGScheduler: Got job 10 (Spark Connect - session_id: "a9408e72-f784-4414-a94c-48a15c61a2a5"
user_context {
  user_id: "141038968383667"
  user_name: "c0711894@vale.co...) with 1 output partitions
26/01/16 13:08:34 INFO DAGScheduler: Final stage: ResultStage 10 (Spark Connect - session_id: "a9408e72-f784-4414-a94c-48a15c61a2a5"
user_context {
  user_id: "141038968383667"
  user_name: "c0711894@vale.co...)
26/01/16 13:08:34 INFO DAGScheduler: Parents of final stage: List()
26/01/16 13:08:34 INFO DAGScheduler: Missing parents: List()
26/01/16 13:08:34 INFO DAGScheduler: Submitting ResultStage 10 (MapPartitionsRDD[21] at Spark Connect - session_id: "a9408e72-f784-4414-a94c-48a15c61a2a5"
user_context {
  user_id: "141038968383667"
  user_name: "c0711894@vale.co...), which has no missing parents
26/01/16 13:08:34 INFO DAGScheduler: Submitting 1 missing tasks from ResultStage 10 (MapPartitionsRDD[21] at Spark Connect - session_id: "a9408e72-f784-4414-a94c-48a15c61a2a5"
user_context {
  user_id: "141038968383667"
  user_name: "c0711894@vale.co...) (first 15 tasks are for partitions Vector(0))
26/01/16 13:08:34 INFO TaskSchedulerImpl: Adding task set 10.0 with 1 tasks resource profile 0
26/01/16 13:08:34 INFO TaskSetManager: TaskSet 10.0 using PreferredLocationsV1
26/01/16 13:08:34 INFO FairSchedulableBuilder: Added task set TaskSet_10.0 tasks to pool 1768568637510
26/01/16 13:08:34 INFO TaskSetManager: Starting task 0.0 in stage 10.0 (TID 10) (10.139.64.10,executor 0, partition 0, PROCESS_LOCAL, 
26/01/16 13:08:34 INFO MemoryStore: Block broadcast_11 stored as values in memory (estimated size 128.6 KiB, free 3.3 GiB)
26/01/16 13:08:34 INFO MemoryStore: Block broadcast_11_piece0 stored as bytes in memory (estimated size 52.7 KiB, free 3.3 GiB)
26/01/16 13:08:34 INFO SparkContext: Created broadcast 11 from broadcast at TaskSetManager.scala:848
26/01/16 13:08:34 INFO TaskSetManager: Finished task 0.0 in stage 10.0 (TID 10) in 63 ms on 10.139.64.10 (executor 0) (1/1)
26/01/16 13:08:34 INFO TaskSchedulerImpl: Removed TaskSet 10.0 whose tasks have all completed, from pool 1768568637510
26/01/16 13:08:34 INFO DAGScheduler: ResultStage 10 (Spark Connect - session_id: "a9408e72-f784-4414-a94c-48a15c61a2a5"
user_context {
  user_id: "141038968383667"
  user_name: "c0711894@vale.co...) finished in 72 ms
26/01/16 13:08:34 INFO DAGScheduler: Job 10 is finished. Cancelling potential speculative or zombie tasks for this job
26/01/16 13:08:34 INFO TaskSchedulerImpl: Canceling stage 10
26/01/16 13:08:34 INFO TaskSchedulerImpl: Killing all running tasks in stage 10: Stage finished
26/01/16 13:08:34 INFO DAGScheduler: Job 10 finished: Spark Connect - session_id: "a9408e72-f784-4414-a94c-48a15c61a2a5"
user_context {
  user_id: "141038968383667"
  user_name: "c0711894@vale.co..., took 84.469933 ms
26/01/16 13:08:34 WARN DataSource: org.apache.spark.sql.sources.DataSourceRegister: com.google.cloud.spark.bigquery.BigQueryRelationProvider Unable to get public no-arg constructor
26/01/16 13:08:34 INFO DbfsReflectionUtilsImpl: Resolved DBFS path InputUri=/Workspace ResolvedPath=abfss://root@dbstoragekduswqmgjq5rc.dfs.core.windows.net/116288240407984/Workspace
26/01/16 13:08:34 WARN DriverActivityLogging$: No activity context found. Skip logging driver event.
26/01/16 13:08:34 WARN DriverActivityLogging$: No activity context found. Skip logging driver event.
26/01/16 13:08:34 WARN DriverActivityLogging$: No activity context found. Skip logging driver event.
26/01/16 13:08:34 WARN DriverActivityLogging$: No activity context found. Skip logging driver event.
26/01/16 13:08:34 WARN DriverActivityLogging$: No activity context found. Skip logging driver event.
26/01/16 13:08:34 INFO InMemoryFileIndex: Start listing leaf files and directories. Size of Paths: 1; threshold: 32
26/01/16 13:08:34 WARN DriverActivityLogging$: No activity context found. Skip logging driver event.
26/01/16 13:08:34 INFO InMemoryFileIndex: Start listing leaf files and directories. Size of Paths: 0; threshold: 32
26/01/16 13:08:34 INFO InMemoryFileIndex: It took 21 ms to list leaf files for 1 paths.
26/01/16 13:08:34 INFO InMemoryFileIndex: [ES-1349004] 954.4 KiB bytes allocated for InMemoryFileIndex.refresh0
26/01/16 13:08:34 INFO SparkContext: Starting job: Spark Connect - session_id: "a9408e72-f784-4414-a94c-48a15c61a2a5"
user_context {
  user_id: "141038968383667"
  user_name: "c0711894@vale.co...
26/01/16 13:08:34 INFO DAGScheduler: Got job 11 (Spark Connect - session_id: "a9408e72-f784-4414-a94c-48a15c61a2a5"
user_context {
  user_id: "141038968383667"
  user_name: "c0711894@vale.co...) with 1 output partitions
26/01/16 13:08:34 INFO DAGScheduler: Final stage: ResultStage 11 (Spark Connect - session_id: "a9408e72-f784-4414-a94c-48a15c61a2a5"
user_context {
  user_id: "141038968383667"
  user_name: "c0711894@vale.co...)
26/01/16 13:08:34 INFO DAGScheduler: Parents of final stage: List()
26/01/16 13:08:34 INFO DAGScheduler: Missing parents: List()
26/01/16 13:08:34 INFO DAGScheduler: Submitting ResultStage 11 (MapPartitionsRDD[23] at Spark Connect - session_id: "a9408e72-f784-4414-a94c-48a15c61a2a5"
user_context {
  user_id: "141038968383667"
  user_name: "c0711894@vale.co...), which has no missing parents
26/01/16 13:08:34 INFO DAGScheduler: Submitting 1 missing tasks from ResultStage 11 (MapPartitionsRDD[23] at Spark Connect - session_id: "a9408e72-f784-4414-a94c-48a15c61a2a5"
user_context {
  user_id: "141038968383667"
  user_name: "c0711894@vale.co...) (first 15 tasks are for partitions Vector(0))
26/01/16 13:08:34 INFO TaskSchedulerImpl: Adding task set 11.0 with 1 tasks resource profile 0
26/01/16 13:08:34 INFO TaskSetManager: TaskSet 11.0 using PreferredLocationsV1
26/01/16 13:08:34 INFO FairSchedulableBuilder: Added task set TaskSet_11.0 tasks to pool 1768568637510
26/01/16 13:08:34 INFO TaskSetManager: Starting task 0.0 in stage 11.0 (TID 11) (10.139.64.10,executor 0, partition 0, PROCESS_LOCAL, 
26/01/16 13:08:34 INFO MemoryStore: Block broadcast_12 stored as values in memory (estimated size 128.6 KiB, free 3.3 GiB)
26/01/16 13:08:34 INFO MemoryStore: Block broadcast_12_piece0 stored as bytes in memory (estimated size 52.7 KiB, free 3.3 GiB)
26/01/16 13:08:34 INFO SparkContext: Created broadcast 12 from broadcast at TaskSetManager.scala:848
26/01/16 13:08:34 INFO TaskSetManager: Finished task 0.0 in stage 11.0 (TID 11) in 62 ms on 10.139.64.10 (executor 0) (1/1)
26/01/16 13:08:34 INFO TaskSchedulerImpl: Removed TaskSet 11.0 whose tasks have all completed, from pool 1768568637510
26/01/16 13:08:34 INFO DAGScheduler: ResultStage 11 (Spark Connect - session_id: "a9408e72-f784-4414-a94c-48a15c61a2a5"
user_context {
  user_id: "141038968383667"
  user_name: "c0711894@vale.co...) finished in 73 ms
26/01/16 13:08:34 INFO DAGScheduler: Job 11 is finished. Cancelling potential speculative or zombie tasks for this job
26/01/16 13:08:34 INFO TaskSchedulerImpl: Canceling stage 11
26/01/16 13:08:34 INFO TaskSchedulerImpl: Killing all running tasks in stage 11: Stage finished
26/01/16 13:08:34 INFO DAGScheduler: Job 11 finished: Spark Connect - session_id: "a9408e72-f784-4414-a94c-48a15c61a2a5"
user_context {
  user_id: "141038968383667"
  user_name: "c0711894@vale.co..., took 89.066435 ms
26/01/16 13:08:34 WARN DataSource: org.apache.spark.sql.sources.DataSourceRegister: com.google.cloud.spark.bigquery.BigQueryRelationProvider Unable to get public no-arg constructor
26/01/16 13:08:34 INFO DbfsReflectionUtilsImpl: Resolved DBFS path InputUri=/Workspace ResolvedPath=abfss://root@dbstoragekduswqmgjq5rc.dfs.core.windows.net/116288240407984/Workspace
26/01/16 13:08:34 WARN DriverActivityLogging$: No activity context found. Skip logging driver event.
26/01/16 13:08:34 WARN DriverActivityLogging$: No activity context found. Skip logging driver event.
26/01/16 13:08:34 WARN DriverActivityLogging$: No activity context found. Skip logging driver event.
26/01/16 13:08:34 WARN DriverActivityLogging$: No activity context found. Skip logging driver event.
26/01/16 13:08:34 WARN DriverActivityLogging$: No activity context found. Skip logging driver event.
26/01/16 13:08:34 INFO InMemoryFileIndex: Start listing leaf files and directories. Size of Paths: 1; threshold: 32
26/01/16 13:08:34 WARN DriverActivityLogging$: No activity context found. Skip logging driver event.
26/01/16 13:08:34 INFO InMemoryFileIndex: Start listing leaf files and directories. Size of Paths: 0; threshold: 32
26/01/16 13:08:34 INFO InMemoryFileIndex: It took 40 ms to list leaf files for 1 paths.
26/01/16 13:08:34 INFO InMemoryFileIndex: [ES-1349004] 985.7 KiB bytes allocated for InMemoryFileIndex.refresh0
26/01/16 13:08:34 INFO SparkContext: Starting job: Spark Connect - session_id: "a9408e72-f784-4414-a94c-48a15c61a2a5"
user_context {
  user_id: "141038968383667"
  user_name: "c0711894@vale.co...
26/01/16 13:08:34 INFO DAGScheduler: Got job 12 (Spark Connect - session_id: "a9408e72-f784-4414-a94c-48a15c61a2a5"
user_context {
  user_id: "141038968383667"
  user_name: "c0711894@vale.co...) with 1 output partitions
26/01/16 13:08:34 INFO DAGScheduler: Final stage: ResultStage 12 (Spark Connect - session_id: "a9408e72-f784-4414-a94c-48a15c61a2a5"
user_context {
  user_id: "141038968383667"
  user_name: "c0711894@vale.co...)
26/01/16 13:08:34 INFO DAGScheduler: Parents of final stage: List()
26/01/16 13:08:34 INFO DAGScheduler: Missing parents: List()
26/01/16 13:08:34 INFO DAGScheduler: Submitting ResultStage 12 (MapPartitionsRDD[25] at Spark Connect - session_id: "a9408e72-f784-4414-a94c-48a15c61a2a5"
user_context {
  user_id: "141038968383667"
  user_name: "c0711894@vale.co...), which has no missing parents
26/01/16 13:08:34 INFO DAGScheduler: Submitting 1 missing tasks from ResultStage 12 (MapPartitionsRDD[25] at Spark Connect - session_id: "a9408e72-f784-4414-a94c-48a15c61a2a5"
user_context {
  user_id: "141038968383667"
  user_name: "c0711894@vale.co...) (first 15 tasks are for partitions Vector(0))
26/01/16 13:08:34 INFO TaskSchedulerImpl: Adding task set 12.0 with 1 tasks resource profile 0
26/01/16 13:08:34 INFO TaskSetManager: TaskSet 12.0 using PreferredLocationsV1
26/01/16 13:08:34 INFO FairSchedulableBuilder: Added task set TaskSet_12.0 tasks to pool 1768568637510
26/01/16 13:08:34 INFO TaskSetManager: Starting task 0.0 in stage 12.0 (TID 12) (10.139.64.10,executor 0, partition 0, PROCESS_LOCAL, 
26/01/16 13:08:35 INFO MemoryStore: Block broadcast_13 stored as values in memory (estimated size 128.6 KiB, free 3.3 GiB)
26/01/16 13:08:35 INFO MemoryStore: Block broadcast_13_piece0 stored as bytes in memory (estimated size 52.7 KiB, free 3.3 GiB)
26/01/16 13:08:35 INFO SparkContext: Created broadcast 13 from broadcast at TaskSetManager.scala:848
26/01/16 13:08:35 INFO TaskSetManager: Finished task 0.0 in stage 12.0 (TID 12) in 62 ms on 10.139.64.10 (executor 0) (1/1)
26/01/16 13:08:35 INFO TaskSchedulerImpl: Removed TaskSet 12.0 whose tasks have all completed, from pool 1768568637510
26/01/16 13:08:35 INFO DAGScheduler: ResultStage 12 (Spark Connect - session_id: "a9408e72-f784-4414-a94c-48a15c61a2a5"
user_context {
  user_id: "141038968383667"
  user_name: "c0711894@vale.co...) finished in 72 ms
26/01/16 13:08:35 INFO DAGScheduler: Job 12 is finished. Cancelling potential speculative or zombie tasks for this job
26/01/16 13:08:35 INFO TaskSchedulerImpl: Canceling stage 12
26/01/16 13:08:35 INFO TaskSchedulerImpl: Killing all running tasks in stage 12: Stage finished
26/01/16 13:08:35 INFO DAGScheduler: Job 12 finished: Spark Connect - session_id: "a9408e72-f784-4414-a94c-48a15c61a2a5"
user_context {
  user_id: "141038968383667"
  user_name: "c0711894@vale.co..., took 78.655531 ms
26/01/16 13:08:35 INFO LogInterceptor: RPC spark.connect.SparkConnectService/ExecutePlan (1462442471) [ExecutePlanResponse]: sessionId: a9408e72-f784-4414-a94c-48a15c61a2a5, serverSideSessionId: 26b20359-cf6e-401c-83bf-84c101c974f2, operationId: 9a23c9e8-d7c3-4c5a-8196-65fa16d5924f, responseId: ed061e38-98f1-47e1-a901-037fcb315070
26/01/16 13:08:35 INFO LogInterceptor: RPC spark.connect.SparkConnectService/ExecutePlan (1462442471) [ExecutePlanResponse]: sessionId: a9408e72-f784-4414-a94c-48a15c61a2a5, serverSideSessionId: 26b20359-cf6e-401c-83bf-84c101c974f2, operationId: 9a23c9e8-d7c3-4c5a-8196-65fa16d5924f, responseId: 20d26097-4b55-492b-910e-9b7ca44f57b7
26/01/16 13:08:35 WARN DataSource: org.apache.spark.sql.sources.DataSourceRegister: com.google.cloud.spark.bigquery.BigQueryRelationProvider Unable to get public no-arg constructor
26/01/16 13:08:35 INFO DbfsReflectionUtilsImpl: Resolved DBFS path InputUri=/Workspace ResolvedPath=abfss://root@dbstoragekduswqmgjq5rc.dfs.core.windows.net/116288240407984/Workspace
26/01/16 13:08:35 WARN DriverActivityLogging$: No activity context found. Skip logging driver event.
26/01/16 13:08:35 WARN DriverActivityLogging$: No activity context found. Skip logging driver event.
26/01/16 13:08:35 WARN DriverActivityLogging$: No activity context found. Skip logging driver event.
26/01/16 13:08:35 WARN DriverActivityLogging$: No activity context found. Skip logging driver event.
26/01/16 13:08:35 WARN DriverActivityLogging$: No activity context found. Skip logging driver event.
26/01/16 13:08:35 INFO InMemoryFileIndex: Start listing leaf files and directories. Size of Paths: 1; threshold: 32
26/01/16 13:08:35 WARN DriverActivityLogging$: No activity context found. Skip logging driver event.
26/01/16 13:08:35 INFO InMemoryFileIndex: Start listing leaf files and directories. Size of Paths: 0; threshold: 32
26/01/16 13:08:35 INFO InMemoryFileIndex: It took 26 ms to list leaf files for 1 paths.
26/01/16 13:08:35 INFO InMemoryFileIndex: [ES-1349004] 954.1 KiB bytes allocated for InMemoryFileIndex.refresh0
26/01/16 13:08:35 INFO SparkContext: Starting job: Spark Connect - session_id: "a9408e72-f784-4414-a94c-48a15c61a2a5"
user_context {
  user_id: "141038968383667"
  user_name: "c0711894@vale.co...
26/01/16 13:08:35 INFO DAGScheduler: Got job 13 (Spark Connect - session_id: "a9408e72-f784-4414-a94c-48a15c61a2a5"
user_context {
  user_id: "141038968383667"
  user_name: "c0711894@vale.co...) with 1 output partitions
26/01/16 13:08:35 INFO DAGScheduler: Final stage: ResultStage 13 (Spark Connect - session_id: "a9408e72-f784-4414-a94c-48a15c61a2a5"
user_context {
  user_id: "141038968383667"
  user_name: "c0711894@vale.co...)
26/01/16 13:08:35 INFO DAGScheduler: Parents of final stage: List()
26/01/16 13:08:35 INFO DAGScheduler: Missing parents: List()
26/01/16 13:08:35 INFO DAGScheduler: Submitting ResultStage 13 (MapPartitionsRDD[27] at Spark Connect - session_id: "a9408e72-f784-4414-a94c-48a15c61a2a5"
user_context {
  user_id: "141038968383667"
  user_name: "c0711894@vale.co...), which has no missing parents
26/01/16 13:08:35 INFO DAGScheduler: Submitting 1 missing tasks from ResultStage 13 (MapPartitionsRDD[27] at Spark Connect - session_id: "a9408e72-f784-4414-a94c-48a15c61a2a5"
user_context {
  user_id: "141038968383667"
  user_name: "c0711894@vale.co...) (first 15 tasks are for partitions Vector(0))
26/01/16 13:08:35 INFO TaskSchedulerImpl: Adding task set 13.0 with 1 tasks resource profile 0
26/01/16 13:08:35 INFO TaskSetManager: TaskSet 13.0 using PreferredLocationsV1
26/01/16 13:08:35 INFO FairSchedulableBuilder: Added task set TaskSet_13.0 tasks to pool 1768568637510
26/01/16 13:08:35 INFO TaskSetManager: Starting task 0.0 in stage 13.0 (TID 13) (10.139.64.10,executor 0, partition 0, PROCESS_LOCAL, 
26/01/16 13:08:35 INFO MemoryStore: Block broadcast_14 stored as values in memory (estimated size 128.6 KiB, free 3.3 GiB)
26/01/16 13:08:35 INFO MemoryStore: Block broadcast_14_piece0 stored as bytes in memory (estimated size 52.7 KiB, free 3.3 GiB)
26/01/16 13:08:35 INFO SparkContext: Created broadcast 14 from broadcast at TaskSetManager.scala:848
26/01/16 13:08:35 INFO TaskSetManager: Finished task 0.0 in stage 13.0 (TID 13) in 61 ms on 10.139.64.10 (executor 0) (1/1)
26/01/16 13:08:35 INFO TaskSchedulerImpl: Removed TaskSet 13.0 whose tasks have all completed, from pool 1768568637510
26/01/16 13:08:35 INFO DAGScheduler: ResultStage 13 (Spark Connect - session_id: "a9408e72-f784-4414-a94c-48a15c61a2a5"
user_context {
  user_id: "141038968383667"
  user_name: "c0711894@vale.co...) finished in 67 ms
26/01/16 13:08:35 INFO DAGScheduler: Job 13 is finished. Cancelling potential speculative or zombie tasks for this job
26/01/16 13:08:35 INFO TaskSchedulerImpl: Canceling stage 13
26/01/16 13:08:35 INFO TaskSchedulerImpl: Killing all running tasks in stage 13: Stage finished
26/01/16 13:08:35 INFO DAGScheduler: Job 13 finished: Spark Connect - session_id: "a9408e72-f784-4414-a94c-48a15c61a2a5"
user_context {
  user_id: "141038968383667"
  user_name: "c0711894@vale.co..., took 73.595529 ms
26/01/16 13:08:35 WARN DataSource: org.apache.spark.sql.sources.DataSourceRegister: com.google.cloud.spark.bigquery.BigQueryRelationProvider Unable to get public no-arg constructor
26/01/16 13:08:35 INFO DbfsReflectionUtilsImpl: Resolved DBFS path InputUri=/Workspace ResolvedPath=abfss://root@dbstoragekduswqmgjq5rc.dfs.core.windows.net/116288240407984/Workspace
26/01/16 13:08:35 WARN DriverActivityLogging$: No activity context found. Skip logging driver event.
26/01/16 13:08:35 WARN DriverActivityLogging$: No activity context found. Skip logging driver event.
26/01/16 13:08:35 WARN DriverActivityLogging$: No activity context found. Skip logging driver event.
26/01/16 13:08:35 WARN DriverActivityLogging$: No activity context found. Skip logging driver event.
26/01/16 13:08:35 WARN DriverActivityLogging$: No activity context found. Skip logging driver event.
26/01/16 13:08:35 INFO InMemoryFileIndex: Start listing leaf files and directories. Size of Paths: 1; threshold: 32
26/01/16 13:08:35 WARN DriverActivityLogging$: No activity context found. Skip logging driver event.
26/01/16 13:08:35 INFO InMemoryFileIndex: Start listing leaf files and directories. Size of Paths: 0; threshold: 32
26/01/16 13:08:35 INFO InMemoryFileIndex: It took 26 ms to list leaf files for 1 paths.
26/01/16 13:08:35 INFO InMemoryFileIndex: [ES-1349004] 971.3 KiB bytes allocated for InMemoryFileIndex.refresh0
26/01/16 13:08:35 INFO SparkContext: Starting job: Spark Connect - session_id: "a9408e72-f784-4414-a94c-48a15c61a2a5"
user_context {
  user_id: "141038968383667"
  user_name: "c0711894@vale.co...
26/01/16 13:08:35 INFO DAGScheduler: Got job 14 (Spark Connect - session_id: "a9408e72-f784-4414-a94c-48a15c61a2a5"
user_context {
  user_id: "141038968383667"
  user_name: "c0711894@vale.co...) with 1 output partitions
26/01/16 13:08:35 INFO DAGScheduler: Final stage: ResultStage 14 (Spark Connect - session_id: "a9408e72-f784-4414-a94c-48a15c61a2a5"
user_context {
  user_id: "141038968383667"
  user_name: "c0711894@vale.co...)
26/01/16 13:08:35 INFO DAGScheduler: Parents of final stage: List()
26/01/16 13:08:35 INFO DAGScheduler: Missing parents: List()
26/01/16 13:08:35 INFO DAGScheduler: Submitting ResultStage 14 (MapPartitionsRDD[29] at Spark Connect - session_id: "a9408e72-f784-4414-a94c-48a15c61a2a5"
user_context {
  user_id: "141038968383667"
  user_name: "c0711894@vale.co...), which has no missing parents
26/01/16 13:08:35 INFO DAGScheduler: Submitting 1 missing tasks from ResultStage 14 (MapPartitionsRDD[29] at Spark Connect - session_id: "a9408e72-f784-4414-a94c-48a15c61a2a5"
user_context {
  user_id: "141038968383667"
  user_name: "c0711894@vale.co...) (first 15 tasks are for partitions Vector(0))
26/01/16 13:08:35 INFO TaskSchedulerImpl: Adding task set 14.0 with 1 tasks resource profile 0
26/01/16 13:08:35 INFO TaskSetManager: TaskSet 14.0 using PreferredLocationsV1
26/01/16 13:08:35 INFO FairSchedulableBuilder: Added task set TaskSet_14.0 tasks to pool 1768568637510
26/01/16 13:08:35 INFO TaskSetManager: Starting task 0.0 in stage 14.0 (TID 14) (10.139.64.10,executor 0, partition 0, PROCESS_LOCAL, 
26/01/16 13:08:35 INFO MemoryUsageTracker: GC notification:
 Name: PS Scavenge,
 Action: end of minor GC,
 Cause: Metadata GC Threshold
 StartTime: 277960
 Duration: 123
26/01/16 13:08:35 INFO MemoryUsageTracker: GC notification:
 Name: PS MarkSweep,
 Action: end of major GC,
 Cause: Metadata GC Threshold
 StartTime: 278083
 Duration: 407
26/01/16 13:08:35 INFO MemoryStore: Block broadcast_15 stored as values in memory (estimated size 128.6 KiB, free 3.3 GiB)
26/01/16 13:08:35 INFO MemoryStore: Block broadcast_15_piece0 stored as bytes in memory (estimated size 52.7 KiB, free 3.3 GiB)
26/01/16 13:08:36 INFO SparkContext: Created broadcast 15 from broadcast at TaskSetManager.scala:848
26/01/16 13:08:36 INFO TaskSetManager: Finished task 0.0 in stage 14.0 (TID 14) in 747 ms on 10.139.64.10 (executor 0) (1/1)
26/01/16 13:08:36 INFO TaskSchedulerImpl: Removed TaskSet 14.0 whose tasks have all completed, from pool 1768568637510
26/01/16 13:08:36 INFO DAGScheduler: ResultStage 14 (Spark Connect - session_id: "a9408e72-f784-4414-a94c-48a15c61a2a5"
user_context {
  user_id: "141038968383667"
  user_name: "c0711894@vale.co...) finished in 755 ms
26/01/16 13:08:36 INFO DAGScheduler: Job 14 is finished. Cancelling potential speculative or zombie tasks for this job
26/01/16 13:08:36 INFO TaskSchedulerImpl: Canceling stage 14
26/01/16 13:08:36 INFO TaskSchedulerImpl: Killing all running tasks in stage 14: Stage finished
26/01/16 13:08:36 INFO DAGScheduler: Job 14 finished: Spark Connect - session_id: "a9408e72-f784-4414-a94c-48a15c61a2a5"
user_context {
  user_id: "141038968383667"
  user_name: "c0711894@vale.co..., took 761.8135 ms
26/01/16 13:08:36 WARN DataSource: org.apache.spark.sql.sources.DataSourceRegister: com.google.cloud.spark.bigquery.BigQueryRelationProvider Unable to get public no-arg constructor
26/01/16 13:08:36 INFO DbfsReflectionUtilsImpl: Resolved DBFS path InputUri=/Workspace ResolvedPath=abfss://root@dbstoragekduswqmgjq5rc.dfs.core.windows.net/116288240407984/Workspace
26/01/16 13:08:36 WARN DriverActivityLogging$: No activity context found. Skip logging driver event.
26/01/16 13:08:36 WARN DriverActivityLogging$: No activity context found. Skip logging driver event.
26/01/16 13:08:36 WARN DriverActivityLogging$: No activity context found. Skip logging driver event.
26/01/16 13:08:36 WARN DriverActivityLogging$: No activity context found. Skip logging driver event.
26/01/16 13:08:36 WARN DriverActivityLogging$: No activity context found. Skip logging driver event.
26/01/16 13:08:36 INFO InMemoryFileIndex: Start listing leaf files and directories. Size of Paths: 1; threshold: 32
26/01/16 13:08:36 WARN DriverActivityLogging$: No activity context found. Skip logging driver event.
26/01/16 13:08:36 INFO InMemoryFileIndex: Start listing leaf files and directories. Size of Paths: 0; threshold: 32
26/01/16 13:08:36 INFO InMemoryFileIndex: It took 19 ms to list leaf files for 1 paths.
26/01/16 13:08:36 INFO InMemoryFileIndex: [ES-1349004] 952.8 KiB bytes allocated for InMemoryFileIndex.refresh0
26/01/16 13:08:36 INFO SparkContext: Starting job: Spark Connect - session_id: "a9408e72-f784-4414-a94c-48a15c61a2a5"
user_context {
  user_id: "141038968383667"
  user_name: "c0711894@vale.co...
26/01/16 13:08:36 INFO DAGScheduler: Got job 15 (Spark Connect - session_id: "a9408e72-f784-4414-a94c-48a15c61a2a5"
user_context {
  user_id: "141038968383667"
  user_name: "c0711894@vale.co...) with 1 output partitions
26/01/16 13:08:36 INFO DAGScheduler: Final stage: ResultStage 15 (Spark Connect - session_id: "a9408e72-f784-4414-a94c-48a15c61a2a5"
user_context {
  user_id: "141038968383667"
  user_name: "c0711894@vale.co...)
26/01/16 13:08:36 INFO DAGScheduler: Parents of final stage: List()
26/01/16 13:08:36 INFO DAGScheduler: Missing parents: List()
26/01/16 13:08:36 INFO DAGScheduler: Submitting ResultStage 15 (MapPartitionsRDD[31] at Spark Connect - session_id: "a9408e72-f784-4414-a94c-48a15c61a2a5"
user_context {
  user_id: "141038968383667"
  user_name: "c0711894@vale.co...), which has no missing parents
26/01/16 13:08:36 INFO DAGScheduler: Submitting 1 missing tasks from ResultStage 15 (MapPartitionsRDD[31] at Spark Connect - session_id: "a9408e72-f784-4414-a94c-48a15c61a2a5"
user_context {
  user_id: "141038968383667"
  user_name: "c0711894@vale.co...) (first 15 tasks are for partitions Vector(0))
26/01/16 13:08:36 INFO TaskSchedulerImpl: Adding task set 15.0 with 1 tasks resource profile 0
26/01/16 13:08:36 INFO TaskSetManager: TaskSet 15.0 using PreferredLocationsV1
26/01/16 13:08:36 INFO FairSchedulableBuilder: Added task set TaskSet_15.0 tasks to pool 1768568637510
26/01/16 13:08:36 INFO TaskSetManager: Starting task 0.0 in stage 15.0 (TID 15) (10.139.64.10,executor 0, partition 0, PROCESS_LOCAL, 
26/01/16 13:08:36 INFO MemoryStore: Block broadcast_16 stored as values in memory (estimated size 128.6 KiB, free 3.3 GiB)
26/01/16 13:08:36 INFO MemoryStore: Block broadcast_16_piece0 stored as bytes in memory (estimated size 52.7 KiB, free 3.3 GiB)
26/01/16 13:08:36 INFO SparkContext: Created broadcast 16 from broadcast at TaskSetManager.scala:848
26/01/16 13:08:36 INFO TaskSetManager: Finished task 0.0 in stage 15.0 (TID 15) in 80 ms on 10.139.64.10 (executor 0) (1/1)
26/01/16 13:08:36 INFO TaskSchedulerImpl: Removed TaskSet 15.0 whose tasks have all completed, from pool 1768568637510
26/01/16 13:08:36 INFO DAGScheduler: ResultStage 15 (Spark Connect - session_id: "a9408e72-f784-4414-a94c-48a15c61a2a5"
user_context {
  user_id: "141038968383667"
  user_name: "c0711894@vale.co...) finished in 90 ms
26/01/16 13:08:36 INFO DAGScheduler: Job 15 is finished. Cancelling potential speculative or zombie tasks for this job
26/01/16 13:08:36 INFO TaskSchedulerImpl: Canceling stage 15
26/01/16 13:08:36 INFO TaskSchedulerImpl: Killing all running tasks in stage 15: Stage finished
26/01/16 13:08:36 INFO DAGScheduler: Job 15 finished: Spark Connect - session_id: "a9408e72-f784-4414-a94c-48a15c61a2a5"
user_context {
  user_id: "141038968383667"
  user_name: "c0711894@vale.co..., took 100.68974 ms
26/01/16 13:08:36 WARN DataSource: org.apache.spark.sql.sources.DataSourceRegister: com.google.cloud.spark.bigquery.BigQueryRelationProvider Unable to get public no-arg constructor
26/01/16 13:08:36 INFO DbfsReflectionUtilsImpl: Resolved DBFS path InputUri=/Workspace ResolvedPath=abfss://root@dbstoragekduswqmgjq5rc.dfs.core.windows.net/116288240407984/Workspace
26/01/16 13:08:36 WARN DriverActivityLogging$: No activity context found. Skip logging driver event.
26/01/16 13:08:36 WARN DriverActivityLogging$: No activity context found. Skip logging driver event.
26/01/16 13:08:36 WARN DriverActivityLogging$: No activity context found. Skip logging driver event.
26/01/16 13:08:36 WARN DriverActivityLogging$: No activity context found. Skip logging driver event.
26/01/16 13:08:36 WARN DriverActivityLogging$: No activity context found. Skip logging driver event.
26/01/16 13:08:36 INFO InMemoryFileIndex: Start listing leaf files and directories. Size of Paths: 1; threshold: 32
26/01/16 13:08:36 WARN DriverActivityLogging$: No activity context found. Skip logging driver event.
26/01/16 13:08:36 INFO InMemoryFileIndex: Start listing leaf files and directories. Size of Paths: 0; threshold: 32
26/01/16 13:08:36 INFO InMemoryFileIndex: It took 20 ms to list leaf files for 1 paths.
26/01/16 13:08:36 INFO InMemoryFileIndex: [ES-1349004] 947.3 KiB bytes allocated for InMemoryFileIndex.refresh0
26/01/16 13:08:36 INFO SparkContext: Starting job: Spark Connect - session_id: "a9408e72-f784-4414-a94c-48a15c61a2a5"
user_context {
  user_id: "141038968383667"
  user_name: "c0711894@vale.co...
26/01/16 13:08:36 INFO DAGScheduler: Got job 16 (Spark Connect - session_id: "a9408e72-f784-4414-a94c-48a15c61a2a5"
user_context {
  user_id: "141038968383667"
  user_name: "c0711894@vale.co...) with 1 output partitions
26/01/16 13:08:36 INFO DAGScheduler: Final stage: ResultStage 16 (Spark Connect - session_id: "a9408e72-f784-4414-a94c-48a15c61a2a5"
user_context {
  user_id: "141038968383667"
  user_name: "c0711894@vale.co...)
26/01/16 13:08:36 INFO DAGScheduler: Parents of final stage: List()
26/01/16 13:08:36 INFO DAGScheduler: Missing parents: List()
26/01/16 13:08:36 INFO DAGScheduler: Submitting ResultStage 16 (MapPartitionsRDD[33] at Spark Connect - session_id: "a9408e72-f784-4414-a94c-48a15c61a2a5"
user_context {
  user_id: "141038968383667"
  user_name: "c0711894@vale.co...), which has no missing parents
26/01/16 13:08:36 INFO DAGScheduler: Submitting 1 missing tasks from ResultStage 16 (MapPartitionsRDD[33] at Spark Connect - session_id: "a9408e72-f784-4414-a94c-48a15c61a2a5"
user_context {
  user_id: "141038968383667"
  user_name: "c0711894@vale.co...) (first 15 tasks are for partitions Vector(0))
26/01/16 13:08:36 INFO TaskSchedulerImpl: Adding task set 16.0 with 1 tasks resource profile 0
26/01/16 13:08:36 INFO TaskSetManager: TaskSet 16.0 using PreferredLocationsV1
26/01/16 13:08:36 INFO FairSchedulableBuilder: Added task set TaskSet_16.0 tasks to pool 1768568637510
26/01/16 13:08:36 INFO TaskSetManager: Starting task 0.0 in stage 16.0 (TID 16) (10.139.64.10,executor 0, partition 0, PROCESS_LOCAL, 
26/01/16 13:08:36 INFO MemoryStore: Block broadcast_17 stored as values in memory (estimated size 128.6 KiB, free 3.3 GiB)
26/01/16 13:08:36 INFO MemoryStore: Block broadcast_17_piece0 stored as bytes in memory (estimated size 52.7 KiB, free 3.3 GiB)
26/01/16 13:08:36 INFO SparkContext: Created broadcast 17 from broadcast at TaskSetManager.scala:848
26/01/16 13:08:36 INFO TaskSetManager: Finished task 0.0 in stage 16.0 (TID 16) in 103 ms on 10.139.64.10 (executor 0) (1/1)
26/01/16 13:08:36 INFO TaskSchedulerImpl: Removed TaskSet 16.0 whose tasks have all completed, from pool 1768568637510
26/01/16 13:08:36 INFO DAGScheduler: ResultStage 16 (Spark Connect - session_id: "a9408e72-f784-4414-a94c-48a15c61a2a5"
user_context {
  user_id: "141038968383667"
  user_name: "c0711894@vale.co...) finished in 110 ms
26/01/16 13:08:36 INFO DAGScheduler: Job 16 is finished. Cancelling potential speculative or zombie tasks for this job
26/01/16 13:08:36 INFO TaskSchedulerImpl: Canceling stage 16
26/01/16 13:08:36 INFO TaskSchedulerImpl: Killing all running tasks in stage 16: Stage finished
26/01/16 13:08:36 INFO DAGScheduler: Job 16 finished: Spark Connect - session_id: "a9408e72-f784-4414-a94c-48a15c61a2a5"
user_context {
  user_id: "141038968383667"
  user_name: "c0711894@vale.co..., took 116.916446 ms
26/01/16 13:08:36 WARN DataSource: org.apache.spark.sql.sources.DataSourceRegister: com.google.cloud.spark.bigquery.BigQueryRelationProvider Unable to get public no-arg constructor
26/01/16 13:08:36 INFO DbfsReflectionUtilsImpl: Resolved DBFS path InputUri=/Workspace ResolvedPath=abfss://root@dbstoragekduswqmgjq5rc.dfs.core.windows.net/116288240407984/Workspace
26/01/16 13:08:36 WARN DriverActivityLogging$: No activity context found. Skip logging driver event.
26/01/16 13:08:36 WARN DriverActivityLogging$: No activity context found. Skip logging driver event.
26/01/16 13:08:36 WARN DriverActivityLogging$: No activity context found. Skip logging driver event.
26/01/16 13:08:36 WARN DriverActivityLogging$: No activity context found. Skip logging driver event.
26/01/16 13:08:36 WARN DriverActivityLogging$: No activity context found. Skip logging driver event.
26/01/16 13:08:36 INFO InMemoryFileIndex: Start listing leaf files and directories. Size of Paths: 1; threshold: 32
26/01/16 13:08:36 WARN DriverActivityLogging$: No activity context found. Skip logging driver event.
26/01/16 13:08:36 INFO InMemoryFileIndex: Start listing leaf files and directories. Size of Paths: 0; threshold: 32
26/01/16 13:08:36 INFO InMemoryFileIndex: It took 19 ms to list leaf files for 1 paths.
26/01/16 13:08:36 INFO InMemoryFileIndex: [ES-1349004] 951.0 KiB bytes allocated for InMemoryFileIndex.refresh0
26/01/16 13:08:36 INFO SparkContext: Starting job: Spark Connect - session_id: "a9408e72-f784-4414-a94c-48a15c61a2a5"
user_context {
  user_id: "141038968383667"
  user_name: "c0711894@vale.co...
26/01/16 13:08:36 INFO DAGScheduler: Got job 17 (Spark Connect - session_id: "a9408e72-f784-4414-a94c-48a15c61a2a5"
user_context {
  user_id: "141038968383667"
  user_name: "c0711894@vale.co...) with 1 output partitions
26/01/16 13:08:36 INFO DAGScheduler: Final stage: ResultStage 17 (Spark Connect - session_id: "a9408e72-f784-4414-a94c-48a15c61a2a5"
user_context {
  user_id: "141038968383667"
  user_name: "c0711894@vale.co...)
26/01/16 13:08:36 INFO DAGScheduler: Parents of final stage: List()
26/01/16 13:08:36 INFO DAGScheduler: Missing parents: List()
26/01/16 13:08:36 INFO DAGScheduler: Submitting ResultStage 17 (MapPartitionsRDD[35] at Spark Connect - session_id: "a9408e72-f784-4414-a94c-48a15c61a2a5"
user_context {
  user_id: "141038968383667"
  user_name: "c0711894@vale.co...), which has no missing parents
26/01/16 13:08:36 INFO DAGScheduler: Submitting 1 missing tasks from ResultStage 17 (MapPartitionsRDD[35] at Spark Connect - session_id: "a9408e72-f784-4414-a94c-48a15c61a2a5"
user_context {
  user_id: "141038968383667"
  user_name: "c0711894@vale.co...) (first 15 tasks are for partitions Vector(0))
26/01/16 13:08:36 INFO TaskSchedulerImpl: Adding task set 17.0 with 1 tasks resource profile 0
26/01/16 13:08:36 INFO TaskSetManager: TaskSet 17.0 using PreferredLocationsV1
26/01/16 13:08:36 INFO FairSchedulableBuilder: Added task set TaskSet_17.0 tasks to pool 1768568637510
26/01/16 13:08:36 INFO TaskSetManager: Starting task 0.0 in stage 17.0 (TID 17) (10.139.64.10,executor 0, partition 0, PROCESS_LOCAL, 
26/01/16 13:08:36 INFO MemoryStore: Block broadcast_18 stored as values in memory (estimated size 128.6 KiB, free 3.3 GiB)
26/01/16 13:08:36 INFO MemoryStore: Block broadcast_18_piece0 stored as bytes in memory (estimated size 52.7 KiB, free 3.3 GiB)
26/01/16 13:08:36 INFO SparkContext: Created broadcast 18 from broadcast at TaskSetManager.scala:848
26/01/16 13:08:36 INFO TaskSetManager: Finished task 0.0 in stage 17.0 (TID 17) in 63 ms on 10.139.64.10 (executor 0) (1/1)
26/01/16 13:08:36 INFO TaskSchedulerImpl: Removed TaskSet 17.0 whose tasks have all completed, from pool 1768568637510
26/01/16 13:08:36 INFO DAGScheduler: ResultStage 17 (Spark Connect - session_id: "a9408e72-f784-4414-a94c-48a15c61a2a5"
user_context {
  user_id: "141038968383667"
  user_name: "c0711894@vale.co...) finished in 71 ms
26/01/16 13:08:36 INFO DAGScheduler: Job 17 is finished. Cancelling potential speculative or zombie tasks for this job
26/01/16 13:08:36 INFO TaskSchedulerImpl: Canceling stage 17
26/01/16 13:08:36 INFO TaskSchedulerImpl: Killing all running tasks in stage 17: Stage finished
26/01/16 13:08:36 INFO DAGScheduler: Job 17 finished: Spark Connect - session_id: "a9408e72-f784-4414-a94c-48a15c61a2a5"
user_context {
  user_id: "141038968383667"
  user_name: "c0711894@vale.co..., took 75.30013 ms
26/01/16 13:08:36 WARN DataSource: org.apache.spark.sql.sources.DataSourceRegister: com.google.cloud.spark.bigquery.BigQueryRelationProvider Unable to get public no-arg constructor
26/01/16 13:08:36 INFO DbfsReflectionUtilsImpl: Resolved DBFS path InputUri=/Workspace ResolvedPath=abfss://root@dbstoragekduswqmgjq5rc.dfs.core.windows.net/116288240407984/Workspace
26/01/16 13:08:36 WARN DriverActivityLogging$: No activity context found. Skip logging driver event.
26/01/16 13:08:36 WARN DriverActivityLogging$: No activity context found. Skip logging driver event.
26/01/16 13:08:36 WARN DriverActivityLogging$: No activity context found. Skip logging driver event.
26/01/16 13:08:36 WARN DriverActivityLogging$: No activity context found. Skip logging driver event.
26/01/16 13:08:36 WARN DriverActivityLogging$: No activity context found. Skip logging driver event.
26/01/16 13:08:37 INFO InMemoryFileIndex: Start listing leaf files and directories. Size of Paths: 1; threshold: 32
26/01/16 13:08:37 WARN DriverActivityLogging$: No activity context found. Skip logging driver event.
26/01/16 13:08:37 INFO InMemoryFileIndex: Start listing leaf files and directories. Size of Paths: 0; threshold: 32
26/01/16 13:08:37 INFO InMemoryFileIndex: It took 25 ms to list leaf files for 1 paths.
26/01/16 13:08:37 INFO InMemoryFileIndex: [ES-1349004] 954.1 KiB bytes allocated for InMemoryFileIndex.refresh0
26/01/16 13:08:37 INFO SparkContext: Starting job: Spark Connect - session_id: "a9408e72-f784-4414-a94c-48a15c61a2a5"
user_context {
  user_id: "141038968383667"
  user_name: "c0711894@vale.co...
26/01/16 13:08:37 INFO DAGScheduler: Got job 18 (Spark Connect - session_id: "a9408e72-f784-4414-a94c-48a15c61a2a5"
user_context {
  user_id: "141038968383667"
  user_name: "c0711894@vale.co...) with 1 output partitions
26/01/16 13:08:37 INFO DAGScheduler: Final stage: ResultStage 18 (Spark Connect - session_id: "a9408e72-f784-4414-a94c-48a15c61a2a5"
user_context {
  user_id: "141038968383667"
  user_name: "c0711894@vale.co...)
26/01/16 13:08:37 INFO DAGScheduler: Parents of final stage: List()
26/01/16 13:08:37 INFO DAGScheduler: Missing parents: List()
26/01/16 13:08:37 INFO DAGScheduler: Submitting ResultStage 18 (MapPartitionsRDD[37] at Spark Connect - session_id: "a9408e72-f784-4414-a94c-48a15c61a2a5"
user_context {
  user_id: "141038968383667"
  user_name: "c0711894@vale.co...), which has no missing parents
26/01/16 13:08:37 INFO DAGScheduler: Submitting 1 missing tasks from ResultStage 18 (MapPartitionsRDD[37] at Spark Connect - session_id: "a9408e72-f784-4414-a94c-48a15c61a2a5"
user_context {
  user_id: "141038968383667"
  user_name: "c0711894@vale.co...) (first 15 tasks are for partitions Vector(0))
26/01/16 13:08:37 INFO TaskSchedulerImpl: Adding task set 18.0 with 1 tasks resource profile 0
26/01/16 13:08:37 INFO TaskSetManager: TaskSet 18.0 using PreferredLocationsV1
26/01/16 13:08:37 INFO FairSchedulableBuilder: Added task set TaskSet_18.0 tasks to pool 1768568637510
26/01/16 13:08:37 INFO TaskSetManager: Starting task 0.0 in stage 18.0 (TID 18) (10.139.64.10,executor 0, partition 0, PROCESS_LOCAL, 
26/01/16 13:08:37 INFO MemoryStore: Block broadcast_19 stored as values in memory (estimated size 128.6 KiB, free 3.3 GiB)
26/01/16 13:08:37 INFO MemoryStore: Block broadcast_19_piece0 stored as bytes in memory (estimated size 52.7 KiB, free 3.3 GiB)
26/01/16 13:08:37 INFO SparkContext: Created broadcast 19 from broadcast at TaskSetManager.scala:848
26/01/16 13:08:37 INFO LogInterceptor: RPC spark.connect.SparkConnectService/ExecutePlan (1462442471) [ExecutePlanResponse]: sessionId: a9408e72-f784-4414-a94c-48a15c61a2a5, serverSideSessionId: 26b20359-cf6e-401c-83bf-84c101c974f2, operationId: 9a23c9e8-d7c3-4c5a-8196-65fa16d5924f, responseId: 7169adc1-6512-4ee4-be59-502d16b6ebeb
26/01/16 13:08:37 INFO LogInterceptor: RPC spark.connect.SparkConnectService/ExecutePlan (1462442471) [ExecutePlanResponse]: sessionId: a9408e72-f784-4414-a94c-48a15c61a2a5, serverSideSessionId: 26b20359-cf6e-401c-83bf-84c101c974f2, operationId: 9a23c9e8-d7c3-4c5a-8196-65fa16d5924f, responseId: 1b476674-0868-451b-8ce5-d72bac000a41
26/01/16 13:08:37 INFO TaskSetManager: Finished task 0.0 in stage 18.0 (TID 18) in 73 ms on 10.139.64.10 (executor 0) (1/1)
26/01/16 13:08:37 INFO TaskSchedulerImpl: Removed TaskSet 18.0 whose tasks have all completed, from pool 1768568637510
26/01/16 13:08:37 INFO DAGScheduler: ResultStage 18 (Spark Connect - session_id: "a9408e72-f784-4414-a94c-48a15c61a2a5"
user_context {
  user_id: "141038968383667"
  user_name: "c0711894@vale.co...) finished in 82 ms
26/01/16 13:08:37 INFO DAGScheduler: Job 18 is finished. Cancelling potential speculative or zombie tasks for this job
26/01/16 13:08:37 INFO TaskSchedulerImpl: Canceling stage 18
26/01/16 13:08:37 INFO TaskSchedulerImpl: Killing all running tasks in stage 18: Stage finished
26/01/16 13:08:37 INFO DAGScheduler: Job 18 finished: Spark Connect - session_id: "a9408e72-f784-4414-a94c-48a15c61a2a5"
user_context {
  user_id: "141038968383667"
  user_name: "c0711894@vale.co..., took 86.065434 ms
26/01/16 13:08:37 WARN DataSource: org.apache.spark.sql.sources.DataSourceRegister: com.google.cloud.spark.bigquery.BigQueryRelationProvider Unable to get public no-arg constructor
26/01/16 13:08:37 INFO DbfsReflectionUtilsImpl: Resolved DBFS path InputUri=/Workspace ResolvedPath=abfss://root@dbstoragekduswqmgjq5rc.dfs.core.windows.net/116288240407984/Workspace
26/01/16 13:08:37 WARN DriverActivityLogging$: No activity context found. Skip logging driver event.
26/01/16 13:08:37 WARN DriverActivityLogging$: No activity context found. Skip logging driver event.
26/01/16 13:08:37 WARN DriverActivityLogging$: No activity context found. Skip logging driver event.
26/01/16 13:08:37 WARN DriverActivityLogging$: No activity context found. Skip logging driver event.
26/01/16 13:08:37 WARN DriverActivityLogging$: No activity context found. Skip logging driver event.
26/01/16 13:08:37 INFO InMemoryFileIndex: Start listing leaf files and directories. Size of Paths: 1; threshold: 32
26/01/16 13:08:37 WARN DriverActivityLogging$: No activity context found. Skip logging driver event.
26/01/16 13:08:37 INFO InMemoryFileIndex: Start listing leaf files and directories. Size of Paths: 0; threshold: 32
26/01/16 13:08:37 INFO InMemoryFileIndex: It took 20 ms to list leaf files for 1 paths.
26/01/16 13:08:37 INFO InMemoryFileIndex: [ES-1349004] 953.3 KiB bytes allocated for InMemoryFileIndex.refresh0
26/01/16 13:08:37 INFO SparkContext: Starting job: Spark Connect - session_id: "a9408e72-f784-4414-a94c-48a15c61a2a5"
user_context {
  user_id: "141038968383667"
  user_name: "c0711894@vale.co...
26/01/16 13:08:37 INFO DAGScheduler: Got job 19 (Spark Connect - session_id: "a9408e72-f784-4414-a94c-48a15c61a2a5"
user_context {
  user_id: "141038968383667"
  user_name: "c0711894@vale.co...) with 1 output partitions
26/01/16 13:08:37 INFO DAGScheduler: Final stage: ResultStage 19 (Spark Connect - session_id: "a9408e72-f784-4414-a94c-48a15c61a2a5"
user_context {
  user_id: "141038968383667"
  user_name: "c0711894@vale.co...)
26/01/16 13:08:37 INFO DAGScheduler: Parents of final stage: List()
26/01/16 13:08:37 INFO DAGScheduler: Missing parents: List()
26/01/16 13:08:37 INFO DAGScheduler: Submitting ResultStage 19 (MapPartitionsRDD[39] at Spark Connect - session_id: "a9408e72-f784-4414-a94c-48a15c61a2a5"
user_context {
  user_id: "141038968383667"
  user_name: "c0711894@vale.co...), which has no missing parents
26/01/16 13:08:37 INFO DAGScheduler: Submitting 1 missing tasks from ResultStage 19 (MapPartitionsRDD[39] at Spark Connect - session_id: "a9408e72-f784-4414-a94c-48a15c61a2a5"
user_context {
  user_id: "141038968383667"
  user_name: "c0711894@vale.co...) (first 15 tasks are for partitions Vector(0))
26/01/16 13:08:37 INFO TaskSchedulerImpl: Adding task set 19.0 with 1 tasks resource profile 0
26/01/16 13:08:37 INFO TaskSetManager: TaskSet 19.0 using PreferredLocationsV1
26/01/16 13:08:37 INFO FairSchedulableBuilder: Added task set TaskSet_19.0 tasks to pool 1768568637510
26/01/16 13:08:37 INFO TaskSetManager: Starting task 0.0 in stage 19.0 (TID 19) (10.139.64.10,executor 0, partition 0, PROCESS_LOCAL, 
26/01/16 13:08:37 INFO MemoryStore: Block broadcast_20 stored as values in memory (estimated size 128.6 KiB, free 3.3 GiB)
26/01/16 13:08:37 INFO MemoryStore: Block broadcast_20_piece0 stored as bytes in memory (estimated size 52.7 KiB, free 3.3 GiB)
26/01/16 13:08:37 INFO SparkContext: Created broadcast 20 from broadcast at TaskSetManager.scala:848
26/01/16 13:08:37 INFO TaskSetManager: Finished task 0.0 in stage 19.0 (TID 19) in 74 ms on 10.139.64.10 (executor 0) (1/1)
26/01/16 13:08:37 INFO TaskSchedulerImpl: Removed TaskSet 19.0 whose tasks have all completed, from pool 1768568637510
26/01/16 13:08:37 WARN AppStatusListener: AppStatusListener.getTaskMetricsSubset() took 7 ms
26/01/16 13:08:37 INFO DAGScheduler: ResultStage 19 (Spark Connect - session_id: "a9408e72-f784-4414-a94c-48a15c61a2a5"
user_context {
  user_id: "141038968383667"
  user_name: "c0711894@vale.co...) finished in 88 ms
26/01/16 13:08:37 INFO DAGScheduler: Job 19 is finished. Cancelling potential speculative or zombie tasks for this job
26/01/16 13:08:37 INFO TaskSchedulerImpl: Canceling stage 19
26/01/16 13:08:37 INFO TaskSchedulerImpl: Killing all running tasks in stage 19: Stage finished
26/01/16 13:08:37 INFO DAGScheduler: Job 19 finished: Spark Connect - session_id: "a9408e72-f784-4414-a94c-48a15c61a2a5"
user_context {
  user_id: "141038968383667"
  user_name: "c0711894@vale.co..., took 96.343438 ms
26/01/16 13:08:37 WARN DataSource: org.apache.spark.sql.sources.DataSourceRegister: com.google.cloud.spark.bigquery.BigQueryRelationProvider Unable to get public no-arg constructor
26/01/16 13:08:37 INFO DbfsReflectionUtilsImpl: Resolved DBFS path InputUri=/Workspace ResolvedPath=abfss://root@dbstoragekduswqmgjq5rc.dfs.core.windows.net/116288240407984/Workspace
26/01/16 13:08:37 WARN DriverActivityLogging$: No activity context found. Skip logging driver event.
26/01/16 13:08:37 WARN DriverActivityLogging$: No activity context found. Skip logging driver event.
26/01/16 13:08:37 WARN DriverActivityLogging$: No activity context found. Skip logging driver event.
26/01/16 13:08:37 WARN DriverActivityLogging$: No activity context found. Skip logging driver event.
26/01/16 13:08:37 WARN DriverActivityLogging$: No activity context found. Skip logging driver event.
26/01/16 13:08:37 INFO InMemoryFileIndex: Start listing leaf files and directories. Size of Paths: 1; threshold: 32
26/01/16 13:08:37 WARN DriverActivityLogging$: No activity context found. Skip logging driver event.
26/01/16 13:08:37 INFO InMemoryFileIndex: Start listing leaf files and directories. Size of Paths: 0; threshold: 32
26/01/16 13:08:37 INFO InMemoryFileIndex: It took 23 ms to list leaf files for 1 paths.
26/01/16 13:08:37 INFO InMemoryFileIndex: [ES-1349004] 949.4 KiB bytes allocated for InMemoryFileIndex.refresh0
26/01/16 13:08:37 INFO SparkContext: Starting job: Spark Connect - session_id: "a9408e72-f784-4414-a94c-48a15c61a2a5"
user_context {
  user_id: "141038968383667"
  user_name: "c0711894@vale.co...
26/01/16 13:08:37 INFO DAGScheduler: Got job 20 (Spark Connect - session_id: "a9408e72-f784-4414-a94c-48a15c61a2a5"
user_context {
  user_id: "141038968383667"
  user_name: "c0711894@vale.co...) with 1 output partitions
26/01/16 13:08:37 INFO DAGScheduler: Final stage: ResultStage 20 (Spark Connect - session_id: "a9408e72-f784-4414-a94c-48a15c61a2a5"
user_context {
  user_id: "141038968383667"
  user_name: "c0711894@vale.co...)
26/01/16 13:08:37 INFO DAGScheduler: Parents of final stage: List()
26/01/16 13:08:37 INFO DAGScheduler: Missing parents: List()
26/01/16 13:08:37 INFO DAGScheduler: Submitting ResultStage 20 (MapPartitionsRDD[41] at Spark Connect - session_id: "a9408e72-f784-4414-a94c-48a15c61a2a5"
user_context {
  user_id: "141038968383667"
  user_name: "c0711894@vale.co...), which has no missing parents
26/01/16 13:08:37 INFO DAGScheduler: Submitting 1 missing tasks from ResultStage 20 (MapPartitionsRDD[41] at Spark Connect - session_id: "a9408e72-f784-4414-a94c-48a15c61a2a5"
user_context {
  user_id: "141038968383667"
  user_name: "c0711894@vale.co...) (first 15 tasks are for partitions Vector(0))
26/01/16 13:08:37 INFO TaskSchedulerImpl: Adding task set 20.0 with 1 tasks resource profile 0
26/01/16 13:08:37 INFO TaskSetManager: TaskSet 20.0 using PreferredLocationsV1
26/01/16 13:08:37 INFO FairSchedulableBuilder: Added task set TaskSet_20.0 tasks to pool 1768568637510
26/01/16 13:08:37 INFO TaskSetManager: Starting task 0.0 in stage 20.0 (TID 20) (10.139.64.10,executor 0, partition 0, PROCESS_LOCAL, 
26/01/16 13:08:37 INFO MemoryStore: Block broadcast_21 stored as values in memory (estimated size 128.6 KiB, free 3.3 GiB)
26/01/16 13:08:37 INFO MemoryStore: Block broadcast_21_piece0 stored as bytes in memory (estimated size 52.8 KiB, free 3.3 GiB)
26/01/16 13:08:37 INFO SparkContext: Created broadcast 21 from broadcast at TaskSetManager.scala:848
26/01/16 13:08:37 INFO TaskSetManager: Finished task 0.0 in stage 20.0 (TID 20) in 60 ms on 10.139.64.10 (executor 0) (1/1)
26/01/16 13:08:37 INFO TaskSchedulerImpl: Removed TaskSet 20.0 whose tasks have all completed, from pool 1768568637510
26/01/16 13:08:37 INFO DAGScheduler: ResultStage 20 (Spark Connect - session_id: "a9408e72-f784-4414-a94c-48a15c61a2a5"
user_context {
  user_id: "141038968383667"
  user_name: "c0711894@vale.co...) finished in 67 ms
26/01/16 13:08:37 INFO DAGScheduler: Job 20 is finished. Cancelling potential speculative or zombie tasks for this job
26/01/16 13:08:37 INFO TaskSchedulerImpl: Canceling stage 20
26/01/16 13:08:37 INFO TaskSchedulerImpl: Killing all running tasks in stage 20: Stage finished
26/01/16 13:08:37 INFO DAGScheduler: Job 20 finished: Spark Connect - session_id: "a9408e72-f784-4414-a94c-48a15c61a2a5"
user_context {
  user_id: "141038968383667"
  user_name: "c0711894@vale.co..., took 73.892829 ms
26/01/16 13:08:37 WARN DataSource: org.apache.spark.sql.sources.DataSourceRegister: com.google.cloud.spark.bigquery.BigQueryRelationProvider Unable to get public no-arg constructor
26/01/16 13:08:37 INFO DbfsReflectionUtilsImpl: Resolved DBFS path InputUri=/Workspace ResolvedPath=abfss://root@dbstoragekduswqmgjq5rc.dfs.core.windows.net/116288240407984/Workspace
26/01/16 13:08:37 WARN DriverActivityLogging$: No activity context found. Skip logging driver event.
26/01/16 13:08:37 WARN DriverActivityLogging$: No activity context found. Skip logging driver event.
26/01/16 13:08:37 WARN DriverActivityLogging$: No activity context found. Skip logging driver event.
26/01/16 13:08:37 WARN DriverActivityLogging$: No activity context found. Skip logging driver event.
26/01/16 13:08:37 WARN DriverActivityLogging$: No activity context found. Skip logging driver event.
26/01/16 13:08:37 INFO InMemoryFileIndex: Start listing leaf files and directories. Size of Paths: 1; threshold: 32
26/01/16 13:08:37 WARN DriverActivityLogging$: No activity context found. Skip logging driver event.
26/01/16 13:08:37 INFO InMemoryFileIndex: Start listing leaf files and directories. Size of Paths: 0; threshold: 32
26/01/16 13:08:37 INFO InMemoryFileIndex: It took 19 ms to list leaf files for 1 paths.
26/01/16 13:08:37 INFO InMemoryFileIndex: [ES-1349004] 949.0 KiB bytes allocated for InMemoryFileIndex.refresh0
26/01/16 13:08:37 INFO SparkContext: Starting job: Spark Connect - session_id: "a9408e72-f784-4414-a94c-48a15c61a2a5"
user_context {
  user_id: "141038968383667"
  user_name: "c0711894@vale.co...
26/01/16 13:08:37 INFO DAGScheduler: Got job 21 (Spark Connect - session_id: "a9408e72-f784-4414-a94c-48a15c61a2a5"
user_context {
  user_id: "141038968383667"
  user_name: "c0711894@vale.co...) with 1 output partitions
26/01/16 13:08:37 INFO DAGScheduler: Final stage: ResultStage 21 (Spark Connect - session_id: "a9408e72-f784-4414-a94c-48a15c61a2a5"
user_context {
  user_id: "141038968383667"
  user_name: "c0711894@vale.co...)
26/01/16 13:08:37 INFO DAGScheduler: Parents of final stage: List()
26/01/16 13:08:37 INFO DAGScheduler: Missing parents: List()
26/01/16 13:08:37 INFO DAGScheduler: Submitting ResultStage 21 (MapPartitionsRDD[43] at Spark Connect - session_id: "a9408e72-f784-4414-a94c-48a15c61a2a5"
user_context {
  user_id: "141038968383667"
  user_name: "c0711894@vale.co...), which has no missing parents
26/01/16 13:08:37 INFO DAGScheduler: Submitting 1 missing tasks from ResultStage 21 (MapPartitionsRDD[43] at Spark Connect - session_id: "a9408e72-f784-4414-a94c-48a15c61a2a5"
user_context {
  user_id: "141038968383667"
  user_name: "c0711894@vale.co...) (first 15 tasks are for partitions Vector(0))
26/01/16 13:08:37 INFO TaskSchedulerImpl: Adding task set 21.0 with 1 tasks resource profile 0
26/01/16 13:08:37 INFO TaskSetManager: TaskSet 21.0 using PreferredLocationsV1
26/01/16 13:08:37 INFO FairSchedulableBuilder: Added task set TaskSet_21.0 tasks to pool 1768568637510
26/01/16 13:08:37 INFO TaskSetManager: Starting task 0.0 in stage 21.0 (TID 21) (10.139.64.10,executor 0, partition 0, PROCESS_LOCAL, 
26/01/16 13:08:37 INFO MemoryStore: Block broadcast_22 stored as values in memory (estimated size 128.6 KiB, free 3.3 GiB)
26/01/16 13:08:37 INFO MemoryStore: Block broadcast_22_piece0 stored as bytes in memory (estimated size 52.8 KiB, free 3.3 GiB)
26/01/16 13:08:37 INFO SparkContext: Created broadcast 22 from broadcast at TaskSetManager.scala:848
26/01/16 13:08:37 INFO TaskSetManager: Finished task 0.0 in stage 21.0 (TID 21) in 64 ms on 10.139.64.10 (executor 0) (1/1)
26/01/16 13:08:37 INFO TaskSchedulerImpl: Removed TaskSet 21.0 whose tasks have all completed, from pool 1768568637510
26/01/16 13:08:37 INFO DAGScheduler: ResultStage 21 (Spark Connect - session_id: "a9408e72-f784-4414-a94c-48a15c61a2a5"
user_context {
  user_id: "141038968383667"
  user_name: "c0711894@vale.co...) finished in 70 ms
26/01/16 13:08:37 INFO DAGScheduler: Job 21 is finished. Cancelling potential speculative or zombie tasks for this job
26/01/16 13:08:37 INFO TaskSchedulerImpl: Canceling stage 21
26/01/16 13:08:37 INFO TaskSchedulerImpl: Killing all running tasks in stage 21: Stage finished
26/01/16 13:08:37 INFO DAGScheduler: Job 21 finished: Spark Connect - session_id: "a9408e72-f784-4414-a94c-48a15c61a2a5"
user_context {
  user_id: "141038968383667"
  user_name: "c0711894@vale.co..., took 77.193617 ms
26/01/16 13:08:37 WARN DataSource: org.apache.spark.sql.sources.DataSourceRegister: com.google.cloud.spark.bigquery.BigQueryRelationProvider Unable to get public no-arg constructor
26/01/16 13:08:37 INFO DbfsReflectionUtilsImpl: Resolved DBFS path InputUri=/Workspace ResolvedPath=abfss://root@dbstoragekduswqmgjq5rc.dfs.core.windows.net/116288240407984/Workspace
26/01/16 13:08:37 WARN DriverActivityLogging$: No activity context found. Skip logging driver event.
26/01/16 13:08:37 WARN DriverActivityLogging$: No activity context found. Skip logging driver event.
26/01/16 13:08:37 WARN DriverActivityLogging$: No activity context found. Skip logging driver event.
26/01/16 13:08:37 WARN DriverActivityLogging$: No activity context found. Skip logging driver event.
26/01/16 13:08:37 WARN DriverActivityLogging$: No activity context found. Skip logging driver event.
26/01/16 13:08:37 INFO InMemoryFileIndex: Start listing leaf files and directories. Size of Paths: 1; threshold: 32
26/01/16 13:08:37 WARN DriverActivityLogging$: No activity context found. Skip logging driver event.
26/01/16 13:08:37 INFO InMemoryFileIndex: Start listing leaf files and directories. Size of Paths: 0; threshold: 32
26/01/16 13:08:37 INFO InMemoryFileIndex: It took 22 ms to list leaf files for 1 paths.
26/01/16 13:08:37 INFO InMemoryFileIndex: [ES-1349004] 946.5 KiB bytes allocated for InMemoryFileIndex.refresh0
26/01/16 13:08:37 INFO SparkContext: Starting job: Spark Connect - session_id: "a9408e72-f784-4414-a94c-48a15c61a2a5"
user_context {
  user_id: "141038968383667"
  user_name: "c0711894@vale.co...
26/01/16 13:08:37 INFO DAGScheduler: Got job 22 (Spark Connect - session_id: "a9408e72-f784-4414-a94c-48a15c61a2a5"
user_context {
  user_id: "141038968383667"
  user_name: "c0711894@vale.co...) with 1 output partitions
26/01/16 13:08:37 INFO DAGScheduler: Final stage: ResultStage 22 (Spark Connect - session_id: "a9408e72-f784-4414-a94c-48a15c61a2a5"
user_context {
  user_id: "141038968383667"
  user_name: "c0711894@vale.co...)
26/01/16 13:08:37 INFO DAGScheduler: Parents of final stage: List()
26/01/16 13:08:37 INFO DAGScheduler: Missing parents: List()
26/01/16 13:08:37 INFO DAGScheduler: Submitting ResultStage 22 (MapPartitionsRDD[45] at Spark Connect - session_id: "a9408e72-f784-4414-a94c-48a15c61a2a5"
user_context {
  user_id: "141038968383667"
  user_name: "c0711894@vale.co...), which has no missing parents
26/01/16 13:08:37 INFO DAGScheduler: Submitting 1 missing tasks from ResultStage 22 (MapPartitionsRDD[45] at Spark Connect - session_id: "a9408e72-f784-4414-a94c-48a15c61a2a5"
user_context {
  user_id: "141038968383667"
  user_name: "c0711894@vale.co...) (first 15 tasks are for partitions Vector(0))
26/01/16 13:08:37 INFO TaskSchedulerImpl: Adding task set 22.0 with 1 tasks resource profile 0
26/01/16 13:08:37 INFO TaskSetManager: TaskSet 22.0 using PreferredLocationsV1
26/01/16 13:08:37 INFO FairSchedulableBuilder: Added task set TaskSet_22.0 tasks to pool 1768568637510
26/01/16 13:08:37 INFO TaskSetManager: Starting task 0.0 in stage 22.0 (TID 22) (10.139.64.10,executor 0, partition 0, PROCESS_LOCAL, 
26/01/16 13:08:37 INFO MemoryStore: Block broadcast_23 stored as values in memory (estimated size 128.6 KiB, free 3.3 GiB)
26/01/16 13:08:37 INFO MemoryStore: Block broadcast_23_piece0 stored as bytes in memory (estimated size 52.8 KiB, free 3.3 GiB)
26/01/16 13:08:37 INFO SparkContext: Created broadcast 23 from broadcast at TaskSetManager.scala:848
26/01/16 13:08:37 INFO TaskSetManager: Finished task 0.0 in stage 22.0 (TID 22) in 57 ms on 10.139.64.10 (executor 0) (1/1)
26/01/16 13:08:37 INFO TaskSchedulerImpl: Removed TaskSet 22.0 whose tasks have all completed, from pool 1768568637510
26/01/16 13:08:37 INFO DAGScheduler: ResultStage 22 (Spark Connect - session_id: "a9408e72-f784-4414-a94c-48a15c61a2a5"
user_context {
  user_id: "141038968383667"
  user_name: "c0711894@vale.co...) finished in 62 ms
26/01/16 13:08:37 INFO DAGScheduler: Job 22 is finished. Cancelling potential speculative or zombie tasks for this job
26/01/16 13:08:37 INFO TaskSchedulerImpl: Canceling stage 22
26/01/16 13:08:37 INFO TaskSchedulerImpl: Killing all running tasks in stage 22: Stage finished
26/01/16 13:08:37 INFO DAGScheduler: Job 22 finished: Spark Connect - session_id: "a9408e72-f784-4414-a94c-48a15c61a2a5"
user_context {
  user_id: "141038968383667"
  user_name: "c0711894@vale.co..., took 67.696613 ms
26/01/16 13:08:37 WARN DataSource: org.apache.spark.sql.sources.DataSourceRegister: com.google.cloud.spark.bigquery.BigQueryRelationProvider Unable to get public no-arg constructor
26/01/16 13:08:37 INFO DbfsReflectionUtilsImpl: Resolved DBFS path InputUri=/Workspace ResolvedPath=abfss://root@dbstoragekduswqmgjq5rc.dfs.core.windows.net/116288240407984/Workspace
26/01/16 13:08:37 WARN DriverActivityLogging$: No activity context found. Skip logging driver event.
26/01/16 13:08:37 WARN DriverActivityLogging$: No activity context found. Skip logging driver event.
26/01/16 13:08:38 WARN DriverActivityLogging$: No activity context found. Skip logging driver event.
26/01/16 13:08:38 WARN DriverActivityLogging$: No activity context found. Skip logging driver event.
26/01/16 13:08:38 WARN DriverActivityLogging$: No activity context found. Skip logging driver event.
26/01/16 13:08:38 INFO InMemoryFileIndex: Start listing leaf files and directories. Size of Paths: 1; threshold: 32
26/01/16 13:08:38 WARN DriverActivityLogging$: No activity context found. Skip logging driver event.
26/01/16 13:08:38 INFO InMemoryFileIndex: Start listing leaf files and directories. Size of Paths: 0; threshold: 32
26/01/16 13:08:38 INFO InMemoryFileIndex: It took 20 ms to list leaf files for 1 paths.
26/01/16 13:08:38 INFO InMemoryFileIndex: [ES-1349004] 946.8 KiB bytes allocated for InMemoryFileIndex.refresh0
26/01/16 13:08:38 INFO SparkContext: Starting job: Spark Connect - session_id: "a9408e72-f784-4414-a94c-48a15c61a2a5"
user_context {
  user_id: "141038968383667"
  user_name: "c0711894@vale.co...
26/01/16 13:08:38 INFO DAGScheduler: Got job 23 (Spark Connect - session_id: "a9408e72-f784-4414-a94c-48a15c61a2a5"
user_context {
  user_id: "141038968383667"
  user_name: "c0711894@vale.co...) with 1 output partitions
26/01/16 13:08:38 INFO DAGScheduler: Final stage: ResultStage 23 (Spark Connect - session_id: "a9408e72-f784-4414-a94c-48a15c61a2a5"
user_context {
  user_id: "141038968383667"
  user_name: "c0711894@vale.co...)
26/01/16 13:08:38 INFO DAGScheduler: Parents of final stage: List()
26/01/16 13:08:38 INFO DAGScheduler: Missing parents: List()
26/01/16 13:08:38 INFO DAGScheduler: Submitting ResultStage 23 (MapPartitionsRDD[47] at Spark Connect - session_id: "a9408e72-f784-4414-a94c-48a15c61a2a5"
user_context {
  user_id: "141038968383667"
  user_name: "c0711894@vale.co...), which has no missing parents
26/01/16 13:08:38 INFO DAGScheduler: Submitting 1 missing tasks from ResultStage 23 (MapPartitionsRDD[47] at Spark Connect - session_id: "a9408e72-f784-4414-a94c-48a15c61a2a5"
user_context {
  user_id: "141038968383667"
  user_name: "c0711894@vale.co...) (first 15 tasks are for partitions Vector(0))
26/01/16 13:08:38 INFO TaskSchedulerImpl: Adding task set 23.0 with 1 tasks resource profile 0
26/01/16 13:08:38 INFO TaskSetManager: TaskSet 23.0 using PreferredLocationsV1
26/01/16 13:08:38 INFO FairSchedulableBuilder: Added task set TaskSet_23.0 tasks to pool 1768568637510
26/01/16 13:08:38 INFO TaskSetManager: Starting task 0.0 in stage 23.0 (TID 23) (10.139.64.10,executor 0, partition 0, PROCESS_LOCAL, 
26/01/16 13:08:38 INFO MemoryStore: Block broadcast_24 stored as values in memory (estimated size 128.6 KiB, free 3.3 GiB)
26/01/16 13:08:38 INFO MemoryStore: Block broadcast_24_piece0 stored as bytes in memory (estimated size 52.8 KiB, free 3.3 GiB)
26/01/16 13:08:38 INFO SparkContext: Created broadcast 24 from broadcast at TaskSetManager.scala:848
26/01/16 13:08:38 INFO TaskSetManager: Finished task 0.0 in stage 23.0 (TID 23) in 57 ms on 10.139.64.10 (executor 0) (1/1)
26/01/16 13:08:38 INFO TaskSchedulerImpl: Removed TaskSet 23.0 whose tasks have all completed, from pool 1768568637510
26/01/16 13:08:38 INFO DAGScheduler: ResultStage 23 (Spark Connect - session_id: "a9408e72-f784-4414-a94c-48a15c61a2a5"
user_context {
  user_id: "141038968383667"
  user_name: "c0711894@vale.co...) finished in 68 ms
26/01/16 13:08:38 INFO DAGScheduler: Job 23 is finished. Cancelling potential speculative or zombie tasks for this job
26/01/16 13:08:38 INFO TaskSchedulerImpl: Canceling stage 23
26/01/16 13:08:38 INFO TaskSchedulerImpl: Killing all running tasks in stage 23: Stage finished
26/01/16 13:08:38 INFO DAGScheduler: Job 23 finished: Spark Connect - session_id: "a9408e72-f784-4414-a94c-48a15c61a2a5"
user_context {
  user_id: "141038968383667"
  user_name: "c0711894@vale.co..., took 83.309139 ms
26/01/16 13:08:38 WARN DataSource: org.apache.spark.sql.sources.DataSourceRegister: com.google.cloud.spark.bigquery.BigQueryRelationProvider Unable to get public no-arg constructor
26/01/16 13:08:38 INFO DbfsReflectionUtilsImpl: Resolved DBFS path InputUri=/Workspace ResolvedPath=abfss://root@dbstoragekduswqmgjq5rc.dfs.core.windows.net/116288240407984/Workspace
26/01/16 13:08:38 WARN DriverActivityLogging$: No activity context found. Skip logging driver event.
26/01/16 13:08:38 WARN DriverActivityLogging$: No activity context found. Skip logging driver event.
26/01/16 13:08:38 WARN DriverActivityLogging$: No activity context found. Skip logging driver event.
26/01/16 13:08:38 WARN DriverActivityLogging$: No activity context found. Skip logging driver event.
26/01/16 13:08:38 WARN DriverActivityLogging$: No activity context found. Skip logging driver event.
26/01/16 13:08:38 INFO InMemoryFileIndex: Start listing leaf files and directories. Size of Paths: 1; threshold: 32
26/01/16 13:08:38 WARN DriverActivityLogging$: No activity context found. Skip logging driver event.
26/01/16 13:08:38 INFO InMemoryFileIndex: Start listing leaf files and directories. Size of Paths: 0; threshold: 32
26/01/16 13:08:38 INFO InMemoryFileIndex: It took 17 ms to list leaf files for 1 paths.
26/01/16 13:08:38 INFO InMemoryFileIndex: [ES-1349004] 943.3 KiB bytes allocated for InMemoryFileIndex.refresh0
26/01/16 13:08:38 INFO SparkContext: Starting job: Spark Connect - session_id: "a9408e72-f784-4414-a94c-48a15c61a2a5"
user_context {
  user_id: "141038968383667"
  user_name: "c0711894@vale.co...
26/01/16 13:08:38 INFO DAGScheduler: Got job 24 (Spark Connect - session_id: "a9408e72-f784-4414-a94c-48a15c61a2a5"
user_context {
  user_id: "141038968383667"
  user_name: "c0711894@vale.co...) with 1 output partitions
26/01/16 13:08:38 INFO DAGScheduler: Final stage: ResultStage 24 (Spark Connect - session_id: "a9408e72-f784-4414-a94c-48a15c61a2a5"
user_context {
  user_id: "141038968383667"
  user_name: "c0711894@vale.co...)
26/01/16 13:08:38 INFO DAGScheduler: Parents of final stage: List()
26/01/16 13:08:38 INFO DAGScheduler: Missing parents: List()
26/01/16 13:08:38 INFO DAGScheduler: Submitting ResultStage 24 (MapPartitionsRDD[49] at Spark Connect - session_id: "a9408e72-f784-4414-a94c-48a15c61a2a5"
user_context {
  user_id: "141038968383667"
  user_name: "c0711894@vale.co...), which has no missing parents
26/01/16 13:08:38 INFO DAGScheduler: Submitting 1 missing tasks from ResultStage 24 (MapPartitionsRDD[49] at Spark Connect - session_id: "a9408e72-f784-4414-a94c-48a15c61a2a5"
user_context {
  user_id: "141038968383667"
  user_name: "c0711894@vale.co...) (first 15 tasks are for partitions Vector(0))
26/01/16 13:08:38 INFO TaskSchedulerImpl: Adding task set 24.0 with 1 tasks resource profile 0
26/01/16 13:08:38 INFO TaskSetManager: TaskSet 24.0 using PreferredLocationsV1
26/01/16 13:08:38 INFO FairSchedulableBuilder: Added task set TaskSet_24.0 tasks to pool 1768568637510
26/01/16 13:08:38 INFO TaskSetManager: Starting task 0.0 in stage 24.0 (TID 24) (10.139.64.10,executor 0, partition 0, PROCESS_LOCAL, 
26/01/16 13:08:38 INFO MemoryStore: Block broadcast_25 stored as values in memory (estimated size 128.6 KiB, free 3.3 GiB)
26/01/16 13:08:38 INFO MemoryStore: Block broadcast_25_piece0 stored as bytes in memory (estimated size 52.8 KiB, free 3.3 GiB)
26/01/16 13:08:38 INFO SparkContext: Created broadcast 25 from broadcast at TaskSetManager.scala:848
26/01/16 13:08:38 INFO TaskSetManager: Finished task 0.0 in stage 24.0 (TID 24) in 57 ms on 10.139.64.10 (executor 0) (1/1)
26/01/16 13:08:38 INFO TaskSchedulerImpl: Removed TaskSet 24.0 whose tasks have all completed, from pool 1768568637510
26/01/16 13:08:38 INFO DAGScheduler: ResultStage 24 (Spark Connect - session_id: "a9408e72-f784-4414-a94c-48a15c61a2a5"
user_context {
  user_id: "141038968383667"
  user_name: "c0711894@vale.co...) finished in 69 ms
26/01/16 13:08:38 INFO DAGScheduler: Job 24 is finished. Cancelling potential speculative or zombie tasks for this job
26/01/16 13:08:38 INFO TaskSchedulerImpl: Canceling stage 24
26/01/16 13:08:38 INFO TaskSchedulerImpl: Killing all running tasks in stage 24: Stage finished
26/01/16 13:08:38 INFO DAGScheduler: Job 24 finished: Spark Connect - session_id: "a9408e72-f784-4414-a94c-48a15c61a2a5"
user_context {
  user_id: "141038968383667"
  user_name: "c0711894@vale.co..., took 85.730243 ms
26/01/16 13:08:38 WARN DataSource: org.apache.spark.sql.sources.DataSourceRegister: com.google.cloud.spark.bigquery.BigQueryRelationProvider Unable to get public no-arg constructor
26/01/16 13:08:38 INFO DbfsReflectionUtilsImpl: Resolved DBFS path InputUri=/Workspace ResolvedPath=abfss://root@dbstoragekduswqmgjq5rc.dfs.core.windows.net/116288240407984/Workspace
26/01/16 13:08:38 WARN DriverActivityLogging$: No activity context found. Skip logging driver event.
26/01/16 13:08:38 WARN DriverActivityLogging$: No activity context found. Skip logging driver event.
26/01/16 13:08:38 WARN DriverActivityLogging$: No activity context found. Skip logging driver event.
26/01/16 13:08:38 WARN DriverActivityLogging$: No activity context found. Skip logging driver event.
26/01/16 13:08:38 WARN DriverActivityLogging$: No activity context found. Skip logging driver event.
26/01/16 13:08:38 INFO InMemoryFileIndex: Start listing leaf files and directories. Size of Paths: 1; threshold: 32
26/01/16 13:08:38 WARN DriverActivityLogging$: No activity context found. Skip logging driver event.
26/01/16 13:08:38 INFO InMemoryFileIndex: Start listing leaf files and directories. Size of Paths: 0; threshold: 32
26/01/16 13:08:38 INFO InMemoryFileIndex: It took 18 ms to list leaf files for 1 paths.
26/01/16 13:08:38 INFO InMemoryFileIndex: [ES-1349004] 944.8 KiB bytes allocated for InMemoryFileIndex.refresh0
26/01/16 13:08:38 INFO SparkContext: Starting job: Spark Connect - session_id: "a9408e72-f784-4414-a94c-48a15c61a2a5"
user_context {
  user_id: "141038968383667"
  user_name: "c0711894@vale.co...
26/01/16 13:08:38 INFO DAGScheduler: Got job 25 (Spark Connect - session_id: "a9408e72-f784-4414-a94c-48a15c61a2a5"
user_context {
  user_id: "141038968383667"
  user_name: "c0711894@vale.co...) with 1 output partitions
26/01/16 13:08:38 INFO DAGScheduler: Final stage: ResultStage 25 (Spark Connect - session_id: "a9408e72-f784-4414-a94c-48a15c61a2a5"
user_context {
  user_id: "141038968383667"
  user_name: "c0711894@vale.co...)
26/01/16 13:08:38 INFO DAGScheduler: Parents of final stage: List()
26/01/16 13:08:38 INFO DAGScheduler: Missing parents: List()
26/01/16 13:08:38 INFO DAGScheduler: Submitting ResultStage 25 (MapPartitionsRDD[51] at Spark Connect - session_id: "a9408e72-f784-4414-a94c-48a15c61a2a5"
user_context {
  user_id: "141038968383667"
  user_name: "c0711894@vale.co...), which has no missing parents
26/01/16 13:08:38 INFO DAGScheduler: Submitting 1 missing tasks from ResultStage 25 (MapPartitionsRDD[51] at Spark Connect - session_id: "a9408e72-f784-4414-a94c-48a15c61a2a5"
user_context {
  user_id: "141038968383667"
  user_name: "c0711894@vale.co...) (first 15 tasks are for partitions Vector(0))
26/01/16 13:08:38 INFO TaskSchedulerImpl: Adding task set 25.0 with 1 tasks resource profile 0
26/01/16 13:08:38 INFO TaskSetManager: TaskSet 25.0 using PreferredLocationsV1
26/01/16 13:08:38 INFO FairSchedulableBuilder: Added task set TaskSet_25.0 tasks to pool 1768568637510
26/01/16 13:08:38 INFO TaskSetManager: Starting task 0.0 in stage 25.0 (TID 25) (10.139.64.10,executor 0, partition 0, PROCESS_LOCAL, 
26/01/16 13:08:38 INFO MemoryStore: Block broadcast_26 stored as values in memory (estimated size 128.6 KiB, free 3.3 GiB)
26/01/16 13:08:38 INFO MemoryStore: Block broadcast_26_piece0 stored as bytes in memory (estimated size 52.8 KiB, free 3.3 GiB)
26/01/16 13:08:38 INFO SparkContext: Created broadcast 26 from broadcast at TaskSetManager.scala:848
26/01/16 13:08:38 INFO TaskSetManager: Finished task 0.0 in stage 25.0 (TID 25) in 63 ms on 10.139.64.10 (executor 0) (1/1)
26/01/16 13:08:38 INFO TaskSchedulerImpl: Removed TaskSet 25.0 whose tasks have all completed, from pool 1768568637510
26/01/16 13:08:38 INFO DAGScheduler: ResultStage 25 (Spark Connect - session_id: "a9408e72-f784-4414-a94c-48a15c61a2a5"
user_context {
  user_id: "141038968383667"
  user_name: "c0711894@vale.co...) finished in 73 ms
26/01/16 13:08:38 INFO DAGScheduler: Job 25 is finished. Cancelling potential speculative or zombie tasks for this job
26/01/16 13:08:38 INFO TaskSchedulerImpl: Canceling stage 25
26/01/16 13:08:38 INFO TaskSchedulerImpl: Killing all running tasks in stage 25: Stage finished
26/01/16 13:08:38 INFO DAGScheduler: Job 25 finished: Spark Connect - session_id: "a9408e72-f784-4414-a94c-48a15c61a2a5"
user_context {
  user_id: "141038968383667"
  user_name: "c0711894@vale.co..., took 82.398837 ms
26/01/16 13:08:38 WARN DataSource: org.apache.spark.sql.sources.DataSourceRegister: com.google.cloud.spark.bigquery.BigQueryRelationProvider Unable to get public no-arg constructor
26/01/16 13:08:38 INFO DbfsReflectionUtilsImpl: Resolved DBFS path InputUri=/Workspace ResolvedPath=abfss://root@dbstoragekduswqmgjq5rc.dfs.core.windows.net/116288240407984/Workspace
26/01/16 13:08:38 WARN DriverActivityLogging$: No activity context found. Skip logging driver event.
26/01/16 13:08:38 WARN DriverActivityLogging$: No activity context found. Skip logging driver event.
26/01/16 13:08:38 WARN DriverActivityLogging$: No activity context found. Skip logging driver event.
26/01/16 13:08:38 WARN DriverActivityLogging$: No activity context found. Skip logging driver event.
26/01/16 13:08:38 WARN DriverActivityLogging$: No activity context found. Skip logging driver event.
26/01/16 13:08:38 INFO InMemoryFileIndex: Start listing leaf files and directories. Size of Paths: 1; threshold: 32
26/01/16 13:08:38 WARN DriverActivityLogging$: No activity context found. Skip logging driver event.
26/01/16 13:08:38 INFO InMemoryFileIndex: Start listing leaf files and directories. Size of Paths: 0; threshold: 32
26/01/16 13:08:38 INFO InMemoryFileIndex: It took 19 ms to list leaf files for 1 paths.
26/01/16 13:08:38 INFO InMemoryFileIndex: [ES-1349004] 940.2 KiB bytes allocated for InMemoryFileIndex.refresh0
26/01/16 13:08:38 INFO SparkContext: Starting job: Spark Connect - session_id: "a9408e72-f784-4414-a94c-48a15c61a2a5"
user_context {
  user_id: "141038968383667"
  user_name: "c0711894@vale.co...
26/01/16 13:08:38 INFO DAGScheduler: Got job 26 (Spark Connect - session_id: "a9408e72-f784-4414-a94c-48a15c61a2a5"
user_context {
  user_id: "141038968383667"
  user_name: "c0711894@vale.co...) with 1 output partitions
26/01/16 13:08:38 INFO DAGScheduler: Final stage: ResultStage 26 (Spark Connect - session_id: "a9408e72-f784-4414-a94c-48a15c61a2a5"
user_context {
  user_id: "141038968383667"
  user_name: "c0711894@vale.co...)
26/01/16 13:08:38 INFO DAGScheduler: Parents of final stage: List()
26/01/16 13:08:38 INFO DAGScheduler: Missing parents: List()
26/01/16 13:08:38 INFO DAGScheduler: Submitting ResultStage 26 (MapPartitionsRDD[53] at Spark Connect - session_id: "a9408e72-f784-4414-a94c-48a15c61a2a5"
user_context {
  user_id: "141038968383667"
  user_name: "c0711894@vale.co...), which has no missing parents
26/01/16 13:08:38 INFO DAGScheduler: Submitting 1 missing tasks from ResultStage 26 (MapPartitionsRDD[53] at Spark Connect - session_id: "a9408e72-f784-4414-a94c-48a15c61a2a5"
user_context {
  user_id: "141038968383667"
  user_name: "c0711894@vale.co...) (first 15 tasks are for partitions Vector(0))
26/01/16 13:08:38 INFO TaskSchedulerImpl: Adding task set 26.0 with 1 tasks resource profile 0
26/01/16 13:08:38 INFO TaskSetManager: TaskSet 26.0 using PreferredLocationsV1
26/01/16 13:08:38 INFO FairSchedulableBuilder: Added task set TaskSet_26.0 tasks to pool 1768568637510
26/01/16 13:08:38 INFO TaskSetManager: Starting task 0.0 in stage 26.0 (TID 26) (10.139.64.10,executor 0, partition 0, PROCESS_LOCAL, 
26/01/16 13:08:38 INFO MemoryStore: Block broadcast_27 stored as values in memory (estimated size 128.6 KiB, free 3.3 GiB)
26/01/16 13:08:38 INFO MemoryStore: Block broadcast_27_piece0 stored as bytes in memory (estimated size 52.8 KiB, free 3.3 GiB)
26/01/16 13:08:38 INFO SparkContext: Created broadcast 27 from broadcast at TaskSetManager.scala:848
26/01/16 13:08:38 INFO TaskSetManager: Finished task 0.0 in stage 26.0 (TID 26) in 55 ms on 10.139.64.10 (executor 0) (1/1)
26/01/16 13:08:38 INFO TaskSchedulerImpl: Removed TaskSet 26.0 whose tasks have all completed, from pool 1768568637510
26/01/16 13:08:38 INFO DAGScheduler: ResultStage 26 (Spark Connect - session_id: "a9408e72-f784-4414-a94c-48a15c61a2a5"
user_context {
  user_id: "141038968383667"
  user_name: "c0711894@vale.co...) finished in 62 ms
26/01/16 13:08:38 INFO DAGScheduler: Job 26 is finished. Cancelling potential speculative or zombie tasks for this job
26/01/16 13:08:38 INFO TaskSchedulerImpl: Canceling stage 26
26/01/16 13:08:38 INFO TaskSchedulerImpl: Killing all running tasks in stage 26: Stage finished
26/01/16 13:08:38 INFO DAGScheduler: Job 26 finished: Spark Connect - session_id: "a9408e72-f784-4414-a94c-48a15c61a2a5"
user_context {
  user_id: "141038968383667"
  user_name: "c0711894@vale.co..., took 71.131318 ms
26/01/16 13:08:38 WARN DataSource: org.apache.spark.sql.sources.DataSourceRegister: com.google.cloud.spark.bigquery.BigQueryRelationProvider Unable to get public no-arg constructor
26/01/16 13:08:38 INFO DbfsReflectionUtilsImpl: Resolved DBFS path InputUri=/Workspace ResolvedPath=abfss://root@dbstoragekduswqmgjq5rc.dfs.core.windows.net/116288240407984/Workspace
26/01/16 13:08:38 WARN DriverActivityLogging$: No activity context found. Skip logging driver event.
26/01/16 13:08:38 WARN DriverActivityLogging$: No activity context found. Skip logging driver event.
26/01/16 13:08:38 WARN DriverActivityLogging$: No activity context found. Skip logging driver event.
26/01/16 13:08:38 WARN DriverActivityLogging$: No activity context found. Skip logging driver event.
26/01/16 13:08:38 WARN DriverActivityLogging$: No activity context found. Skip logging driver event.
26/01/16 13:08:38 INFO InMemoryFileIndex: Start listing leaf files and directories. Size of Paths: 1; threshold: 32
26/01/16 13:08:38 WARN DriverActivityLogging$: No activity context found. Skip logging driver event.
26/01/16 13:08:38 INFO InMemoryFileIndex: Start listing leaf files and directories. Size of Paths: 0; threshold: 32
26/01/16 13:08:38 INFO InMemoryFileIndex: It took 22 ms to list leaf files for 1 paths.
26/01/16 13:08:38 INFO InMemoryFileIndex: [ES-1349004] 949.2 KiB bytes allocated for InMemoryFileIndex.refresh0
26/01/16 13:08:38 INFO SparkContext: Starting job: Spark Connect - session_id: "a9408e72-f784-4414-a94c-48a15c61a2a5"
user_context {
  user_id: "141038968383667"
  user_name: "c0711894@vale.co...
26/01/16 13:08:38 INFO DAGScheduler: Got job 27 (Spark Connect - session_id: "a9408e72-f784-4414-a94c-48a15c61a2a5"
user_context {
  user_id: "141038968383667"
  user_name: "c0711894@vale.co...) with 1 output partitions
26/01/16 13:08:38 INFO DAGScheduler: Final stage: ResultStage 27 (Spark Connect - session_id: "a9408e72-f784-4414-a94c-48a15c61a2a5"
user_context {
  user_id: "141038968383667"
  user_name: "c0711894@vale.co...)
26/01/16 13:08:38 INFO DAGScheduler: Parents of final stage: List()
26/01/16 13:08:38 INFO DAGScheduler: Missing parents: List()
26/01/16 13:08:38 INFO DAGScheduler: Submitting ResultStage 27 (MapPartitionsRDD[55] at Spark Connect - session_id: "a9408e72-f784-4414-a94c-48a15c61a2a5"
user_context {
  user_id: "141038968383667"
  user_name: "c0711894@vale.co...), which has no missing parents
26/01/16 13:08:38 INFO DAGScheduler: Submitting 1 missing tasks from ResultStage 27 (MapPartitionsRDD[55] at Spark Connect - session_id: "a9408e72-f784-4414-a94c-48a15c61a2a5"
user_context {
  user_id: "141038968383667"
  user_name: "c0711894@vale.co...) (first 15 tasks are for partitions Vector(0))
26/01/16 13:08:38 INFO TaskSchedulerImpl: Adding task set 27.0 with 1 tasks resource profile 0
26/01/16 13:08:38 INFO TaskSetManager: TaskSet 27.0 using PreferredLocationsV1
26/01/16 13:08:38 INFO FairSchedulableBuilder: Added task set TaskSet_27.0 tasks to pool 1768568637510
26/01/16 13:08:38 INFO TaskSetManager: Starting task 0.0 in stage 27.0 (TID 27) (10.139.64.10,executor 0, partition 0, PROCESS_LOCAL, 
26/01/16 13:08:38 INFO MemoryStore: Block broadcast_28 stored as values in memory (estimated size 128.6 KiB, free 3.3 GiB)
26/01/16 13:08:38 INFO MemoryStore: Block broadcast_28_piece0 stored as bytes in memory (estimated size 52.8 KiB, free 3.3 GiB)
26/01/16 13:08:38 INFO SparkContext: Created broadcast 28 from broadcast at TaskSetManager.scala:848
26/01/16 13:08:38 INFO TaskSetManager: Finished task 0.0 in stage 27.0 (TID 27) in 74 ms on 10.139.64.10 (executor 0) (1/1)
26/01/16 13:08:38 INFO TaskSchedulerImpl: Removed TaskSet 27.0 whose tasks have all completed, from pool 1768568637510
26/01/16 13:08:38 INFO DAGScheduler: ResultStage 27 (Spark Connect - session_id: "a9408e72-f784-4414-a94c-48a15c61a2a5"
user_context {
  user_id: "141038968383667"
  user_name: "c0711894@vale.co...) finished in 84 ms
26/01/16 13:08:38 INFO DAGScheduler: Job 27 is finished. Cancelling potential speculative or zombie tasks for this job
26/01/16 13:08:38 INFO TaskSchedulerImpl: Canceling stage 27
26/01/16 13:08:38 INFO TaskSchedulerImpl: Killing all running tasks in stage 27: Stage finished
26/01/16 13:08:38 INFO DAGScheduler: Job 27 finished: Spark Connect - session_id: "a9408e72-f784-4414-a94c-48a15c61a2a5"
user_context {
  user_id: "141038968383667"
  user_name: "c0711894@vale.co..., took 89.84925 ms
26/01/16 13:08:38 WARN DataSource: org.apache.spark.sql.sources.DataSourceRegister: com.google.cloud.spark.bigquery.BigQueryRelationProvider Unable to get public no-arg constructor
26/01/16 13:08:38 INFO DbfsReflectionUtilsImpl: Resolved DBFS path InputUri=/Workspace ResolvedPath=abfss://root@dbstoragekduswqmgjq5rc.dfs.core.windows.net/116288240407984/Workspace
26/01/16 13:08:38 WARN DriverActivityLogging$: No activity context found. Skip logging driver event.
26/01/16 13:08:39 WARN DriverActivityLogging$: No activity context found. Skip logging driver event.
26/01/16 13:08:39 WARN DriverActivityLogging$: No activity context found. Skip logging driver event.
26/01/16 13:08:39 WARN DriverActivityLogging$: No activity context found. Skip logging driver event.
26/01/16 13:08:39 WARN DriverActivityLogging$: No activity context found. Skip logging driver event.
26/01/16 13:08:39 INFO InMemoryFileIndex: Start listing leaf files and directories. Size of Paths: 1; threshold: 32
26/01/16 13:08:39 WARN DriverActivityLogging$: No activity context found. Skip logging driver event.
26/01/16 13:08:39 INFO LogInterceptor: RPC spark.connect.SparkConnectService/ExecutePlan (1462442471) [ExecutePlanResponse]: sessionId: a9408e72-f784-4414-a94c-48a15c61a2a5, serverSideSessionId: 26b20359-cf6e-401c-83bf-84c101c974f2, operationId: 9a23c9e8-d7c3-4c5a-8196-65fa16d5924f, responseId: f90bedb4-94a1-4343-8589-2c36be001127
26/01/16 13:08:39 INFO LogInterceptor: RPC spark.connect.SparkConnectService/ExecutePlan (1462442471) [ExecutePlanResponse]: sessionId: a9408e72-f784-4414-a94c-48a15c61a2a5, serverSideSessionId: 26b20359-cf6e-401c-83bf-84c101c974f2, operationId: 9a23c9e8-d7c3-4c5a-8196-65fa16d5924f, responseId: e24a4ed4-34c9-419c-881b-1f6fb22a70f4
26/01/16 13:08:39 INFO InMemoryFileIndex: Start listing leaf files and directories. Size of Paths: 0; threshold: 32
26/01/16 13:08:39 INFO InMemoryFileIndex: It took 40 ms to list leaf files for 1 paths.
26/01/16 13:08:39 INFO InMemoryFileIndex: [ES-1349004] 938.3 KiB bytes allocated for InMemoryFileIndex.refresh0
26/01/16 13:08:39 INFO SparkContext: Starting job: Spark Connect - session_id: "a9408e72-f784-4414-a94c-48a15c61a2a5"
user_context {
  user_id: "141038968383667"
  user_name: "c0711894@vale.co...
26/01/16 13:08:39 INFO DAGScheduler: Got job 28 (Spark Connect - session_id: "a9408e72-f784-4414-a94c-48a15c61a2a5"
user_context {
  user_id: "141038968383667"
  user_name: "c0711894@vale.co...) with 1 output partitions
26/01/16 13:08:39 INFO DAGScheduler: Final stage: ResultStage 28 (Spark Connect - session_id: "a9408e72-f784-4414-a94c-48a15c61a2a5"
user_context {
  user_id: "141038968383667"
  user_name: "c0711894@vale.co...)
26/01/16 13:08:39 INFO DAGScheduler: Parents of final stage: List()
26/01/16 13:08:39 INFO DAGScheduler: Missing parents: List()
26/01/16 13:08:39 INFO DAGScheduler: Submitting ResultStage 28 (MapPartitionsRDD[57] at Spark Connect - session_id: "a9408e72-f784-4414-a94c-48a15c61a2a5"
user_context {
  user_id: "141038968383667"
  user_name: "c0711894@vale.co...), which has no missing parents
26/01/16 13:08:39 INFO DAGScheduler: Submitting 1 missing tasks from ResultStage 28 (MapPartitionsRDD[57] at Spark Connect - session_id: "a9408e72-f784-4414-a94c-48a15c61a2a5"
user_context {
  user_id: "141038968383667"
  user_name: "c0711894@vale.co...) (first 15 tasks are for partitions Vector(0))
26/01/16 13:08:39 INFO TaskSchedulerImpl: Adding task set 28.0 with 1 tasks resource profile 0
26/01/16 13:08:39 INFO TaskSetManager: TaskSet 28.0 using PreferredLocationsV1
26/01/16 13:08:39 INFO FairSchedulableBuilder: Added task set TaskSet_28.0 tasks to pool 1768568637510
26/01/16 13:08:39 INFO TaskSetManager: Starting task 0.0 in stage 28.0 (TID 28) (10.139.64.10,executor 0, partition 0, PROCESS_LOCAL, 
26/01/16 13:08:39 INFO MemoryStore: Block broadcast_29 stored as values in memory (estimated size 128.6 KiB, free 3.3 GiB)
26/01/16 13:08:39 INFO MemoryStore: Block broadcast_29_piece0 stored as bytes in memory (estimated size 52.8 KiB, free 3.3 GiB)
26/01/16 13:08:39 INFO SparkContext: Created broadcast 29 from broadcast at TaskSetManager.scala:848
26/01/16 13:08:39 INFO TaskSetManager: Finished task 0.0 in stage 28.0 (TID 28) in 111 ms on 10.139.64.10 (executor 0) (1/1)
26/01/16 13:08:39 INFO TaskSchedulerImpl: Removed TaskSet 28.0 whose tasks have all completed, from pool 1768568637510
26/01/16 13:08:39 INFO DAGScheduler: ResultStage 28 (Spark Connect - session_id: "a9408e72-f784-4414-a94c-48a15c61a2a5"
user_context {
  user_id: "141038968383667"
  user_name: "c0711894@vale.co...) finished in 123 ms
26/01/16 13:08:39 INFO DAGScheduler: Job 28 is finished. Cancelling potential speculative or zombie tasks for this job
26/01/16 13:08:39 INFO TaskSchedulerImpl: Canceling stage 28
26/01/16 13:08:39 INFO TaskSchedulerImpl: Killing all running tasks in stage 28: Stage finished
26/01/16 13:08:39 INFO DAGScheduler: Job 28 finished: Spark Connect - session_id: "a9408e72-f784-4414-a94c-48a15c61a2a5"
user_context {
  user_id: "141038968383667"
  user_name: "c0711894@vale.co..., took 132.135621 ms
26/01/16 13:08:39 WARN DataSource: org.apache.spark.sql.sources.DataSourceRegister: com.google.cloud.spark.bigquery.BigQueryRelationProvider Unable to get public no-arg constructor
26/01/16 13:08:39 INFO DbfsReflectionUtilsImpl: Resolved DBFS path InputUri=/Workspace ResolvedPath=abfss://root@dbstoragekduswqmgjq5rc.dfs.core.windows.net/116288240407984/Workspace
26/01/16 13:08:39 WARN DriverActivityLogging$: No activity context found. Skip logging driver event.
26/01/16 13:08:39 WARN DriverActivityLogging$: No activity context found. Skip logging driver event.
26/01/16 13:08:39 WARN DriverActivityLogging$: No activity context found. Skip logging driver event.
26/01/16 13:08:39 WARN DriverActivityLogging$: No activity context found. Skip logging driver event.
26/01/16 13:08:39 WARN DriverActivityLogging$: No activity context found. Skip logging driver event.
26/01/16 13:08:39 INFO InMemoryFileIndex: Start listing leaf files and directories. Size of Paths: 1; threshold: 32
26/01/16 13:08:39 WARN DriverActivityLogging$: No activity context found. Skip logging driver event.
26/01/16 13:08:39 INFO InMemoryFileIndex: Start listing leaf files and directories. Size of Paths: 0; threshold: 32
26/01/16 13:08:39 INFO InMemoryFileIndex: It took 18 ms to list leaf files for 1 paths.
26/01/16 13:08:39 INFO InMemoryFileIndex: [ES-1349004] 939.1 KiB bytes allocated for InMemoryFileIndex.refresh0
26/01/16 13:08:39 INFO SparkContext: Starting job: Spark Connect - session_id: "a9408e72-f784-4414-a94c-48a15c61a2a5"
user_context {
  user_id: "141038968383667"
  user_name: "c0711894@vale.co...
26/01/16 13:08:39 INFO DAGScheduler: Got job 29 (Spark Connect - session_id: "a9408e72-f784-4414-a94c-48a15c61a2a5"
user_context {
  user_id: "141038968383667"
  user_name: "c0711894@vale.co...) with 1 output partitions
26/01/16 13:08:39 INFO DAGScheduler: Final stage: ResultStage 29 (Spark Connect - session_id: "a9408e72-f784-4414-a94c-48a15c61a2a5"
user_context {
  user_id: "141038968383667"
  user_name: "c0711894@vale.co...)
26/01/16 13:08:39 INFO DAGScheduler: Parents of final stage: List()
26/01/16 13:08:39 INFO DAGScheduler: Missing parents: List()
26/01/16 13:08:39 INFO DAGScheduler: Submitting ResultStage 29 (MapPartitionsRDD[59] at Spark Connect - session_id: "a9408e72-f784-4414-a94c-48a15c61a2a5"
user_context {
  user_id: "141038968383667"
  user_name: "c0711894@vale.co...), which has no missing parents
26/01/16 13:08:39 INFO DAGScheduler: Submitting 1 missing tasks from ResultStage 29 (MapPartitionsRDD[59] at Spark Connect - session_id: "a9408e72-f784-4414-a94c-48a15c61a2a5"
user_context {
  user_id: "141038968383667"
  user_name: "c0711894@vale.co...) (first 15 tasks are for partitions Vector(0))
26/01/16 13:08:39 INFO TaskSchedulerImpl: Adding task set 29.0 with 1 tasks resource profile 0
26/01/16 13:08:39 INFO TaskSetManager: TaskSet 29.0 using PreferredLocationsV1
26/01/16 13:08:39 INFO FairSchedulableBuilder: Added task set TaskSet_29.0 tasks to pool 1768568637510
26/01/16 13:08:39 INFO TaskSetManager: Starting task 0.0 in stage 29.0 (TID 29) (10.139.64.10,executor 0, partition 0, PROCESS_LOCAL, 
26/01/16 13:08:39 INFO MemoryStore: Block broadcast_30 stored as values in memory (estimated size 128.6 KiB, free 3.3 GiB)
26/01/16 13:08:39 INFO MemoryStore: Block broadcast_30_piece0 stored as bytes in memory (estimated size 52.8 KiB, free 3.3 GiB)
26/01/16 13:08:39 INFO SparkContext: Created broadcast 30 from broadcast at TaskSetManager.scala:848
26/01/16 13:08:39 INFO TaskSetManager: Finished task 0.0 in stage 29.0 (TID 29) in 56 ms on 10.139.64.10 (executor 0) (1/1)
26/01/16 13:08:39 INFO TaskSchedulerImpl: Removed TaskSet 29.0 whose tasks have all completed, from pool 1768568637510
26/01/16 13:08:39 INFO DAGScheduler: ResultStage 29 (Spark Connect - session_id: "a9408e72-f784-4414-a94c-48a15c61a2a5"
user_context {
  user_id: "141038968383667"
  user_name: "c0711894@vale.co...) finished in 68 ms
26/01/16 13:08:39 INFO DAGScheduler: Job 29 is finished. Cancelling potential speculative or zombie tasks for this job
26/01/16 13:08:39 INFO TaskSchedulerImpl: Canceling stage 29
26/01/16 13:08:39 INFO TaskSchedulerImpl: Killing all running tasks in stage 29: Stage finished
26/01/16 13:08:39 INFO DAGScheduler: Job 29 finished: Spark Connect - session_id: "a9408e72-f784-4414-a94c-48a15c61a2a5"
user_context {
  user_id: "141038968383667"
  user_name: "c0711894@vale.co..., took 78.15433 ms
26/01/16 13:08:39 WARN DataSource: org.apache.spark.sql.sources.DataSourceRegister: com.google.cloud.spark.bigquery.BigQueryRelationProvider Unable to get public no-arg constructor
26/01/16 13:08:39 INFO DbfsReflectionUtilsImpl: Resolved DBFS path InputUri=/Workspace ResolvedPath=abfss://root@dbstoragekduswqmgjq5rc.dfs.core.windows.net/116288240407984/Workspace
26/01/16 13:08:39 WARN DriverActivityLogging$: No activity context found. Skip logging driver event.
26/01/16 13:08:39 WARN DriverActivityLogging$: No activity context found. Skip logging driver event.
26/01/16 13:08:39 WARN DriverActivityLogging$: No activity context found. Skip logging driver event.
26/01/16 13:08:39 WARN DriverActivityLogging$: No activity context found. Skip logging driver event.
26/01/16 13:08:39 WARN DriverActivityLogging$: No activity context found. Skip logging driver event.
26/01/16 13:08:39 INFO InMemoryFileIndex: Start listing leaf files and directories. Size of Paths: 1; threshold: 32
26/01/16 13:08:39 WARN DriverActivityLogging$: No activity context found. Skip logging driver event.
26/01/16 13:08:39 INFO InMemoryFileIndex: Start listing leaf files and directories. Size of Paths: 0; threshold: 32
26/01/16 13:08:39 INFO InMemoryFileIndex: It took 18 ms to list leaf files for 1 paths.
26/01/16 13:08:39 INFO InMemoryFileIndex: [ES-1349004] 937.2 KiB bytes allocated for InMemoryFileIndex.refresh0
26/01/16 13:08:39 INFO SparkContext: Starting job: Spark Connect - session_id: "a9408e72-f784-4414-a94c-48a15c61a2a5"
user_context {
  user_id: "141038968383667"
  user_name: "c0711894@vale.co...
26/01/16 13:08:39 INFO DAGScheduler: Got job 30 (Spark Connect - session_id: "a9408e72-f784-4414-a94c-48a15c61a2a5"
user_context {
  user_id: "141038968383667"
  user_name: "c0711894@vale.co...) with 1 output partitions
26/01/16 13:08:39 INFO DAGScheduler: Final stage: ResultStage 30 (Spark Connect - session_id: "a9408e72-f784-4414-a94c-48a15c61a2a5"
user_context {
  user_id: "141038968383667"
  user_name: "c0711894@vale.co...)
26/01/16 13:08:39 INFO DAGScheduler: Parents of final stage: List()
26/01/16 13:08:39 INFO DAGScheduler: Missing parents: List()
26/01/16 13:08:39 INFO DAGScheduler: Submitting ResultStage 30 (MapPartitionsRDD[61] at Spark Connect - session_id: "a9408e72-f784-4414-a94c-48a15c61a2a5"
user_context {
  user_id: "141038968383667"
  user_name: "c0711894@vale.co...), which has no missing parents
26/01/16 13:08:39 INFO DAGScheduler: Submitting 1 missing tasks from ResultStage 30 (MapPartitionsRDD[61] at Spark Connect - session_id: "a9408e72-f784-4414-a94c-48a15c61a2a5"
user_context {
  user_id: "141038968383667"
  user_name: "c0711894@vale.co...) (first 15 tasks are for partitions Vector(0))
26/01/16 13:08:39 INFO TaskSchedulerImpl: Adding task set 30.0 with 1 tasks resource profile 0
26/01/16 13:08:39 INFO TaskSetManager: TaskSet 30.0 using PreferredLocationsV1
26/01/16 13:08:39 INFO FairSchedulableBuilder: Added task set TaskSet_30.0 tasks to pool 1768568637510
26/01/16 13:08:39 INFO TaskSetManager: Starting task 0.0 in stage 30.0 (TID 30) (10.139.64.10,executor 0, partition 0, PROCESS_LOCAL, 
26/01/16 13:08:39 INFO MemoryStore: Block broadcast_31 stored as values in memory (estimated size 128.6 KiB, free 3.3 GiB)
26/01/16 13:08:39 INFO MemoryStore: Block broadcast_31_piece0 stored as bytes in memory (estimated size 52.8 KiB, free 3.3 GiB)
26/01/16 13:08:39 INFO SparkContext: Created broadcast 31 from broadcast at TaskSetManager.scala:848
26/01/16 13:08:39 INFO TaskSetManager: Finished task 0.0 in stage 30.0 (TID 30) in 82 ms on 10.139.64.10 (executor 0) (1/1)
26/01/16 13:08:39 INFO TaskSchedulerImpl: Removed TaskSet 30.0 whose tasks have all completed, from pool 1768568637510
26/01/16 13:08:39 INFO DAGScheduler: ResultStage 30 (Spark Connect - session_id: "a9408e72-f784-4414-a94c-48a15c61a2a5"
user_context {
  user_id: "141038968383667"
  user_name: "c0711894@vale.co...) finished in 89 ms
26/01/16 13:08:39 INFO DAGScheduler: Job 30 is finished. Cancelling potential speculative or zombie tasks for this job
26/01/16 13:08:39 INFO TaskSchedulerImpl: Canceling stage 30
26/01/16 13:08:39 INFO TaskSchedulerImpl: Killing all running tasks in stage 30: Stage finished
26/01/16 13:08:39 INFO DAGScheduler: Job 30 finished: Spark Connect - session_id: "a9408e72-f784-4414-a94c-48a15c61a2a5"
user_context {
  user_id: "141038968383667"
  user_name: "c0711894@vale.co..., took 97.755563 ms
26/01/16 13:08:39 WARN DataSource: org.apache.spark.sql.sources.DataSourceRegister: com.google.cloud.spark.bigquery.BigQueryRelationProvider Unable to get public no-arg constructor
26/01/16 13:08:39 INFO DbfsReflectionUtilsImpl: Resolved DBFS path InputUri=/Workspace ResolvedPath=abfss://root@dbstoragekduswqmgjq5rc.dfs.core.windows.net/116288240407984/Workspace
26/01/16 13:08:39 WARN DriverActivityLogging$: No activity context found. Skip logging driver event.
26/01/16 13:08:39 WARN DriverActivityLogging$: No activity context found. Skip logging driver event.
26/01/16 13:08:39 WARN DriverActivityLogging$: No activity context found. Skip logging driver event.
26/01/16 13:08:39 WARN DriverActivityLogging$: No activity context found. Skip logging driver event.
26/01/16 13:08:39 WARN DriverActivityLogging$: No activity context found. Skip logging driver event.
26/01/16 13:08:39 INFO InMemoryFileIndex: Start listing leaf files and directories. Size of Paths: 1; threshold: 32
26/01/16 13:08:39 WARN DriverActivityLogging$: No activity context found. Skip logging driver event.
26/01/16 13:08:39 INFO InMemoryFileIndex: Start listing leaf files and directories. Size of Paths: 0; threshold: 32
26/01/16 13:08:39 INFO InMemoryFileIndex: It took 19 ms to list leaf files for 1 paths.
26/01/16 13:08:39 INFO InMemoryFileIndex: [ES-1349004] 941.4 KiB bytes allocated for InMemoryFileIndex.refresh0
26/01/16 13:08:39 INFO SparkContext: Starting job: Spark Connect - session_id: "a9408e72-f784-4414-a94c-48a15c61a2a5"
user_context {
  user_id: "141038968383667"
  user_name: "c0711894@vale.co...
26/01/16 13:08:39 INFO DAGScheduler: Got job 31 (Spark Connect - session_id: "a9408e72-f784-4414-a94c-48a15c61a2a5"
user_context {
  user_id: "141038968383667"
  user_name: "c0711894@vale.co...) with 1 output partitions
26/01/16 13:08:39 INFO DAGScheduler: Final stage: ResultStage 31 (Spark Connect - session_id: "a9408e72-f784-4414-a94c-48a15c61a2a5"
user_context {
  user_id: "141038968383667"
  user_name: "c0711894@vale.co...)
26/01/16 13:08:39 INFO DAGScheduler: Parents of final stage: List()
26/01/16 13:08:39 INFO DAGScheduler: Missing parents: List()
26/01/16 13:08:39 INFO DAGScheduler: Submitting ResultStage 31 (MapPartitionsRDD[63] at Spark Connect - session_id: "a9408e72-f784-4414-a94c-48a15c61a2a5"
user_context {
  user_id: "141038968383667"
  user_name: "c0711894@vale.co...), which has no missing parents
26/01/16 13:08:39 INFO DAGScheduler: Submitting 1 missing tasks from ResultStage 31 (MapPartitionsRDD[63] at Spark Connect - session_id: "a9408e72-f784-4414-a94c-48a15c61a2a5"
user_context {
  user_id: "141038968383667"
  user_name: "c0711894@vale.co...) (first 15 tasks are for partitions Vector(0))
26/01/16 13:08:39 INFO TaskSchedulerImpl: Adding task set 31.0 with 1 tasks resource profile 0
26/01/16 13:08:39 INFO TaskSetManager: TaskSet 31.0 using PreferredLocationsV1
26/01/16 13:08:39 INFO FairSchedulableBuilder: Added task set TaskSet_31.0 tasks to pool 1768568637510
26/01/16 13:08:39 INFO TaskSetManager: Starting task 0.0 in stage 31.0 (TID 31) (10.139.64.10,executor 0, partition 0, PROCESS_LOCAL, 
26/01/16 13:08:39 INFO MemoryStore: Block broadcast_32 stored as values in memory (estimated size 128.6 KiB, free 3.3 GiB)
26/01/16 13:08:39 INFO MemoryStore: Block broadcast_32_piece0 stored as bytes in memory (estimated size 52.8 KiB, free 3.3 GiB)
26/01/16 13:08:39 INFO SparkContext: Created broadcast 32 from broadcast at TaskSetManager.scala:848
26/01/16 13:08:39 INFO TaskSetManager: Finished task 0.0 in stage 31.0 (TID 31) in 63 ms on 10.139.64.10 (executor 0) (1/1)
26/01/16 13:08:39 INFO TaskSchedulerImpl: Removed TaskSet 31.0 whose tasks have all completed, from pool 1768568637510
26/01/16 13:08:39 INFO DAGScheduler: ResultStage 31 (Spark Connect - session_id: "a9408e72-f784-4414-a94c-48a15c61a2a5"
user_context {
  user_id: "141038968383667"
  user_name: "c0711894@vale.co...) finished in 71 ms
26/01/16 13:08:39 INFO DAGScheduler: Job 31 is finished. Cancelling potential speculative or zombie tasks for this job
26/01/16 13:08:39 INFO TaskSchedulerImpl: Canceling stage 31
26/01/16 13:08:39 INFO TaskSchedulerImpl: Killing all running tasks in stage 31: Stage finished
26/01/16 13:08:39 INFO DAGScheduler: Job 31 finished: Spark Connect - session_id: "a9408e72-f784-4414-a94c-48a15c61a2a5"
user_context {
  user_id: "141038968383667"
  user_name: "c0711894@vale.co..., took 86.455344 ms
26/01/16 13:08:39 WARN DataSource: org.apache.spark.sql.sources.DataSourceRegister: com.google.cloud.spark.bigquery.BigQueryRelationProvider Unable to get public no-arg constructor
26/01/16 13:08:39 INFO DbfsReflectionUtilsImpl: Resolved DBFS path InputUri=/Workspace ResolvedPath=abfss://root@dbstoragekduswqmgjq5rc.dfs.core.windows.net/116288240407984/Workspace
26/01/16 13:08:39 WARN DriverActivityLogging$: No activity context found. Skip logging driver event.
26/01/16 13:08:39 WARN DriverActivityLogging$: No activity context found. Skip logging driver event.
26/01/16 13:08:39 WARN DriverActivityLogging$: No activity context found. Skip logging driver event.
26/01/16 13:08:39 WARN DriverActivityLogging$: No activity context found. Skip logging driver event.
26/01/16 13:08:39 WARN DriverActivityLogging$: No activity context found. Skip logging driver event.
26/01/16 13:08:39 INFO InMemoryFileIndex: Start listing leaf files and directories. Size of Paths: 1; threshold: 32
26/01/16 13:08:39 WARN DriverActivityLogging$: No activity context found. Skip logging driver event.
26/01/16 13:08:40 INFO InMemoryFileIndex: Start listing leaf files and directories. Size of Paths: 0; threshold: 32
26/01/16 13:08:40 INFO InMemoryFileIndex: It took 41 ms to list leaf files for 1 paths.
26/01/16 13:08:40 INFO InMemoryFileIndex: [ES-1349004] 940.1 KiB bytes allocated for InMemoryFileIndex.refresh0
26/01/16 13:08:40 INFO SparkContext: Starting job: Spark Connect - session_id: "a9408e72-f784-4414-a94c-48a15c61a2a5"
user_context {
  user_id: "141038968383667"
  user_name: "c0711894@vale.co...
26/01/16 13:08:40 INFO DAGScheduler: Got job 32 (Spark Connect - session_id: "a9408e72-f784-4414-a94c-48a15c61a2a5"
user_context {
  user_id: "141038968383667"
  user_name: "c0711894@vale.co...) with 1 output partitions
26/01/16 13:08:40 INFO DAGScheduler: Final stage: ResultStage 32 (Spark Connect - session_id: "a9408e72-f784-4414-a94c-48a15c61a2a5"
user_context {
  user_id: "141038968383667"
  user_name: "c0711894@vale.co...)
26/01/16 13:08:40 INFO DAGScheduler: Parents of final stage: List()
26/01/16 13:08:40 INFO DAGScheduler: Missing parents: List()
26/01/16 13:08:40 INFO DAGScheduler: Submitting ResultStage 32 (MapPartitionsRDD[65] at Spark Connect - session_id: "a9408e72-f784-4414-a94c-48a15c61a2a5"
user_context {
  user_id: "141038968383667"
  user_name: "c0711894@vale.co...), which has no missing parents
26/01/16 13:08:40 INFO DAGScheduler: Submitting 1 missing tasks from ResultStage 32 (MapPartitionsRDD[65] at Spark Connect - session_id: "a9408e72-f784-4414-a94c-48a15c61a2a5"
user_context {
  user_id: "141038968383667"
  user_name: "c0711894@vale.co...) (first 15 tasks are for partitions Vector(0))
26/01/16 13:08:40 INFO TaskSchedulerImpl: Adding task set 32.0 with 1 tasks resource profile 0
26/01/16 13:08:40 INFO TaskSetManager: TaskSet 32.0 using PreferredLocationsV1
26/01/16 13:08:40 INFO FairSchedulableBuilder: Added task set TaskSet_32.0 tasks to pool 1768568637510
26/01/16 13:08:40 INFO TaskSetManager: Starting task 0.0 in stage 32.0 (TID 32) (10.139.64.10,executor 0, partition 0, PROCESS_LOCAL, 
26/01/16 13:08:40 INFO MemoryStore: Block broadcast_33 stored as values in memory (estimated size 128.6 KiB, free 3.3 GiB)
26/01/16 13:08:40 INFO MemoryStore: Block broadcast_33_piece0 stored as bytes in memory (estimated size 52.7 KiB, free 3.3 GiB)
26/01/16 13:08:40 INFO SparkContext: Created broadcast 33 from broadcast at TaskSetManager.scala:848
26/01/16 13:08:40 INFO TaskSetManager: Finished task 0.0 in stage 32.0 (TID 32) in 65 ms on 10.139.64.10 (executor 0) (1/1)
26/01/16 13:08:40 INFO TaskSchedulerImpl: Removed TaskSet 32.0 whose tasks have all completed, from pool 1768568637510
26/01/16 13:08:40 INFO DAGScheduler: ResultStage 32 (Spark Connect - session_id: "a9408e72-f784-4414-a94c-48a15c61a2a5"
user_context {
  user_id: "141038968383667"
  user_name: "c0711894@vale.co...) finished in 79 ms
26/01/16 13:08:40 INFO DAGScheduler: Job 32 is finished. Cancelling potential speculative or zombie tasks for this job
26/01/16 13:08:40 INFO TaskSchedulerImpl: Canceling stage 32
26/01/16 13:08:40 INFO TaskSchedulerImpl: Killing all running tasks in stage 32: Stage finished
26/01/16 13:08:40 INFO DAGScheduler: Job 32 finished: Spark Connect - session_id: "a9408e72-f784-4414-a94c-48a15c61a2a5"
user_context {
  user_id: "141038968383667"
  user_name: "c0711894@vale.co..., took 86.046843 ms
26/01/16 13:08:40 WARN DataSource: org.apache.spark.sql.sources.DataSourceRegister: com.google.cloud.spark.bigquery.BigQueryRelationProvider Unable to get public no-arg constructor
26/01/16 13:08:40 INFO DbfsReflectionUtilsImpl: Resolved DBFS path InputUri=/Workspace ResolvedPath=abfss://root@dbstoragekduswqmgjq5rc.dfs.core.windows.net/116288240407984/Workspace
26/01/16 13:08:40 WARN DriverActivityLogging$: No activity context found. Skip logging driver event.
26/01/16 13:08:40 WARN DriverActivityLogging$: No activity context found. Skip logging driver event.
26/01/16 13:08:40 WARN DriverActivityLogging$: No activity context found. Skip logging driver event.
26/01/16 13:08:40 WARN DriverActivityLogging$: No activity context found. Skip logging driver event.
26/01/16 13:08:40 WARN DriverActivityLogging$: No activity context found. Skip logging driver event.
26/01/16 13:08:40 INFO InMemoryFileIndex: Start listing leaf files and directories. Size of Paths: 1; threshold: 32
26/01/16 13:08:40 WARN DriverActivityLogging$: No activity context found. Skip logging driver event.
26/01/16 13:08:40 INFO InMemoryFileIndex: Start listing leaf files and directories. Size of Paths: 0; threshold: 32
26/01/16 13:08:40 INFO InMemoryFileIndex: It took 18 ms to list leaf files for 1 paths.
26/01/16 13:08:40 INFO InMemoryFileIndex: [ES-1349004] 941.1 KiB bytes allocated for InMemoryFileIndex.refresh0
26/01/16 13:08:40 INFO SparkContext: Starting job: Spark Connect - session_id: "a9408e72-f784-4414-a94c-48a15c61a2a5"
user_context {
  user_id: "141038968383667"
  user_name: "c0711894@vale.co...
26/01/16 13:08:40 INFO DAGScheduler: Got job 33 (Spark Connect - session_id: "a9408e72-f784-4414-a94c-48a15c61a2a5"
user_context {
  user_id: "141038968383667"
  user_name: "c0711894@vale.co...) with 1 output partitions
26/01/16 13:08:40 INFO DAGScheduler: Final stage: ResultStage 33 (Spark Connect - session_id: "a9408e72-f784-4414-a94c-48a15c61a2a5"
user_context {
  user_id: "141038968383667"
  user_name: "c0711894@vale.co...)
26/01/16 13:08:40 INFO DAGScheduler: Parents of final stage: List()
26/01/16 13:08:40 INFO DAGScheduler: Missing parents: List()
26/01/16 13:08:40 INFO DAGScheduler: Submitting ResultStage 33 (MapPartitionsRDD[67] at Spark Connect - session_id: "a9408e72-f784-4414-a94c-48a15c61a2a5"
user_context {
  user_id: "141038968383667"
  user_name: "c0711894@vale.co...), which has no missing parents
26/01/16 13:08:40 INFO DAGScheduler: Submitting 1 missing tasks from ResultStage 33 (MapPartitionsRDD[67] at Spark Connect - session_id: "a9408e72-f784-4414-a94c-48a15c61a2a5"
user_context {
  user_id: "141038968383667"
  user_name: "c0711894@vale.co...) (first 15 tasks are for partitions Vector(0))
26/01/16 13:08:40 INFO TaskSchedulerImpl: Adding task set 33.0 with 1 tasks resource profile 0
26/01/16 13:08:40 INFO TaskSetManager: TaskSet 33.0 using PreferredLocationsV1
26/01/16 13:08:40 INFO FairSchedulableBuilder: Added task set TaskSet_33.0 tasks to pool 1768568637510
26/01/16 13:08:40 INFO TaskSetManager: Starting task 0.0 in stage 33.0 (TID 33) (10.139.64.10,executor 0, partition 0, PROCESS_LOCAL, 
26/01/16 13:08:40 INFO MemoryStore: Block broadcast_34 stored as values in memory (estimated size 128.6 KiB, free 3.3 GiB)
26/01/16 13:08:40 INFO MemoryStore: Block broadcast_34_piece0 stored as bytes in memory (estimated size 52.8 KiB, free 3.3 GiB)
26/01/16 13:08:40 INFO SparkContext: Created broadcast 34 from broadcast at TaskSetManager.scala:848
26/01/16 13:08:40 INFO TaskSetManager: Finished task 0.0 in stage 33.0 (TID 33) in 72 ms on 10.139.64.10 (executor 0) (1/1)
26/01/16 13:08:40 INFO TaskSchedulerImpl: Removed TaskSet 33.0 whose tasks have all completed, from pool 1768568637510
26/01/16 13:08:40 INFO DAGScheduler: ResultStage 33 (Spark Connect - session_id: "a9408e72-f784-4414-a94c-48a15c61a2a5"
user_context {
  user_id: "141038968383667"
  user_name: "c0711894@vale.co...) finished in 81 ms
26/01/16 13:08:40 INFO DAGScheduler: Job 33 is finished. Cancelling potential speculative or zombie tasks for this job
26/01/16 13:08:40 INFO TaskSchedulerImpl: Canceling stage 33
26/01/16 13:08:40 INFO TaskSchedulerImpl: Killing all running tasks in stage 33: Stage finished
26/01/16 13:08:40 INFO DAGScheduler: Job 33 finished: Spark Connect - session_id: "a9408e72-f784-4414-a94c-48a15c61a2a5"
user_context {
  user_id: "141038968383667"
  user_name: "c0711894@vale.co..., took 87.097945 ms
26/01/16 13:08:40 WARN DataSource: org.apache.spark.sql.sources.DataSourceRegister: com.google.cloud.spark.bigquery.BigQueryRelationProvider Unable to get public no-arg constructor
26/01/16 13:08:40 INFO DbfsReflectionUtilsImpl: Resolved DBFS path InputUri=/Workspace ResolvedPath=abfss://root@dbstoragekduswqmgjq5rc.dfs.core.windows.net/116288240407984/Workspace
26/01/16 13:08:40 WARN DriverActivityLogging$: No activity context found. Skip logging driver event.
26/01/16 13:08:40 WARN DriverActivityLogging$: No activity context found. Skip logging driver event.
26/01/16 13:08:40 WARN DriverActivityLogging$: No activity context found. Skip logging driver event.
26/01/16 13:08:40 WARN DriverActivityLogging$: No activity context found. Skip logging driver event.
26/01/16 13:08:40 WARN DriverActivityLogging$: No activity context found. Skip logging driver event.
26/01/16 13:08:40 INFO InMemoryFileIndex: Start listing leaf files and directories. Size of Paths: 1; threshold: 32
26/01/16 13:08:40 WARN DriverActivityLogging$: No activity context found. Skip logging driver event.
26/01/16 13:08:40 INFO InMemoryFileIndex: Start listing leaf files and directories. Size of Paths: 0; threshold: 32
26/01/16 13:08:40 INFO InMemoryFileIndex: It took 24 ms to list leaf files for 1 paths.
26/01/16 13:08:40 INFO InMemoryFileIndex: [ES-1349004] 940.1 KiB bytes allocated for InMemoryFileIndex.refresh0
26/01/16 13:08:40 INFO SparkContext: Starting job: Spark Connect - session_id: "a9408e72-f784-4414-a94c-48a15c61a2a5"
user_context {
  user_id: "141038968383667"
  user_name: "c0711894@vale.co...
26/01/16 13:08:40 INFO DAGScheduler: Got job 34 (Spark Connect - session_id: "a9408e72-f784-4414-a94c-48a15c61a2a5"
user_context {
  user_id: "141038968383667"
  user_name: "c0711894@vale.co...) with 1 output partitions
26/01/16 13:08:40 INFO DAGScheduler: Final stage: ResultStage 34 (Spark Connect - session_id: "a9408e72-f784-4414-a94c-48a15c61a2a5"
user_context {
  user_id: "141038968383667"
  user_name: "c0711894@vale.co...)
26/01/16 13:08:40 INFO DAGScheduler: Parents of final stage: List()
26/01/16 13:08:40 INFO DAGScheduler: Missing parents: List()
26/01/16 13:08:40 INFO DAGScheduler: Submitting ResultStage 34 (MapPartitionsRDD[69] at Spark Connect - session_id: "a9408e72-f784-4414-a94c-48a15c61a2a5"
user_context {
  user_id: "141038968383667"
  user_name: "c0711894@vale.co...), which has no missing parents
26/01/16 13:08:40 INFO DAGScheduler: Submitting 1 missing tasks from ResultStage 34 (MapPartitionsRDD[69] at Spark Connect - session_id: "a9408e72-f784-4414-a94c-48a15c61a2a5"
user_context {
  user_id: "141038968383667"
  user_name: "c0711894@vale.co...) (first 15 tasks are for partitions Vector(0))
26/01/16 13:08:40 INFO TaskSchedulerImpl: Adding task set 34.0 with 1 tasks resource profile 0
26/01/16 13:08:40 INFO TaskSetManager: TaskSet 34.0 using PreferredLocationsV1
26/01/16 13:08:40 INFO FairSchedulableBuilder: Added task set TaskSet_34.0 tasks to pool 1768568637510
26/01/16 13:08:40 INFO TaskSetManager: Starting task 0.0 in stage 34.0 (TID 34) (10.139.64.10,executor 0, partition 0, PROCESS_LOCAL, 
26/01/16 13:08:40 INFO MemoryStore: Block broadcast_35 stored as values in memory (estimated size 128.6 KiB, free 3.3 GiB)
26/01/16 13:08:40 INFO MemoryStore: Block broadcast_35_piece0 stored as bytes in memory (estimated size 52.8 KiB, free 3.3 GiB)
26/01/16 13:08:40 INFO SparkContext: Created broadcast 35 from broadcast at TaskSetManager.scala:848
26/01/16 13:08:40 INFO TaskSetManager: Finished task 0.0 in stage 34.0 (TID 34) in 51 ms on 10.139.64.10 (executor 0) (1/1)
26/01/16 13:08:40 INFO TaskSchedulerImpl: Removed TaskSet 34.0 whose tasks have all completed, from pool 1768568637510
26/01/16 13:08:40 INFO DAGScheduler: ResultStage 34 (Spark Connect - session_id: "a9408e72-f784-4414-a94c-48a15c61a2a5"
user_context {
  user_id: "141038968383667"
  user_name: "c0711894@vale.co...) finished in 60 ms
26/01/16 13:08:40 INFO DAGScheduler: Job 34 is finished. Cancelling potential speculative or zombie tasks for this job
26/01/16 13:08:40 INFO TaskSchedulerImpl: Canceling stage 34
26/01/16 13:08:40 INFO TaskSchedulerImpl: Killing all running tasks in stage 34: Stage finished
26/01/16 13:08:40 INFO DAGScheduler: Job 34 finished: Spark Connect - session_id: "a9408e72-f784-4414-a94c-48a15c61a2a5"
user_context {
  user_id: "141038968383667"
  user_name: "c0711894@vale.co..., took 66.671411 ms
26/01/16 13:08:40 INFO HiveUnityCatalogCheckRule: Collecting SQL actions took 1.426403 ms.
26/01/16 13:08:40 INFO DbfsReflectionUtilsImpl: Resolved DBFS path InputUri=/Workspace ResolvedPath=abfss://root@dbstoragekduswqmgjq5rc.dfs.core.windows.net/116288240407984/Workspace
26/01/16 13:08:40 INFO HiveCheckPermissions: Computed permissions to check in 27.432245 milliseconds
26/01/16 13:08:40 INFO HiveCheckPermissions: Checking all permissions took 27.581646 milliseconds
26/01/16 13:08:40 INFO QueryPlanningTracker: Query phase analysis took 29s before execution.
26/01/16 13:08:41 INFO LogInterceptor: RPC spark.connect.SparkConnectService/ExecutePlan (1462442471) [ExecutePlanResponse]: sessionId: a9408e72-f784-4414-a94c-48a15c61a2a5, serverSideSessionId: 26b20359-cf6e-401c-83bf-84c101c974f2, operationId: 9a23c9e8-d7c3-4c5a-8196-65fa16d5924f, responseId: 66ac7aba-4626-466c-9271-632874ebadc7
26/01/16 13:08:41 INFO LogInterceptor: RPC spark.connect.SparkConnectService/ExecutePlan (1462442471) [ExecutePlanResponse]: sessionId: a9408e72-f784-4414-a94c-48a15c61a2a5, serverSideSessionId: 26b20359-cf6e-401c-83bf-84c101c974f2, operationId: 9a23c9e8-d7c3-4c5a-8196-65fa16d5924f, responseId: 3a21af1b-f092-45a3-971a-5a7f842f3db7
26/01/16 13:08:41 INFO LogInterceptor: RPC spark.connect.SparkConnectService/ExecutePlan (1462442471) [ExecutePlanResponse]: sessionId: a9408e72-f784-4414-a94c-48a15c61a2a5, serverSideSessionId: 26b20359-cf6e-401c-83bf-84c101c974f2, operationId: 9a23c9e8-d7c3-4c5a-8196-65fa16d5924f, responseId: 89d2c1fa-727f-4f93-9450-0fdbd6c71b63
26/01/16 13:08:41 INFO LogInterceptor: RPC spark.connect.SparkConnectService/ExecutePlan (1462442471) [ExecutePlanResponse]: sessionId: a9408e72-f784-4414-a94c-48a15c61a2a5, serverSideSessionId: 26b20359-cf6e-401c-83bf-84c101c974f2, operationId: 9a23c9e8-d7c3-4c5a-8196-65fa16d5924f, responseId: 75e5882d-8c2d-4090-973c-f1774657fd74
26/01/16 13:08:41 INFO ExecuteGrpcResponseSender: Stream finished for opId=9a23c9e8-d7c3-4c5a-8196-65fa16d5924f, sent all responses up to last index 23. totalTime=30047.637484 ms waitingForResults=30016.514028 ms waitingForSend=0.0 ms
26/01/16 13:08:41 INFO SessionHolder: Session with userId: 141038968383667 and sessionId: a9408e72-f784-4414-a94c-48a15c61a2a5 accessed,time 1768568921044 ms.
26/01/16 13:08:41 WARN SparkConnectRpcMetricsCollectorUtils: No metrics collector found for com.databricks.spark.connect.logging.rpc.SparkConnectRpcMetricsCollector
26/01/16 13:08:41 INFO LogInterceptor: Received RPC spark.connect.SparkConnectService/ReleaseExecute (1747233075), headers: x-databricks-last-seen-server-session-version: 0
26/01/16 13:08:41 INFO LogInterceptor: Received RPC spark.connect.SparkConnectService/AnalyzePlan (417240578), headers: x-databricks-last-seen-server-session-version: 0
26/01/16 13:08:41 INFO SessionHolder: Session with userId: 141038968383667 and sessionId: a9408e72-f784-4414-a94c-48a15c61a2a5 accessed,time 1768568921070 ms.
26/01/16 13:08:41 WARN UnityAttributionContextClass: An attribution context is already registered in this Credential Scope and will not be updated.It must be unique and immutable per Credential Scope.This is NOT a fatal error.
26/01/16 13:08:41 INFO LogInterceptor: RPC spark.connect.SparkConnectService/ReleaseExecute (1747233075) [ReleaseExecuteRequest]: sessionId: a9408e72-f784-4414-a94c-48a15c61a2a5, userId: 141038968383667, operationId: 9a23c9e8-d7c3-4c5a-8196-65fa16d5924f, clientObservedServerSideSessionId: 
26/01/16 13:08:41 INFO SessionHolder: Session with userId: 141038968383667 and sessionId: a9408e72-f784-4414-a94c-48a15c61a2a5 accessed,time 1768568921078 ms.
26/01/16 13:08:41 INFO SparkConnectExecutionManager: ExecuteHolder ExecuteKey(141038968383667,a9408e72-f784-4414-a94c-48a15c61a2a5,9a23c9e8-d7c3-4c5a-8196-65fa16d5924f) is removed.
26/01/16 13:08:41 INFO ExecuteResponseObserver: Release all for opId=9a23c9e8-d7c3-4c5a-8196-65fa16d5924f. Execution stats: total=CachedSize(12753,23) autoRemoved=CachedSize(0,0) cachedUntilConsumed=CachedSize(0,0) cachedUntilProduced=CachedSize(0,0) maxCachedUntilConsumed=CachedSize(12753,23) maxCachedUntilProduced=CachedSize(12753,23)
26/01/16 13:08:41 INFO SessionHolder: Session with userId: 141038968383667 and sessionId: a9408e72-f784-4414-a94c-48a15c61a2a5 accessed,time 1768568921125 ms.
26/01/16 13:08:41 WARN UnityAttributionContextClass: An attribution context is already registered in this Credential Scope and will not be updated.It must be unique and immutable per Credential Scope.This is NOT a fatal error.
26/01/16 13:08:41 INFO LogInterceptor: RPC spark.connect.SparkConnectService/AnalyzePlan (417240578) [AnalyzePlanRequest]: analyzeCase: PERSIST, sessionId: a9408e72-f784-4414-a94c-48a15c61a2a5, userId: 141038968383667, clientObservedServerSideSessionId: 26b20359-cf6e-401c-83bf-84c101c974f2
26/01/16 13:08:41 INFO SessionHolder: Session with userId: 141038968383667 and sessionId: a9408e72-f784-4414-a94c-48a15c61a2a5 accessed,time 1768568921137 ms.
26/01/16 13:08:41 INFO Utils: resolved command to be run: List(id, -u, spark-26b20359-cf6e-401c-83bf-84)
26/01/16 13:08:41 INFO LogInterceptor: RPC spark.connect.SparkConnectService/ReleaseExecute (1747233075) [ReleaseExecuteResponse]: sessionId: a9408e72-f784-4414-a94c-48a15c61a2a5, serverSideSessionId: 26b20359-cf6e-401c-83bf-84c101c974f2, operationId: 9a23c9e8-d7c3-4c5a-8196-65fa16d5924f
26/01/16 13:08:41 INFO SessionHolder: Session with userId: 141038968383667 and sessionId: a9408e72-f784-4414-a94c-48a15c61a2a5 accessed,time 1768568921222 ms.
26/01/16 13:08:41 WARN SparkConnectRpcMetricsCollectorUtils: No metrics collector found for com.databricks.spark.connect.logging.rpc.SparkConnectRpcMetricsCollector
26/01/16 13:08:41 INFO AbstractParser$ParserCaches: EXPERIMENTAL: Query cached 0 DFA states in the parser. Total cached DFA states: 238in the parser. Driver memory: 6290931712.
26/01/16 13:08:41 INFO HiveMetaStore: 2: get_database: parquet
26/01/16 13:08:41 INFO audit: ugi=root	ip=unknown-ip-addr	cmd=get_database: parquet	
26/01/16 13:08:41 INFO HiveMetaStore: 2: Opening raw store with implemenation class:org.apache.hadoop.hive.metastore.ObjectStore
26/01/16 13:08:41 INFO ObjectStore: ObjectStore, initialize called
26/01/16 13:08:41 INFO ObjectStore: Initialized ObjectStore
26/01/16 13:08:41 ERROR RetryingHMSHandler: NoSuchObjectException(message:There is no database named parquet)
	at org.apache.hadoop.hive.metastore.ObjectStore.getMDatabase(ObjectStore.java:508)
	at org.apache.hadoop.hive.metastore.ObjectStore.getDatabase(ObjectStore.java:519)
	at java.base/jdk.internal.reflect.NativeMethodAccessorImpl.invoke0(Native Method)
	at java.base/jdk.internal.reflect.NativeMethodAccessorImpl.invoke(NativeMethodAccessorImpl.java:77)
	at java.base/jdk.internal.reflect.DelegatingMethodAccessorImpl.invoke(DelegatingMethodAccessorImpl.java:43)
	at java.base/java.lang.reflect.Method.invoke(Method.java:569)
	at org.apache.hadoop.hive.metastore.RawStoreProxy.invoke(RawStoreProxy.java:108)
	at jdk.proxy4/jdk.proxy4.$Proxy143.getDatabase(Unknown Source)
	at org.apache.hadoop.hive.metastore.HiveMetaStore$HMSHandler.get_database(HiveMetaStore.java:796)
	at java.base/jdk.internal.reflect.NativeMethodAccessorImpl.invoke0(Native Method)
	at java.base/jdk.internal.reflect.NativeMethodAccessorImpl.invoke(NativeMethodAccessorImpl.java:77)
	at java.base/jdk.internal.reflect.DelegatingMethodAccessorImpl.invoke(DelegatingMethodAccessorImpl.java:43)
	at java.base/java.lang.reflect.Method.invoke(Method.java:569)
	at org.apache.hadoop.hive.metastore.RetryingHMSHandler.invoke(RetryingHMSHandler.java:105)
	at jdk.proxy4/jdk.proxy4.$Proxy145.get_database(Unknown Source)
	at org.apache.hadoop.hive.metastore.HiveMetaStoreClient.getDatabase(HiveMetaStoreClient.java:949)
	at java.base/jdk.internal.reflect.NativeMethodAccessorImpl.invoke0(Native Method)
	at java.base/jdk.internal.reflect.NativeMethodAccessorImpl.invoke(NativeMethodAccessorImpl.java:77)
	at java.base/jdk.internal.reflect.DelegatingMethodAccessorImpl.invoke(DelegatingMethodAccessorImpl.java:43)
	at java.base/java.lang.reflect.Method.invoke(Method.java:569)
	at org.apache.hadoop.hive.metastore.RetryingMetaStoreClient.invoke(RetryingMetaStoreClient.java:89)
	at jdk.proxy4/jdk.proxy4.$Proxy146.getDatabase(Unknown Source)
	at org.apache.hadoop.hive.ql.metadata.Hive.getDatabase(Hive.java:1165)
	at org.apache.hadoop.hive.ql.metadata.Hive.databaseExists(Hive.java:1154)
	at org.apache.spark.sql.hive.client.Shim_v0_12.databaseExists(HiveShim.scala:629)
	at org.apache.spark.sql.hive.client.HiveClientImpl.$anonfun$databaseExists$1(HiveClientImpl.scala:548)
	at scala.runtime.java8.JFunction0$mcZ$sp.apply(JFunction0$mcZ$sp.scala:17)
	at org.apache.spark.sql.hive.client.HiveClientImpl.$anonfun$withHiveState$1(HiveClientImpl.scala:445)
	at org.apache.spark.sql.hive.client.HiveClientImpl.retryWithExponentialBackoffInternal(HiveClientImpl.scala:326)
	at org.apache.spark.sql.hive.client.HiveClientImpl.retryWithExponentialBackoffInternal(HiveClientImpl.scala:287)
	at org.apache.spark.sql.hive.client.HiveClientImpl.retryWithExponentialBackoff(HiveClientImpl.scala:279)
	at org.apache.spark.sql.hive.client.HiveClientImpl.$anonfun$retryLocked$1(HiveClientImpl.scala:239)
	at org.apache.spark.sql.hive.client.HiveClientImpl.synchronizeOnObject(HiveClientImpl.scala:382)
	at org.apache.spark.sql.hive.client.HiveClientImpl.retryLocked(HiveClientImpl.scala:228)
	at org.apache.spark.sql.hive.client.HiveClientImpl.withHiveState(HiveClientImpl.scala:425)
	at org.apache.spark.sql.hive.client.HiveClientImpl.databaseExists(HiveClientImpl.scala:548)
	at org.apache.spark.sql.hive.client.PoolingHiveClient.$anonfun$databaseExists$1(PoolingHiveClient.scala:354)
	at org.apache.spark.sql.hive.client.PoolingHiveClient.$anonfun$databaseExists$1$adapted(PoolingHiveClient.scala:353)
	at org.apache.spark.sql.hive.client.PoolingHiveClient.withHiveClient(PoolingHiveClient.scala:182)
	at org.apache.spark.sql.hive.client.PoolingHiveClient.databaseExists(PoolingHiveClient.scala:353)
	at org.apache.spark.sql.hive.HiveExternalCatalog.$anonfun$databaseExists$1(HiveExternalCatalog.scala:432)
	at scala.runtime.java8.JFunction0$mcZ$sp.apply(JFunction0$mcZ$sp.scala:17)
	at com.databricks.spark.util.FrameProfiler$.record(FrameProfiler.scala:94)
	at org.apache.spark.sql.hive.HiveExternalCatalog.$anonfun$withClient$2(HiveExternalCatalog.scala:187)
	at org.apache.spark.sql.hive.HiveExternalCatalog.maybeSynchronized(HiveExternalCatalog.scala:123)
	at org.apache.spark.sql.hive.HiveExternalCatalog.$anonfun$withClient$1(HiveExternalCatalog.scala:179)
	at com.databricks.backend.daemon.driver.ProgressReporter$.withStatusCode(ProgressReporter.scala:455)
	at com.databricks.spark.util.SparkDatabricksProgressReporter$.withStatusCode(ProgressReporter.scala:34)
	at org.apache.spark.sql.hive.HiveExternalCatalog.withClient(HiveExternalCatalog.scala:179)
	at org.apache.spark.sql.hive.HiveExternalCatalog.databaseExists(HiveExternalCatalog.scala:432)
	at org.apache.spark.sql.catalyst.catalog.ExternalCatalogWithListener.$anonfun$databaseExists$1(ExternalCatalogWithListener.scala:93)
	at scala.runtime.java8.JFunction0$mcZ$sp.apply(JFunction0$mcZ$sp.scala:17)
	at org.apache.spark.sql.catalyst.MetricKeyUtils$.measure(MetricKey.scala:1812)
	at org.apache.spark.sql.catalyst.catalog.ExternalCatalogWithListener.$anonfun$profile$1(ExternalCatalogWithListener.scala:54)
	at com.databricks.spark.util.FrameProfiler$.record(FrameProfiler.scala:94)
	at org.apache.spark.sql.catalyst.catalog.ExternalCatalogWithListener.profile(ExternalCatalogWithListener.scala:53)
	at org.apache.spark.sql.catalyst.catalog.ExternalCatalogWithListener.databaseExists(ExternalCatalogWithListener.scala:93)
	at org.apache.spark.sql.catalyst.catalog.SessionCatalogImpl.databaseExists(SessionCatalog.scala:982)
	at org.apache.spark.sql.catalyst.catalog.SessionCatalogImpl.requireDbExists(SessionCatalog.scala:910)
	at org.apache.spark.sql.catalyst.catalog.SessionCatalogImpl.getTablesByName(SessionCatalog.scala:1320)
	at com.databricks.sql.managedcatalog.ManagedCatalogSessionCatalog.getTablesFromHiveMetastore(ManagedCatalogSessionCatalog.scala:1931)
	at com.databricks.sql.managedcatalog.ManagedCatalogSessionCatalog.$anonfun$fastGetTablesByName$5(ManagedCatalogSessionCatalog.scala:1855)
	at java.base/java.util.concurrent.FutureTask.run(FutureTask.java:264)
	at org.apache.spark.util.threads.SparkThreadLocalCapturingRunnable.$anonfun$run$1(SparkThreadLocalForwardingThreadPoolExecutor.scala:165)
	at scala.runtime.java8.JFunction0$mcV$sp.apply(JFunction0$mcV$sp.scala:18)
	at com.databricks.util.LexicalThreadLocal$Handle.runWith(LexicalThreadLocal.scala:63)
	at org.apache.spark.util.threads.SparkThreadLocalCapturingHelper.$anonfun$runWithCaptured$6(SparkThreadLocalForwardingThreadPoolExecutor.scala:119)
	at com.databricks.sql.transaction.tahoe.mst.MSTThreadHelper$.runWithMstTxnId(MSTThreadHelper.scala:57)
	at org.apache.spark.util.threads.SparkThreadLocalCapturingHelper.$anonfun$runWithCaptured$5(SparkThreadLocalForwardingThreadPoolExecutor.scala:118)
	at com.databricks.spark.util.IdentityClaim$.withClaim(IdentityClaim.scala:48)
	at org.apache.spark.util.threads.SparkThreadLocalCapturingHelper.$anonfun$runWithCaptured$4(SparkThreadLocalForwardingThreadPoolExecutor.scala:117)
	at com.databricks.unity.UCSEphemeralState$Handle.runWith(UCSEphemeralState.scala:51)
	at org.apache.spark.util.threads.SparkThreadLocalCapturingHelper.runWithCaptured(SparkThreadLocalForwardingThreadPoolExecutor.scala:116)
	at org.apache.spark.util.threads.SparkThreadLocalCapturingHelper.runWithCaptured$(SparkThreadLocalForwardingThreadPoolExecutor.scala:93)
	at org.apache.spark.util.threads.SparkThreadLocalCapturingRunnable.runWithCaptured(SparkThreadLocalForwardingThreadPoolExecutor.scala:162)
	at org.apache.spark.util.threads.SparkThreadLocalCapturingRunnable.run(SparkThreadLocalForwardingThreadPoolExecutor.scala:165)
	at java.base/java.util.concurrent.ThreadPoolExecutor.runWorker(ThreadPoolExecutor.java:1136)
	at java.base/java.util.concurrent.ThreadPoolExecutor$Worker.run(ThreadPoolExecutor.java:635)
	at java.base/java.lang.Thread.run(Thread.java:840)

26/01/16 13:08:41 INFO SnapshotHint: Missing metadata cache for table `hs_franquia`.`silver_sap_im`.`event`
26/01/16 13:08:41 INFO UniformIngressUtils: Auto refresh of a federated UFI table is skipped: [isManagedIcebergTable = false, isAutoRefreshEnabled = true, isEligibleTableForAutoRefresh = false, shouldSkipRefreshCapability = false].
26/01/16 13:08:41 WARN DataSource: org.apache.spark.sql.sources.DataSourceRegister: com.google.cloud.spark.bigquery.BigQueryRelationProvider Unable to get public no-arg constructor
26/01/16 13:08:41 INFO DbfsReflectionUtilsImpl: Resolved DBFS path InputUri=/Workspace ResolvedPath=abfss://root@dbstoragekduswqmgjq5rc.dfs.core.windows.net/116288240407984/Workspace
26/01/16 13:08:41 WARN DriverActivityLogging$: No activity context found. Skip logging driver event.
26/01/16 13:08:41 WARN DriverActivityLogging$: No activity context found. Skip logging driver event.
26/01/16 13:08:41 WARN DriverActivityLogging$: No activity context found. Skip logging driver event.
26/01/16 13:08:41 INFO InMemoryFileIndex: Start listing leaf files and directories. Size of Paths: 1; threshold: 32
26/01/16 13:08:41 WARN DriverActivityLogging$: No activity context found. Skip logging driver event.
26/01/16 13:08:41 INFO InMemoryFileIndex: Start listing leaf files and directories. Size of Paths: 0; threshold: 32
26/01/16 13:08:41 INFO InMemoryFileIndex: It took 20 ms to list leaf files for 1 paths.
26/01/16 13:08:41 INFO InMemoryFileIndex: [ES-1349004] 1003.1 KiB bytes allocated for InMemoryFileIndex.refresh0
26/01/16 13:08:41 INFO SparkContext: Starting job: $anonfun$executePhase$2 at LexicalThreadLocal.scala:63
26/01/16 13:08:41 INFO DAGScheduler: Got job 35 ($anonfun$executePhase$2 at LexicalThreadLocal.scala:63) with 1 output partitions
26/01/16 13:08:41 INFO DAGScheduler: Final stage: ResultStage 35 ($anonfun$executePhase$2 at LexicalThreadLocal.scala:63)
26/01/16 13:08:41 INFO DAGScheduler: Parents of final stage: List()
26/01/16 13:08:41 INFO DAGScheduler: Missing parents: List()
26/01/16 13:08:41 INFO DAGScheduler: Submitting ResultStage 35 (MapPartitionsRDD[71] at $anonfun$executePhase$2 at LexicalThreadLocal.scala:63), which has no missing parents
26/01/16 13:08:41 INFO DAGScheduler: Submitting 1 missing tasks from ResultStage 35 (MapPartitionsRDD[71] at $anonfun$executePhase$2 at LexicalThreadLocal.scala:63) (first 15 tasks are for partitions Vector(0))
26/01/16 13:08:41 INFO TaskSchedulerImpl: Adding task set 35.0 with 1 tasks resource profile 0
26/01/16 13:08:41 INFO TaskSetManager: TaskSet 35.0 using PreferredLocationsV1
26/01/16 13:08:41 INFO FairSchedulableBuilder: Added task set TaskSet_35.0 tasks to pool 1768568637510
26/01/16 13:08:41 INFO TaskSetManager: Starting task 0.0 in stage 35.0 (TID 35) (10.139.64.10,executor 0, partition 0, PROCESS_LOCAL, 
26/01/16 13:08:41 INFO MemoryStore: Block broadcast_36 stored as values in memory (estimated size 126.2 KiB, free 3.3 GiB)
26/01/16 13:08:41 INFO MemoryStore: Block broadcast_36_piece0 stored as bytes in memory (estimated size 52.2 KiB, free 3.3 GiB)
26/01/16 13:08:41 INFO SparkContext: Created broadcast 36 from broadcast at TaskSetManager.scala:848
26/01/16 13:08:41 INFO TaskSetManager: Finished task 0.0 in stage 35.0 (TID 35) in 96 ms on 10.139.64.10 (executor 0) (1/1)
26/01/16 13:08:41 INFO TaskSchedulerImpl: Removed TaskSet 35.0 whose tasks have all completed, from pool 1768568637510
26/01/16 13:08:41 INFO DAGScheduler: ResultStage 35 ($anonfun$executePhase$2 at LexicalThreadLocal.scala:63) finished in 102 ms
26/01/16 13:08:41 INFO DAGScheduler: Job 35 is finished. Cancelling potential speculative or zombie tasks for this job
26/01/16 13:08:41 INFO TaskSchedulerImpl: Canceling stage 35
26/01/16 13:08:41 INFO TaskSchedulerImpl: Killing all running tasks in stage 35: Stage finished
26/01/16 13:08:41 INFO DAGScheduler: Job 35 finished: $anonfun$executePhase$2 at LexicalThreadLocal.scala:63, took 107.981279 ms
26/01/16 13:08:41 WARN DataSource: org.apache.spark.sql.sources.DataSourceRegister: com.google.cloud.spark.bigquery.BigQueryRelationProvider Unable to get public no-arg constructor
26/01/16 13:08:41 INFO DbfsReflectionUtilsImpl: Resolved DBFS path InputUri=/Workspace ResolvedPath=abfss://root@dbstoragekduswqmgjq5rc.dfs.core.windows.net/116288240407984/Workspace
26/01/16 13:08:41 WARN DriverActivityLogging$: No activity context found. Skip logging driver event.
26/01/16 13:08:41 WARN DriverActivityLogging$: No activity context found. Skip logging driver event.
26/01/16 13:08:41 WARN DriverActivityLogging$: No activity context found. Skip logging driver event.
26/01/16 13:08:41 INFO InMemoryFileIndex: Start listing leaf files and directories. Size of Paths: 1; threshold: 32
26/01/16 13:08:41 WARN DriverActivityLogging$: No activity context found. Skip logging driver event.
26/01/16 13:08:41 INFO InMemoryFileIndex: Start listing leaf files and directories. Size of Paths: 0; threshold: 32
26/01/16 13:08:41 INFO InMemoryFileIndex: It took 17 ms to list leaf files for 1 paths.
26/01/16 13:08:41 INFO InMemoryFileIndex: [ES-1349004] 998.7 KiB bytes allocated for InMemoryFileIndex.refresh0
26/01/16 13:08:41 INFO SparkContext: Starting job: $anonfun$executePhase$2 at LexicalThreadLocal.scala:63
26/01/16 13:08:41 INFO DAGScheduler: Got job 36 ($anonfun$executePhase$2 at LexicalThreadLocal.scala:63) with 1 output partitions
26/01/16 13:08:41 INFO DAGScheduler: Final stage: ResultStage 36 ($anonfun$executePhase$2 at LexicalThreadLocal.scala:63)
26/01/16 13:08:41 INFO DAGScheduler: Parents of final stage: List()
26/01/16 13:08:41 INFO DAGScheduler: Missing parents: List()
26/01/16 13:08:41 INFO DAGScheduler: Submitting ResultStage 36 (MapPartitionsRDD[73] at $anonfun$executePhase$2 at LexicalThreadLocal.scala:63), which has no missing parents
26/01/16 13:08:42 INFO DAGScheduler: Submitting 1 missing tasks from ResultStage 36 (MapPartitionsRDD[73] at $anonfun$executePhase$2 at LexicalThreadLocal.scala:63) (first 15 tasks are for partitions Vector(0))
26/01/16 13:08:42 INFO TaskSchedulerImpl: Adding task set 36.0 with 1 tasks resource profile 0
26/01/16 13:08:42 INFO TaskSetManager: TaskSet 36.0 using PreferredLocationsV1
26/01/16 13:08:42 INFO FairSchedulableBuilder: Added task set TaskSet_36.0 tasks to pool 1768568637510
26/01/16 13:08:42 INFO TaskSetManager: Starting task 0.0 in stage 36.0 (TID 36) (10.139.64.10,executor 0, partition 0, PROCESS_LOCAL, 
26/01/16 13:08:42 INFO MemoryStore: Block broadcast_37 stored as values in memory (estimated size 126.2 KiB, free 3.3 GiB)
26/01/16 13:08:42 INFO MemoryStore: Block broadcast_37_piece0 stored as bytes in memory (estimated size 52.2 KiB, free 3.3 GiB)
26/01/16 13:08:42 INFO SparkContext: Created broadcast 37 from broadcast at TaskSetManager.scala:848
26/01/16 13:08:42 INFO TaskSetManager: Finished task 0.0 in stage 36.0 (TID 36) in 68 ms on 10.139.64.10 (executor 0) (1/1)
26/01/16 13:08:42 INFO TaskSchedulerImpl: Removed TaskSet 36.0 whose tasks have all completed, from pool 1768568637510
26/01/16 13:08:42 INFO DAGScheduler: ResultStage 36 ($anonfun$executePhase$2 at LexicalThreadLocal.scala:63) finished in 84 ms
26/01/16 13:08:42 INFO DAGScheduler: Job 36 is finished. Cancelling potential speculative or zombie tasks for this job
26/01/16 13:08:42 INFO TaskSchedulerImpl: Canceling stage 36
26/01/16 13:08:42 INFO TaskSchedulerImpl: Killing all running tasks in stage 36: Stage finished
26/01/16 13:08:42 INFO DAGScheduler: Job 36 finished: $anonfun$executePhase$2 at LexicalThreadLocal.scala:63, took 99.630066 ms
26/01/16 13:08:42 WARN DataSource: org.apache.spark.sql.sources.DataSourceRegister: com.google.cloud.spark.bigquery.BigQueryRelationProvider Unable to get public no-arg constructor
26/01/16 13:08:42 INFO DbfsReflectionUtilsImpl: Resolved DBFS path InputUri=/Workspace ResolvedPath=abfss://root@dbstoragekduswqmgjq5rc.dfs.core.windows.net/116288240407984/Workspace
26/01/16 13:08:42 WARN DriverActivityLogging$: No activity context found. Skip logging driver event.
26/01/16 13:08:42 WARN DriverActivityLogging$: No activity context found. Skip logging driver event.
26/01/16 13:08:42 WARN DriverActivityLogging$: No activity context found. Skip logging driver event.
26/01/16 13:08:42 INFO InMemoryFileIndex: Start listing leaf files and directories. Size of Paths: 1; threshold: 32
26/01/16 13:08:42 WARN DriverActivityLogging$: No activity context found. Skip logging driver event.
26/01/16 13:08:42 INFO InMemoryFileIndex: Start listing leaf files and directories. Size of Paths: 0; threshold: 32
26/01/16 13:08:42 INFO InMemoryFileIndex: It took 24 ms to list leaf files for 1 paths.
26/01/16 13:08:42 INFO InMemoryFileIndex: [ES-1349004] 995.8 KiB bytes allocated for InMemoryFileIndex.refresh0
26/01/16 13:08:42 INFO SparkContext: Starting job: $anonfun$executePhase$2 at LexicalThreadLocal.scala:63
26/01/16 13:08:42 INFO DAGScheduler: Got job 37 ($anonfun$executePhase$2 at LexicalThreadLocal.scala:63) with 1 output partitions
26/01/16 13:08:42 INFO DAGScheduler: Final stage: ResultStage 37 ($anonfun$executePhase$2 at LexicalThreadLocal.scala:63)
26/01/16 13:08:42 INFO DAGScheduler: Parents of final stage: List()
26/01/16 13:08:42 INFO DAGScheduler: Missing parents: List()
26/01/16 13:08:42 INFO DAGScheduler: Submitting ResultStage 37 (MapPartitionsRDD[75] at $anonfun$executePhase$2 at LexicalThreadLocal.scala:63), which has no missing parents
26/01/16 13:08:42 INFO DAGScheduler: Submitting 1 missing tasks from ResultStage 37 (MapPartitionsRDD[75] at $anonfun$executePhase$2 at LexicalThreadLocal.scala:63) (first 15 tasks are for partitions Vector(0))
26/01/16 13:08:42 INFO TaskSchedulerImpl: Adding task set 37.0 with 1 tasks resource profile 0
26/01/16 13:08:42 INFO TaskSetManager: TaskSet 37.0 using PreferredLocationsV1
26/01/16 13:08:42 INFO FairSchedulableBuilder: Added task set TaskSet_37.0 tasks to pool 1768568637510
26/01/16 13:08:42 INFO TaskSetManager: Starting task 0.0 in stage 37.0 (TID 37) (10.139.64.10,executor 0, partition 0, PROCESS_LOCAL, 
26/01/16 13:08:42 INFO MemoryStore: Block broadcast_38 stored as values in memory (estimated size 126.2 KiB, free 3.3 GiB)
26/01/16 13:08:42 INFO MemoryStore: Block broadcast_38_piece0 stored as bytes in memory (estimated size 52.2 KiB, free 3.3 GiB)
26/01/16 13:08:42 INFO SparkContext: Created broadcast 38 from broadcast at TaskSetManager.scala:848
26/01/16 13:08:42 INFO TaskSetManager: Finished task 0.0 in stage 37.0 (TID 37) in 52 ms on 10.139.64.10 (executor 0) (1/1)
26/01/16 13:08:42 INFO TaskSchedulerImpl: Removed TaskSet 37.0 whose tasks have all completed, from pool 1768568637510
26/01/16 13:08:42 INFO DAGScheduler: ResultStage 37 ($anonfun$executePhase$2 at LexicalThreadLocal.scala:63) finished in 58 ms
26/01/16 13:08:42 INFO DAGScheduler: Job 37 is finished. Cancelling potential speculative or zombie tasks for this job
26/01/16 13:08:42 INFO TaskSchedulerImpl: Canceling stage 37
26/01/16 13:08:42 INFO TaskSchedulerImpl: Killing all running tasks in stage 37: Stage finished
26/01/16 13:08:42 INFO DAGScheduler: Job 37 finished: $anonfun$executePhase$2 at LexicalThreadLocal.scala:63, took 64.279207 ms
26/01/16 13:08:42 WARN DataSource: org.apache.spark.sql.sources.DataSourceRegister: com.google.cloud.spark.bigquery.BigQueryRelationProvider Unable to get public no-arg constructor
26/01/16 13:08:42 INFO DbfsReflectionUtilsImpl: Resolved DBFS path InputUri=/Workspace ResolvedPath=abfss://root@dbstoragekduswqmgjq5rc.dfs.core.windows.net/116288240407984/Workspace
26/01/16 13:08:42 WARN DriverActivityLogging$: No activity context found. Skip logging driver event.
26/01/16 13:08:42 WARN DriverActivityLogging$: No activity context found. Skip logging driver event.
26/01/16 13:08:42 WARN DriverActivityLogging$: No activity context found. Skip logging driver event.
26/01/16 13:08:42 INFO InMemoryFileIndex: Start listing leaf files and directories. Size of Paths: 1; threshold: 32
26/01/16 13:08:42 WARN DriverActivityLogging$: No activity context found. Skip logging driver event.
26/01/16 13:08:42 INFO InMemoryFileIndex: Start listing leaf files and directories. Size of Paths: 0; threshold: 32
26/01/16 13:08:42 INFO InMemoryFileIndex: It took 24 ms to list leaf files for 1 paths.
26/01/16 13:08:42 INFO InMemoryFileIndex: [ES-1349004] 994.8 KiB bytes allocated for InMemoryFileIndex.refresh0
26/01/16 13:08:42 INFO SparkContext: Starting job: $anonfun$executePhase$2 at LexicalThreadLocal.scala:63
26/01/16 13:08:42 INFO DAGScheduler: Got job 38 ($anonfun$executePhase$2 at LexicalThreadLocal.scala:63) with 1 output partitions
26/01/16 13:08:42 INFO DAGScheduler: Final stage: ResultStage 38 ($anonfun$executePhase$2 at LexicalThreadLocal.scala:63)
26/01/16 13:08:42 INFO DAGScheduler: Parents of final stage: List()
26/01/16 13:08:42 INFO DAGScheduler: Missing parents: List()
26/01/16 13:08:42 INFO DAGScheduler: Submitting ResultStage 38 (MapPartitionsRDD[77] at $anonfun$executePhase$2 at LexicalThreadLocal.scala:63), which has no missing parents
26/01/16 13:08:42 INFO DAGScheduler: Submitting 1 missing tasks from ResultStage 38 (MapPartitionsRDD[77] at $anonfun$executePhase$2 at LexicalThreadLocal.scala:63) (first 15 tasks are for partitions Vector(0))
26/01/16 13:08:42 INFO TaskSchedulerImpl: Adding task set 38.0 with 1 tasks resource profile 0
26/01/16 13:08:42 INFO TaskSetManager: TaskSet 38.0 using PreferredLocationsV1
26/01/16 13:08:42 INFO FairSchedulableBuilder: Added task set TaskSet_38.0 tasks to pool 1768568637510
26/01/16 13:08:42 INFO TaskSetManager: Starting task 0.0 in stage 38.0 (TID 38) (10.139.64.10,executor 0, partition 0, PROCESS_LOCAL, 
26/01/16 13:08:42 INFO MemoryStore: Block broadcast_39 stored as values in memory (estimated size 126.2 KiB, free 3.3 GiB)
26/01/16 13:08:42 INFO MemoryStore: Block broadcast_39_piece0 stored as bytes in memory (estimated size 52.2 KiB, free 3.3 GiB)
26/01/16 13:08:42 INFO SparkContext: Created broadcast 39 from broadcast at TaskSetManager.scala:848
26/01/16 13:08:42 INFO TaskSetManager: Finished task 0.0 in stage 38.0 (TID 38) in 60 ms on 10.139.64.10 (executor 0) (1/1)
26/01/16 13:08:42 INFO TaskSchedulerImpl: Removed TaskSet 38.0 whose tasks have all completed, from pool 1768568637510
26/01/16 13:08:42 INFO DAGScheduler: ResultStage 38 ($anonfun$executePhase$2 at LexicalThreadLocal.scala:63) finished in 66 ms
26/01/16 13:08:42 INFO DAGScheduler: Job 38 is finished. Cancelling potential speculative or zombie tasks for this job
26/01/16 13:08:42 INFO TaskSchedulerImpl: Canceling stage 38
26/01/16 13:08:42 INFO TaskSchedulerImpl: Killing all running tasks in stage 38: Stage finished
26/01/16 13:08:42 INFO DAGScheduler: Job 38 finished: $anonfun$executePhase$2 at LexicalThreadLocal.scala:63, took 74.009323 ms
26/01/16 13:08:42 WARN DataSource: org.apache.spark.sql.sources.DataSourceRegister: com.google.cloud.spark.bigquery.BigQueryRelationProvider Unable to get public no-arg constructor
26/01/16 13:08:42 INFO DbfsReflectionUtilsImpl: Resolved DBFS path InputUri=/Workspace ResolvedPath=abfss://root@dbstoragekduswqmgjq5rc.dfs.core.windows.net/116288240407984/Workspace
26/01/16 13:08:42 WARN DriverActivityLogging$: No activity context found. Skip logging driver event.
26/01/16 13:08:42 WARN DriverActivityLogging$: No activity context found. Skip logging driver event.
26/01/16 13:08:42 WARN DriverActivityLogging$: No activity context found. Skip logging driver event.
26/01/16 13:08:42 INFO InMemoryFileIndex: Start listing leaf files and directories. Size of Paths: 1; threshold: 32
26/01/16 13:08:42 WARN DriverActivityLogging$: No activity context found. Skip logging driver event.
26/01/16 13:08:42 INFO InMemoryFileIndex: Start listing leaf files and directories. Size of Paths: 0; threshold: 32
26/01/16 13:08:42 INFO InMemoryFileIndex: It took 19 ms to list leaf files for 1 paths.
26/01/16 13:08:42 INFO InMemoryFileIndex: [ES-1349004] 994.3 KiB bytes allocated for InMemoryFileIndex.refresh0
26/01/16 13:08:42 INFO SparkContext: Starting job: $anonfun$executePhase$2 at LexicalThreadLocal.scala:63
26/01/16 13:08:42 INFO DAGScheduler: Got job 39 ($anonfun$executePhase$2 at LexicalThreadLocal.scala:63) with 1 output partitions
26/01/16 13:08:42 INFO DAGScheduler: Final stage: ResultStage 39 ($anonfun$executePhase$2 at LexicalThreadLocal.scala:63)
26/01/16 13:08:42 INFO DAGScheduler: Parents of final stage: List()
26/01/16 13:08:42 INFO DAGScheduler: Missing parents: List()
26/01/16 13:08:42 INFO DAGScheduler: Submitting ResultStage 39 (MapPartitionsRDD[79] at $anonfun$executePhase$2 at LexicalThreadLocal.scala:63), which has no missing parents
26/01/16 13:08:42 INFO DAGScheduler: Submitting 1 missing tasks from ResultStage 39 (MapPartitionsRDD[79] at $anonfun$executePhase$2 at LexicalThreadLocal.scala:63) (first 15 tasks are for partitions Vector(0))
26/01/16 13:08:42 INFO TaskSchedulerImpl: Adding task set 39.0 with 1 tasks resource profile 0
26/01/16 13:08:42 INFO TaskSetManager: TaskSet 39.0 using PreferredLocationsV1
26/01/16 13:08:42 WARN FairSchedulableBuilder: A job was submitted with scheduler pool 1768568637510, which has not been configured. This can happen when the file that pools are read from isn't set, or when that file doesn't contain 1768568637510. Created 1768568637510 with default configuration (schedulingMode: FIFO, minShare: 0, weight: 1
26/01/16 13:08:42 INFO FairSchedulableBuilder: Added task set TaskSet_39.0 tasks to pool 1768568637510
26/01/16 13:08:42 INFO TaskSetManager: Starting task 0.0 in stage 39.0 (TID 39) (10.139.64.10,executor 0, partition 0, PROCESS_LOCAL, 
26/01/16 13:08:42 INFO MemoryStore: Block broadcast_40 stored as values in memory (estimated size 126.2 KiB, free 3.3 GiB)
26/01/16 13:08:42 INFO MemoryStore: Block broadcast_40_piece0 stored as bytes in memory (estimated size 52.2 KiB, free 3.3 GiB)
26/01/16 13:08:42 INFO SparkContext: Created broadcast 40 from broadcast at TaskSetManager.scala:848
26/01/16 13:08:42 INFO TaskSetManager: Finished task 0.0 in stage 39.0 (TID 39) in 73 ms on 10.139.64.10 (executor 0) (1/1)
26/01/16 13:08:42 INFO TaskSchedulerImpl: Removed TaskSet 39.0 whose tasks have all completed, from pool 1768568637510
26/01/16 13:08:42 INFO DAGScheduler: ResultStage 39 ($anonfun$executePhase$2 at LexicalThreadLocal.scala:63) finished in 79 ms
26/01/16 13:08:42 INFO DAGScheduler: Job 39 is finished. Cancelling potential speculative or zombie tasks for this job
26/01/16 13:08:42 INFO TaskSchedulerImpl: Canceling stage 39
26/01/16 13:08:42 INFO TaskSchedulerImpl: Killing all running tasks in stage 39: Stage finished
26/01/16 13:08:42 INFO DAGScheduler: Job 39 finished: $anonfun$executePhase$2 at LexicalThreadLocal.scala:63, took 91.759952 ms
26/01/16 13:08:42 WARN DataSource: org.apache.spark.sql.sources.DataSourceRegister: com.google.cloud.spark.bigquery.BigQueryRelationProvider Unable to get public no-arg constructor
26/01/16 13:08:42 INFO DbfsReflectionUtilsImpl: Resolved DBFS path InputUri=/Workspace ResolvedPath=abfss://root@dbstoragekduswqmgjq5rc.dfs.core.windows.net/116288240407984/Workspace
26/01/16 13:08:42 WARN DriverActivityLogging$: No activity context found. Skip logging driver event.
26/01/16 13:08:42 WARN DriverActivityLogging$: No activity context found. Skip logging driver event.
26/01/16 13:08:42 WARN DriverActivityLogging$: No activity context found. Skip logging driver event.
26/01/16 13:08:42 INFO InMemoryFileIndex: Start listing leaf files and directories. Size of Paths: 1; threshold: 32
26/01/16 13:08:42 WARN DriverActivityLogging$: No activity context found. Skip logging driver event.
26/01/16 13:08:42 INFO InMemoryFileIndex: Start listing leaf files and directories. Size of Paths: 0; threshold: 32
26/01/16 13:08:42 INFO InMemoryFileIndex: It took 22 ms to list leaf files for 1 paths.
26/01/16 13:08:42 INFO InMemoryFileIndex: [ES-1349004] 992.8 KiB bytes allocated for InMemoryFileIndex.refresh0
26/01/16 13:08:42 INFO SparkContext: Starting job: $anonfun$executePhase$2 at LexicalThreadLocal.scala:63
26/01/16 13:08:42 INFO DAGScheduler: Got job 40 ($anonfun$executePhase$2 at LexicalThreadLocal.scala:63) with 1 output partitions
26/01/16 13:08:42 INFO DAGScheduler: Final stage: ResultStage 40 ($anonfun$executePhase$2 at LexicalThreadLocal.scala:63)
26/01/16 13:08:42 INFO DAGScheduler: Parents of final stage: List()
26/01/16 13:08:42 INFO DAGScheduler: Missing parents: List()
26/01/16 13:08:42 INFO DAGScheduler: Submitting ResultStage 40 (MapPartitionsRDD[81] at $anonfun$executePhase$2 at LexicalThreadLocal.scala:63), which has no missing parents
26/01/16 13:08:42 INFO DAGScheduler: Submitting 1 missing tasks from ResultStage 40 (MapPartitionsRDD[81] at $anonfun$executePhase$2 at LexicalThreadLocal.scala:63) (first 15 tasks are for partitions Vector(0))
26/01/16 13:08:42 INFO TaskSchedulerImpl: Adding task set 40.0 with 1 tasks resource profile 0
26/01/16 13:08:42 INFO TaskSetManager: TaskSet 40.0 using PreferredLocationsV1
26/01/16 13:08:42 INFO FairSchedulableBuilder: Added task set TaskSet_40.0 tasks to pool 1768568637510
26/01/16 13:08:42 INFO TaskSetManager: Starting task 0.0 in stage 40.0 (TID 40) (10.139.64.10,executor 0, partition 0, PROCESS_LOCAL, 
26/01/16 13:08:42 INFO MemoryStore: Block broadcast_41 stored as values in memory (estimated size 126.2 KiB, free 3.3 GiB)
26/01/16 13:08:42 INFO MemoryStore: Block broadcast_41_piece0 stored as bytes in memory (estimated size 52.2 KiB, free 3.3 GiB)
26/01/16 13:08:42 INFO SparkContext: Created broadcast 41 from broadcast at TaskSetManager.scala:848
26/01/16 13:08:42 ERROR DriverCorral: Invalid executionContextId: MessagePacket(jupyter_message,Metadata(None,Some(kernel_info_request),Some(3245484445906432),Some(0308-151607-btdoodbb),Some(8143167118108101753),None,Some(CommandContext(...)),Some(Map(jupyter-message-viewer-enabled -> false))),MessagePayload(Map(),Some(control),Some(Header(Some(kernel_info_request),Some(31a6ef37-e3cd-4dd2-9a8a-c63937e83498),Some(databricksnbid:3245484445906432),Some(),Some(2026-01-16T13:08:33.656Z),Some(5.4))),None,Map(),List()),null)
26/01/16 13:08:42 INFO TaskSetManager: Finished task 0.0 in stage 40.0 (TID 40) in 53 ms on 10.139.64.10 (executor 0) (1/1)
26/01/16 13:08:42 INFO TaskSchedulerImpl: Removed TaskSet 40.0 whose tasks have all completed, from pool 1768568637510
26/01/16 13:08:42 INFO DAGScheduler: ResultStage 40 ($anonfun$executePhase$2 at LexicalThreadLocal.scala:63) finished in 58 ms
26/01/16 13:08:42 INFO DAGScheduler: Job 40 is finished. Cancelling potential speculative or zombie tasks for this job
26/01/16 13:08:42 INFO TaskSchedulerImpl: Canceling stage 40
26/01/16 13:08:42 INFO TaskSchedulerImpl: Killing all running tasks in stage 40: Stage finished
26/01/16 13:08:42 INFO DAGScheduler: Job 40 finished: $anonfun$executePhase$2 at LexicalThreadLocal.scala:63, took 62.929304 ms
26/01/16 13:08:42 WARN DataSource: org.apache.spark.sql.sources.DataSourceRegister: com.google.cloud.spark.bigquery.BigQueryRelationProvider Unable to get public no-arg constructor
26/01/16 13:08:42 INFO DbfsReflectionUtilsImpl: Resolved DBFS path InputUri=/Workspace ResolvedPath=abfss://root@dbstoragekduswqmgjq5rc.dfs.core.windows.net/116288240407984/Workspace
26/01/16 13:08:42 WARN DriverActivityLogging$: No activity context found. Skip logging driver event.
26/01/16 13:08:42 WARN DriverActivityLogging$: No activity context found. Skip logging driver event.
26/01/16 13:08:42 WARN DriverActivityLogging$: No activity context found. Skip logging driver event.
26/01/16 13:08:42 INFO InMemoryFileIndex: Start listing leaf files and directories. Size of Paths: 1; threshold: 32
26/01/16 13:08:42 WARN DriverActivityLogging$: No activity context found. Skip logging driver event.
26/01/16 13:08:42 INFO InMemoryFileIndex: Start listing leaf files and directories. Size of Paths: 0; threshold: 32
26/01/16 13:08:42 INFO InMemoryFileIndex: It took 24 ms to list leaf files for 1 paths.
26/01/16 13:08:42 INFO InMemoryFileIndex: [ES-1349004] 994.1 KiB bytes allocated for InMemoryFileIndex.refresh0
26/01/16 13:08:42 INFO SparkContext: Starting job: $anonfun$executePhase$2 at LexicalThreadLocal.scala:63
26/01/16 13:08:42 INFO DAGScheduler: Got job 41 ($anonfun$executePhase$2 at LexicalThreadLocal.scala:63) with 1 output partitions
26/01/16 13:08:42 INFO DAGScheduler: Final stage: ResultStage 41 ($anonfun$executePhase$2 at LexicalThreadLocal.scala:63)
26/01/16 13:08:42 INFO DAGScheduler: Parents of final stage: List()
26/01/16 13:08:42 INFO DAGScheduler: Missing parents: List()
26/01/16 13:08:42 INFO DAGScheduler: Submitting ResultStage 41 (MapPartitionsRDD[83] at $anonfun$executePhase$2 at LexicalThreadLocal.scala:63), which has no missing parents
26/01/16 13:08:42 INFO DAGScheduler: Submitting 1 missing tasks from ResultStage 41 (MapPartitionsRDD[83] at $anonfun$executePhase$2 at LexicalThreadLocal.scala:63) (first 15 tasks are for partitions Vector(0))
26/01/16 13:08:42 INFO TaskSchedulerImpl: Adding task set 41.0 with 1 tasks resource profile 0
26/01/16 13:08:42 INFO TaskSetManager: TaskSet 41.0 using PreferredLocationsV1
26/01/16 13:08:42 INFO FairSchedulableBuilder: Added task set TaskSet_41.0 tasks to pool 1768568637510
26/01/16 13:08:42 INFO TaskSetManager: Starting task 0.0 in stage 41.0 (TID 41) (10.139.64.10,executor 0, partition 0, PROCESS_LOCAL, 
26/01/16 13:08:42 INFO MemoryStore: Block broadcast_42 stored as values in memory (estimated size 126.2 KiB, free 3.3 GiB)
26/01/16 13:08:42 INFO MemoryStore: Block broadcast_42_piece0 stored as bytes in memory (estimated size 52.2 KiB, free 3.3 GiB)
26/01/16 13:08:42 INFO SparkContext: Created broadcast 42 from broadcast at TaskSetManager.scala:848
26/01/16 13:08:43 INFO TaskSetManager: Finished task 0.0 in stage 41.0 (TID 41) in 55 ms on 10.139.64.10 (executor 0) (1/1)
26/01/16 13:08:43 INFO TaskSchedulerImpl: Removed TaskSet 41.0 whose tasks have all completed, from pool 1768568637510
26/01/16 13:08:43 INFO DAGScheduler: ResultStage 41 ($anonfun$executePhase$2 at LexicalThreadLocal.scala:63) finished in 64 ms
26/01/16 13:08:43 INFO DAGScheduler: Job 41 is finished. Cancelling potential speculative or zombie tasks for this job
26/01/16 13:08:43 INFO TaskSchedulerImpl: Canceling stage 41
26/01/16 13:08:43 INFO TaskSchedulerImpl: Killing all running tasks in stage 41: Stage finished
26/01/16 13:08:43 INFO DAGScheduler: Job 41 finished: $anonfun$executePhase$2 at LexicalThreadLocal.scala:63, took 70.237417 ms
26/01/16 13:08:43 WARN DataSource: org.apache.spark.sql.sources.DataSourceRegister: com.google.cloud.spark.bigquery.BigQueryRelationProvider Unable to get public no-arg constructor
26/01/16 13:08:43 INFO DbfsReflectionUtilsImpl: Resolved DBFS path InputUri=/Workspace ResolvedPath=abfss://root@dbstoragekduswqmgjq5rc.dfs.core.windows.net/116288240407984/Workspace
26/01/16 13:08:43 WARN DriverActivityLogging$: No activity context found. Skip logging driver event.
26/01/16 13:08:43 WARN DriverActivityLogging$: No activity context found. Skip logging driver event.
26/01/16 13:08:43 WARN DriverActivityLogging$: No activity context found. Skip logging driver event.
26/01/16 13:08:43 INFO InMemoryFileIndex: Start listing leaf files and directories. Size of Paths: 1; threshold: 32
26/01/16 13:08:43 WARN DriverActivityLogging$: No activity context found. Skip logging driver event.
26/01/16 13:08:43 INFO InMemoryFileIndex: Start listing leaf files and directories. Size of Paths: 0; threshold: 32
26/01/16 13:08:43 INFO InMemoryFileIndex: It took 20 ms to list leaf files for 1 paths.
26/01/16 13:08:43 INFO InMemoryFileIndex: [ES-1349004] 994.0 KiB bytes allocated for InMemoryFileIndex.refresh0
26/01/16 13:08:43 INFO SparkContext: Starting job: $anonfun$executePhase$2 at LexicalThreadLocal.scala:63
26/01/16 13:08:43 INFO DAGScheduler: Got job 42 ($anonfun$executePhase$2 at LexicalThreadLocal.scala:63) with 1 output partitions
26/01/16 13:08:43 INFO DAGScheduler: Final stage: ResultStage 42 ($anonfun$executePhase$2 at LexicalThreadLocal.scala:63)
26/01/16 13:08:43 INFO DAGScheduler: Parents of final stage: List()
26/01/16 13:08:43 INFO DAGScheduler: Missing parents: List()
26/01/16 13:08:43 INFO DAGScheduler: Submitting ResultStage 42 (MapPartitionsRDD[85] at $anonfun$executePhase$2 at LexicalThreadLocal.scala:63), which has no missing parents
26/01/16 13:08:43 INFO DAGScheduler: Submitting 1 missing tasks from ResultStage 42 (MapPartitionsRDD[85] at $anonfun$executePhase$2 at LexicalThreadLocal.scala:63) (first 15 tasks are for partitions Vector(0))
26/01/16 13:08:43 INFO TaskSchedulerImpl: Adding task set 42.0 with 1 tasks resource profile 0
26/01/16 13:08:43 INFO TaskSetManager: TaskSet 42.0 using PreferredLocationsV1
26/01/16 13:08:43 INFO FairSchedulableBuilder: Added task set TaskSet_42.0 tasks to pool 1768568637510
26/01/16 13:08:43 INFO TaskSetManager: Starting task 0.0 in stage 42.0 (TID 42) (10.139.64.10,executor 0, partition 0, PROCESS_LOCAL, 
26/01/16 13:08:43 INFO MemoryStore: Block broadcast_43 stored as values in memory (estimated size 126.2 KiB, free 3.3 GiB)
26/01/16 13:08:43 INFO MemoryStore: Block broadcast_43_piece0 stored as bytes in memory (estimated size 52.2 KiB, free 3.3 GiB)
26/01/16 13:08:43 INFO SparkContext: Created broadcast 43 from broadcast at TaskSetManager.scala:848
26/01/16 13:08:43 INFO TaskSetManager: Finished task 0.0 in stage 42.0 (TID 42) in 56 ms on 10.139.64.10 (executor 0) (1/1)
26/01/16 13:08:43 INFO TaskSchedulerImpl: Removed TaskSet 42.0 whose tasks have all completed, from pool 1768568637510
26/01/16 13:08:43 INFO DAGScheduler: ResultStage 42 ($anonfun$executePhase$2 at LexicalThreadLocal.scala:63) finished in 63 ms
26/01/16 13:08:43 INFO DAGScheduler: Job 42 is finished. Cancelling potential speculative or zombie tasks for this job
26/01/16 13:08:43 INFO TaskSchedulerImpl: Canceling stage 42
26/01/16 13:08:43 INFO TaskSchedulerImpl: Killing all running tasks in stage 42: Stage finished
26/01/16 13:08:43 INFO DAGScheduler: Job 42 finished: $anonfun$executePhase$2 at LexicalThreadLocal.scala:63, took 73.783423 ms
26/01/16 13:08:43 WARN DataSource: org.apache.spark.sql.sources.DataSourceRegister: com.google.cloud.spark.bigquery.BigQueryRelationProvider Unable to get public no-arg constructor
26/01/16 13:08:43 INFO DbfsReflectionUtilsImpl: Resolved DBFS path InputUri=/Workspace ResolvedPath=abfss://root@dbstoragekduswqmgjq5rc.dfs.core.windows.net/116288240407984/Workspace
26/01/16 13:08:43 WARN DriverActivityLogging$: No activity context found. Skip logging driver event.
26/01/16 13:08:43 WARN DriverActivityLogging$: No activity context found. Skip logging driver event.
26/01/16 13:08:43 WARN DriverActivityLogging$: No activity context found. Skip logging driver event.
26/01/16 13:08:43 INFO InMemoryFileIndex: Start listing leaf files and directories. Size of Paths: 1; threshold: 32
26/01/16 13:08:43 WARN DriverActivityLogging$: No activity context found. Skip logging driver event.
26/01/16 13:08:43 INFO InMemoryFileIndex: Start listing leaf files and directories. Size of Paths: 0; threshold: 32
26/01/16 13:08:43 INFO InMemoryFileIndex: It took 23 ms to list leaf files for 1 paths.
26/01/16 13:08:43 INFO InMemoryFileIndex: [ES-1349004] 989.6 KiB bytes allocated for InMemoryFileIndex.refresh0
26/01/16 13:08:43 INFO SparkContext: Starting job: $anonfun$executePhase$2 at LexicalThreadLocal.scala:63
26/01/16 13:08:43 INFO DAGScheduler: Got job 43 ($anonfun$executePhase$2 at LexicalThreadLocal.scala:63) with 1 output partitions
26/01/16 13:08:43 INFO DAGScheduler: Final stage: ResultStage 43 ($anonfun$executePhase$2 at LexicalThreadLocal.scala:63)
26/01/16 13:08:43 INFO DAGScheduler: Parents of final stage: List()
26/01/16 13:08:43 INFO DAGScheduler: Missing parents: List()
26/01/16 13:08:43 INFO DAGScheduler: Submitting ResultStage 43 (MapPartitionsRDD[87] at $anonfun$executePhase$2 at LexicalThreadLocal.scala:63), which has no missing parents
26/01/16 13:08:43 INFO DAGScheduler: Submitting 1 missing tasks from ResultStage 43 (MapPartitionsRDD[87] at $anonfun$executePhase$2 at LexicalThreadLocal.scala:63) (first 15 tasks are for partitions Vector(0))
26/01/16 13:08:43 INFO TaskSchedulerImpl: Adding task set 43.0 with 1 tasks resource profile 0
26/01/16 13:08:43 INFO TaskSetManager: TaskSet 43.0 using PreferredLocationsV1
26/01/16 13:08:43 INFO FairSchedulableBuilder: Added task set TaskSet_43.0 tasks to pool 1768568637510
26/01/16 13:08:43 INFO TaskSetManager: Starting task 0.0 in stage 43.0 (TID 43) (10.139.64.10,executor 0, partition 0, PROCESS_LOCAL, 
26/01/16 13:08:43 INFO MemoryStore: Block broadcast_44 stored as values in memory (estimated size 126.2 KiB, free 3.3 GiB)
26/01/16 13:08:43 INFO MemoryStore: Block broadcast_44_piece0 stored as bytes in memory (estimated size 52.2 KiB, free 3.3 GiB)
26/01/16 13:08:43 INFO SparkContext: Created broadcast 44 from broadcast at TaskSetManager.scala:848
26/01/16 13:08:43 INFO TaskSetManager: Finished task 0.0 in stage 43.0 (TID 43) in 51 ms on 10.139.64.10 (executor 0) (1/1)
26/01/16 13:08:43 INFO TaskSchedulerImpl: Removed TaskSet 43.0 whose tasks have all completed, from pool 1768568637510
26/01/16 13:08:43 INFO DAGScheduler: ResultStage 43 ($anonfun$executePhase$2 at LexicalThreadLocal.scala:63) finished in 59 ms
26/01/16 13:08:43 INFO DAGScheduler: Job 43 is finished. Cancelling potential speculative or zombie tasks for this job
26/01/16 13:08:43 INFO TaskSchedulerImpl: Canceling stage 43
26/01/16 13:08:43 INFO TaskSchedulerImpl: Killing all running tasks in stage 43: Stage finished
26/01/16 13:08:43 INFO DAGScheduler: Job 43 finished: $anonfun$executePhase$2 at LexicalThreadLocal.scala:63, took 62.705704 ms
26/01/16 13:08:43 WARN DataSource: org.apache.spark.sql.sources.DataSourceRegister: com.google.cloud.spark.bigquery.BigQueryRelationProvider Unable to get public no-arg constructor
26/01/16 13:08:43 INFO DbfsReflectionUtilsImpl: Resolved DBFS path InputUri=/Workspace ResolvedPath=abfss://root@dbstoragekduswqmgjq5rc.dfs.core.windows.net/116288240407984/Workspace
26/01/16 13:08:43 WARN DriverActivityLogging$: No activity context found. Skip logging driver event.
26/01/16 13:08:43 WARN DriverActivityLogging$: No activity context found. Skip logging driver event.
26/01/16 13:08:43 WARN DriverActivityLogging$: No activity context found. Skip logging driver event.
26/01/16 13:08:43 INFO InMemoryFileIndex: Start listing leaf files and directories. Size of Paths: 1; threshold: 32
26/01/16 13:08:43 WARN DriverActivityLogging$: No activity context found. Skip logging driver event.
26/01/16 13:08:43 INFO InMemoryFileIndex: Start listing leaf files and directories. Size of Paths: 0; threshold: 32
26/01/16 13:08:43 INFO InMemoryFileIndex: It took 27 ms to list leaf files for 1 paths.
26/01/16 13:08:43 INFO InMemoryFileIndex: [ES-1349004] 988.3 KiB bytes allocated for InMemoryFileIndex.refresh0
26/01/16 13:08:43 INFO SparkContext: Starting job: $anonfun$executePhase$2 at LexicalThreadLocal.scala:63
26/01/16 13:08:43 INFO DAGScheduler: Got job 44 ($anonfun$executePhase$2 at LexicalThreadLocal.scala:63) with 1 output partitions
26/01/16 13:08:43 INFO DAGScheduler: Final stage: ResultStage 44 ($anonfun$executePhase$2 at LexicalThreadLocal.scala:63)
26/01/16 13:08:43 INFO DAGScheduler: Parents of final stage: List()
26/01/16 13:08:43 INFO DAGScheduler: Missing parents: List()
26/01/16 13:08:43 INFO DAGScheduler: Submitting ResultStage 44 (MapPartitionsRDD[89] at $anonfun$executePhase$2 at LexicalThreadLocal.scala:63), which has no missing parents
26/01/16 13:08:43 INFO DAGScheduler: Submitting 1 missing tasks from ResultStage 44 (MapPartitionsRDD[89] at $anonfun$executePhase$2 at LexicalThreadLocal.scala:63) (first 15 tasks are for partitions Vector(0))
26/01/16 13:08:43 INFO TaskSchedulerImpl: Adding task set 44.0 with 1 tasks resource profile 0
26/01/16 13:08:43 INFO TaskSetManager: TaskSet 44.0 using PreferredLocationsV1
26/01/16 13:08:43 INFO FairSchedulableBuilder: Added task set TaskSet_44.0 tasks to pool 1768568637510
26/01/16 13:08:43 INFO TaskSetManager: Starting task 0.0 in stage 44.0 (TID 44) (10.139.64.10,executor 0, partition 0, PROCESS_LOCAL, 
26/01/16 13:08:43 INFO MemoryStore: Block broadcast_45 stored as values in memory (estimated size 126.2 KiB, free 3.3 GiB)
26/01/16 13:08:43 INFO MemoryStore: Block broadcast_45_piece0 stored as bytes in memory (estimated size 52.2 KiB, free 3.3 GiB)
26/01/16 13:08:43 INFO SparkContext: Created broadcast 45 from broadcast at TaskSetManager.scala:848
26/01/16 13:08:43 INFO TaskSetManager: Finished task 0.0 in stage 44.0 (TID 44) in 65 ms on 10.139.64.10 (executor 0) (1/1)
26/01/16 13:08:43 INFO TaskSchedulerImpl: Removed TaskSet 44.0 whose tasks have all completed, from pool 1768568637510
26/01/16 13:08:43 INFO DAGScheduler: ResultStage 44 ($anonfun$executePhase$2 at LexicalThreadLocal.scala:63) finished in 70 ms
26/01/16 13:08:43 INFO DAGScheduler: Job 44 is finished. Cancelling potential speculative or zombie tasks for this job
26/01/16 13:08:43 INFO TaskSchedulerImpl: Canceling stage 44
26/01/16 13:08:43 INFO TaskSchedulerImpl: Killing all running tasks in stage 44: Stage finished
26/01/16 13:08:43 INFO DAGScheduler: Job 44 finished: $anonfun$executePhase$2 at LexicalThreadLocal.scala:63, took 73.566422 ms
26/01/16 13:08:43 WARN DataSource: org.apache.spark.sql.sources.DataSourceRegister: com.google.cloud.spark.bigquery.BigQueryRelationProvider Unable to get public no-arg constructor
26/01/16 13:08:43 INFO DbfsReflectionUtilsImpl: Resolved DBFS path InputUri=/Workspace ResolvedPath=abfss://root@dbstoragekduswqmgjq5rc.dfs.core.windows.net/116288240407984/Workspace
26/01/16 13:08:43 WARN DriverActivityLogging$: No activity context found. Skip logging driver event.
26/01/16 13:08:43 WARN DriverActivityLogging$: No activity context found. Skip logging driver event.
26/01/16 13:08:43 WARN DriverActivityLogging$: No activity context found. Skip logging driver event.
26/01/16 13:08:43 INFO InMemoryFileIndex: Start listing leaf files and directories. Size of Paths: 1; threshold: 32
26/01/16 13:08:43 WARN DriverActivityLogging$: No activity context found. Skip logging driver event.
26/01/16 13:08:43 INFO InMemoryFileIndex: Start listing leaf files and directories. Size of Paths: 0; threshold: 32
26/01/16 13:08:43 INFO InMemoryFileIndex: It took 26 ms to list leaf files for 1 paths.
26/01/16 13:08:43 INFO InMemoryFileIndex: [ES-1349004] 985.9 KiB bytes allocated for InMemoryFileIndex.refresh0
26/01/16 13:08:43 INFO SparkContext: Starting job: $anonfun$executePhase$2 at LexicalThreadLocal.scala:63
26/01/16 13:08:43 INFO DAGScheduler: Got job 45 ($anonfun$executePhase$2 at LexicalThreadLocal.scala:63) with 1 output partitions
26/01/16 13:08:43 INFO DAGScheduler: Final stage: ResultStage 45 ($anonfun$executePhase$2 at LexicalThreadLocal.scala:63)
26/01/16 13:08:43 INFO DAGScheduler: Parents of final stage: List()
26/01/16 13:08:43 INFO DAGScheduler: Missing parents: List()
26/01/16 13:08:43 INFO DAGScheduler: Submitting ResultStage 45 (MapPartitionsRDD[91] at $anonfun$executePhase$2 at LexicalThreadLocal.scala:63), which has no missing parents
26/01/16 13:08:43 INFO DAGScheduler: Submitting 1 missing tasks from ResultStage 45 (MapPartitionsRDD[91] at $anonfun$executePhase$2 at LexicalThreadLocal.scala:63) (first 15 tasks are for partitions Vector(0))
26/01/16 13:08:43 INFO TaskSchedulerImpl: Adding task set 45.0 with 1 tasks resource profile 0
26/01/16 13:08:43 INFO TaskSetManager: TaskSet 45.0 using PreferredLocationsV1
26/01/16 13:08:43 INFO FairSchedulableBuilder: Added task set TaskSet_45.0 tasks to pool 1768568637510
26/01/16 13:08:43 INFO TaskSetManager: Starting task 0.0 in stage 45.0 (TID 45) (10.139.64.10,executor 0, partition 0, PROCESS_LOCAL, 
26/01/16 13:08:43 INFO MemoryStore: Block broadcast_46 stored as values in memory (estimated size 126.2 KiB, free 3.3 GiB)
26/01/16 13:08:43 INFO MemoryStore: Block broadcast_46_piece0 stored as bytes in memory (estimated size 52.2 KiB, free 3.3 GiB)
26/01/16 13:08:43 INFO SparkContext: Created broadcast 46 from broadcast at TaskSetManager.scala:848
26/01/16 13:08:43 INFO TaskSetManager: Finished task 0.0 in stage 45.0 (TID 45) in 58 ms on 10.139.64.10 (executor 0) (1/1)
26/01/16 13:08:43 INFO TaskSchedulerImpl: Removed TaskSet 45.0 whose tasks have all completed, from pool 1768568637510
26/01/16 13:08:43 INFO DAGScheduler: ResultStage 45 ($anonfun$executePhase$2 at LexicalThreadLocal.scala:63) finished in 67 ms
26/01/16 13:08:43 INFO DAGScheduler: Job 45 is finished. Cancelling potential speculative or zombie tasks for this job
26/01/16 13:08:43 INFO TaskSchedulerImpl: Canceling stage 45
26/01/16 13:08:43 INFO TaskSchedulerImpl: Killing all running tasks in stage 45: Stage finished
26/01/16 13:08:43 INFO DAGScheduler: Job 45 finished: $anonfun$executePhase$2 at LexicalThreadLocal.scala:63, took 81.327535 ms
26/01/16 13:08:43 WARN DataSource: org.apache.spark.sql.sources.DataSourceRegister: com.google.cloud.spark.bigquery.BigQueryRelationProvider Unable to get public no-arg constructor
26/01/16 13:08:43 INFO DbfsReflectionUtilsImpl: Resolved DBFS path InputUri=/Workspace ResolvedPath=abfss://root@dbstoragekduswqmgjq5rc.dfs.core.windows.net/116288240407984/Workspace
26/01/16 13:08:43 WARN DriverActivityLogging$: No activity context found. Skip logging driver event.
26/01/16 13:08:43 WARN DriverActivityLogging$: No activity context found. Skip logging driver event.
26/01/16 13:08:43 WARN DriverActivityLogging$: No activity context found. Skip logging driver event.
26/01/16 13:08:43 INFO InMemoryFileIndex: Start listing leaf files and directories. Size of Paths: 1; threshold: 32
26/01/16 13:08:43 WARN DriverActivityLogging$: No activity context found. Skip logging driver event.
26/01/16 13:08:43 INFO InMemoryFileIndex: Start listing leaf files and directories. Size of Paths: 0; threshold: 32
26/01/16 13:08:43 INFO InMemoryFileIndex: It took 24 ms to list leaf files for 1 paths.
26/01/16 13:08:43 INFO InMemoryFileIndex: [ES-1349004] 986.5 KiB bytes allocated for InMemoryFileIndex.refresh0
26/01/16 13:08:43 INFO SparkContext: Starting job: $anonfun$executePhase$2 at LexicalThreadLocal.scala:63
26/01/16 13:08:43 INFO DAGScheduler: Got job 46 ($anonfun$executePhase$2 at LexicalThreadLocal.scala:63) with 1 output partitions
26/01/16 13:08:43 INFO DAGScheduler: Final stage: ResultStage 46 ($anonfun$executePhase$2 at LexicalThreadLocal.scala:63)
26/01/16 13:08:43 INFO DAGScheduler: Parents of final stage: List()
26/01/16 13:08:43 INFO DAGScheduler: Missing parents: List()
26/01/16 13:08:43 INFO DAGScheduler: Submitting ResultStage 46 (MapPartitionsRDD[93] at $anonfun$executePhase$2 at LexicalThreadLocal.scala:63), which has no missing parents
26/01/16 13:08:43 INFO DAGScheduler: Submitting 1 missing tasks from ResultStage 46 (MapPartitionsRDD[93] at $anonfun$executePhase$2 at LexicalThreadLocal.scala:63) (first 15 tasks are for partitions Vector(0))
26/01/16 13:08:43 INFO TaskSchedulerImpl: Adding task set 46.0 with 1 tasks resource profile 0
26/01/16 13:08:43 INFO TaskSetManager: TaskSet 46.0 using PreferredLocationsV1
26/01/16 13:08:43 INFO FairSchedulableBuilder: Added task set TaskSet_46.0 tasks to pool 1768568637510
26/01/16 13:08:43 INFO TaskSetManager: Starting task 0.0 in stage 46.0 (TID 46) (10.139.64.10,executor 0, partition 0, PROCESS_LOCAL, 
26/01/16 13:08:43 INFO MemoryStore: Block broadcast_47 stored as values in memory (estimated size 126.2 KiB, free 3.3 GiB)
26/01/16 13:08:43 INFO MemoryStore: Block broadcast_47_piece0 stored as bytes in memory (estimated size 52.2 KiB, free 3.3 GiB)
26/01/16 13:08:43 INFO SparkContext: Created broadcast 47 from broadcast at TaskSetManager.scala:848
26/01/16 13:08:43 INFO TaskSetManager: Finished task 0.0 in stage 46.0 (TID 46) in 53 ms on 10.139.64.10 (executor 0) (1/1)
26/01/16 13:08:43 INFO TaskSchedulerImpl: Removed TaskSet 46.0 whose tasks have all completed, from pool 1768568637510
26/01/16 13:08:43 INFO DAGScheduler: ResultStage 46 ($anonfun$executePhase$2 at LexicalThreadLocal.scala:63) finished in 62 ms
26/01/16 13:08:43 INFO DAGScheduler: Job 46 is finished. Cancelling potential speculative or zombie tasks for this job
26/01/16 13:08:43 INFO TaskSchedulerImpl: Canceling stage 46
26/01/16 13:08:43 INFO TaskSchedulerImpl: Killing all running tasks in stage 46: Stage finished
26/01/16 13:08:44 INFO DAGScheduler: Job 46 finished: $anonfun$executePhase$2 at LexicalThreadLocal.scala:63, took 76.050127 ms
26/01/16 13:08:44 WARN DataSource: org.apache.spark.sql.sources.DataSourceRegister: com.google.cloud.spark.bigquery.BigQueryRelationProvider Unable to get public no-arg constructor
26/01/16 13:08:44 INFO DbfsReflectionUtilsImpl: Resolved DBFS path InputUri=/Workspace ResolvedPath=abfss://root@dbstoragekduswqmgjq5rc.dfs.core.windows.net/116288240407984/Workspace
26/01/16 13:08:44 WARN DriverActivityLogging$: No activity context found. Skip logging driver event.
26/01/16 13:08:44 WARN DriverActivityLogging$: No activity context found. Skip logging driver event.
26/01/16 13:08:44 WARN DriverActivityLogging$: No activity context found. Skip logging driver event.
26/01/16 13:08:44 INFO InMemoryFileIndex: Start listing leaf files and directories. Size of Paths: 1; threshold: 32
26/01/16 13:08:44 WARN DriverActivityLogging$: No activity context found. Skip logging driver event.
26/01/16 13:08:44 INFO InMemoryFileIndex: Start listing leaf files and directories. Size of Paths: 0; threshold: 32
26/01/16 13:08:44 INFO InMemoryFileIndex: It took 23 ms to list leaf files for 1 paths.
26/01/16 13:08:44 INFO InMemoryFileIndex: [ES-1349004] 988.1 KiB bytes allocated for InMemoryFileIndex.refresh0
26/01/16 13:08:44 INFO SparkContext: Starting job: $anonfun$executePhase$2 at LexicalThreadLocal.scala:63
26/01/16 13:08:44 INFO DAGScheduler: Got job 47 ($anonfun$executePhase$2 at LexicalThreadLocal.scala:63) with 1 output partitions
26/01/16 13:08:44 INFO DAGScheduler: Final stage: ResultStage 47 ($anonfun$executePhase$2 at LexicalThreadLocal.scala:63)
26/01/16 13:08:44 INFO DAGScheduler: Parents of final stage: List()
26/01/16 13:08:44 INFO DAGScheduler: Missing parents: List()
26/01/16 13:08:44 INFO DAGScheduler: Submitting ResultStage 47 (MapPartitionsRDD[95] at $anonfun$executePhase$2 at LexicalThreadLocal.scala:63), which has no missing parents
26/01/16 13:08:44 INFO DAGScheduler: Submitting 1 missing tasks from ResultStage 47 (MapPartitionsRDD[95] at $anonfun$executePhase$2 at LexicalThreadLocal.scala:63) (first 15 tasks are for partitions Vector(0))
26/01/16 13:08:44 INFO TaskSchedulerImpl: Adding task set 47.0 with 1 tasks resource profile 0
26/01/16 13:08:44 INFO TaskSetManager: TaskSet 47.0 using PreferredLocationsV1
26/01/16 13:08:44 INFO FairSchedulableBuilder: Added task set TaskSet_47.0 tasks to pool 1768568637510
26/01/16 13:08:44 INFO TaskSetManager: Starting task 0.0 in stage 47.0 (TID 47) (10.139.64.10,executor 0, partition 0, PROCESS_LOCAL, 
26/01/16 13:08:44 INFO MemoryStore: Block broadcast_48 stored as values in memory (estimated size 126.2 KiB, free 3.3 GiB)
26/01/16 13:08:44 INFO MemoryStore: Block broadcast_48_piece0 stored as bytes in memory (estimated size 52.2 KiB, free 3.3 GiB)
26/01/16 13:08:44 INFO SparkContext: Created broadcast 48 from broadcast at TaskSetManager.scala:848
26/01/16 13:08:44 INFO TaskSetManager: Finished task 0.0 in stage 47.0 (TID 47) in 52 ms on 10.139.64.10 (executor 0) (1/1)
26/01/16 13:08:44 INFO TaskSchedulerImpl: Removed TaskSet 47.0 whose tasks have all completed, from pool 1768568637510
26/01/16 13:08:44 INFO DAGScheduler: ResultStage 47 ($anonfun$executePhase$2 at LexicalThreadLocal.scala:63) finished in 58 ms
26/01/16 13:08:44 INFO DAGScheduler: Job 47 is finished. Cancelling potential speculative or zombie tasks for this job
26/01/16 13:08:44 INFO TaskSchedulerImpl: Canceling stage 47
26/01/16 13:08:44 INFO TaskSchedulerImpl: Killing all running tasks in stage 47: Stage finished
26/01/16 13:08:44 INFO DAGScheduler: Job 47 finished: $anonfun$executePhase$2 at LexicalThreadLocal.scala:63, took 63.043405 ms
26/01/16 13:08:44 WARN DataSource: org.apache.spark.sql.sources.DataSourceRegister: com.google.cloud.spark.bigquery.BigQueryRelationProvider Unable to get public no-arg constructor
26/01/16 13:08:44 INFO DbfsReflectionUtilsImpl: Resolved DBFS path InputUri=/Workspace ResolvedPath=abfss://root@dbstoragekduswqmgjq5rc.dfs.core.windows.net/116288240407984/Workspace
26/01/16 13:08:44 WARN DriverActivityLogging$: No activity context found. Skip logging driver event.
26/01/16 13:08:44 WARN DriverActivityLogging$: No activity context found. Skip logging driver event.
26/01/16 13:08:44 WARN DriverActivityLogging$: No activity context found. Skip logging driver event.
26/01/16 13:08:44 INFO InMemoryFileIndex: Start listing leaf files and directories. Size of Paths: 1; threshold: 32
26/01/16 13:08:44 WARN DriverActivityLogging$: No activity context found. Skip logging driver event.
26/01/16 13:08:44 INFO InMemoryFileIndex: Start listing leaf files and directories. Size of Paths: 0; threshold: 32
26/01/16 13:08:44 INFO InMemoryFileIndex: It took 16 ms to list leaf files for 1 paths.
26/01/16 13:08:44 INFO InMemoryFileIndex: [ES-1349004] 986.1 KiB bytes allocated for InMemoryFileIndex.refresh0
26/01/16 13:08:44 INFO SparkContext: Starting job: $anonfun$executePhase$2 at LexicalThreadLocal.scala:63
26/01/16 13:08:44 INFO DAGScheduler: Got job 48 ($anonfun$executePhase$2 at LexicalThreadLocal.scala:63) with 1 output partitions
26/01/16 13:08:44 INFO DAGScheduler: Final stage: ResultStage 48 ($anonfun$executePhase$2 at LexicalThreadLocal.scala:63)
26/01/16 13:08:44 INFO DAGScheduler: Parents of final stage: List()
26/01/16 13:08:44 INFO DAGScheduler: Missing parents: List()
26/01/16 13:08:44 INFO DAGScheduler: Submitting ResultStage 48 (MapPartitionsRDD[97] at $anonfun$executePhase$2 at LexicalThreadLocal.scala:63), which has no missing parents
26/01/16 13:08:44 INFO DAGScheduler: Submitting 1 missing tasks from ResultStage 48 (MapPartitionsRDD[97] at $anonfun$executePhase$2 at LexicalThreadLocal.scala:63) (first 15 tasks are for partitions Vector(0))
26/01/16 13:08:44 INFO TaskSchedulerImpl: Adding task set 48.0 with 1 tasks resource profile 0
26/01/16 13:08:44 INFO TaskSetManager: TaskSet 48.0 using PreferredLocationsV1
26/01/16 13:08:44 INFO FairSchedulableBuilder: Added task set TaskSet_48.0 tasks to pool 1768568637510
26/01/16 13:08:44 INFO TaskSetManager: Starting task 0.0 in stage 48.0 (TID 48) (10.139.64.10,executor 0, partition 0, PROCESS_LOCAL, 
26/01/16 13:08:44 INFO MemoryStore: Block broadcast_49 stored as values in memory (estimated size 126.2 KiB, free 3.3 GiB)
26/01/16 13:08:44 INFO MemoryStore: Block broadcast_49_piece0 stored as bytes in memory (estimated size 52.2 KiB, free 3.3 GiB)
26/01/16 13:08:44 INFO SparkContext: Created broadcast 49 from broadcast at TaskSetManager.scala:848
26/01/16 13:08:44 INFO TaskSetManager: Finished task 0.0 in stage 48.0 (TID 48) in 50 ms on 10.139.64.10 (executor 0) (1/1)
26/01/16 13:08:44 INFO TaskSchedulerImpl: Removed TaskSet 48.0 whose tasks have all completed, from pool 1768568637510
26/01/16 13:08:44 INFO DAGScheduler: ResultStage 48 ($anonfun$executePhase$2 at LexicalThreadLocal.scala:63) finished in 58 ms
26/01/16 13:08:44 INFO DAGScheduler: Job 48 is finished. Cancelling potential speculative or zombie tasks for this job
26/01/16 13:08:44 INFO TaskSchedulerImpl: Canceling stage 48
26/01/16 13:08:44 INFO TaskSchedulerImpl: Killing all running tasks in stage 48: Stage finished
26/01/16 13:08:44 INFO DAGScheduler: Job 48 finished: $anonfun$executePhase$2 at LexicalThreadLocal.scala:63, took 65.96711 ms
26/01/16 13:08:44 WARN DataSource: org.apache.spark.sql.sources.DataSourceRegister: com.google.cloud.spark.bigquery.BigQueryRelationProvider Unable to get public no-arg constructor
26/01/16 13:08:44 INFO DbfsReflectionUtilsImpl: Resolved DBFS path InputUri=/Workspace ResolvedPath=abfss://root@dbstoragekduswqmgjq5rc.dfs.core.windows.net/116288240407984/Workspace
26/01/16 13:08:44 WARN DriverActivityLogging$: No activity context found. Skip logging driver event.
26/01/16 13:08:44 WARN DriverActivityLogging$: No activity context found. Skip logging driver event.
26/01/16 13:08:44 WARN DriverActivityLogging$: No activity context found. Skip logging driver event.
26/01/16 13:08:44 INFO InMemoryFileIndex: Start listing leaf files and directories. Size of Paths: 1; threshold: 32
26/01/16 13:08:44 WARN DriverActivityLogging$: No activity context found. Skip logging driver event.
26/01/16 13:08:44 INFO InMemoryFileIndex: Start listing leaf files and directories. Size of Paths: 0; threshold: 32
26/01/16 13:08:44 INFO InMemoryFileIndex: It took 19 ms to list leaf files for 1 paths.
26/01/16 13:08:44 INFO InMemoryFileIndex: [ES-1349004] 981.3 KiB bytes allocated for InMemoryFileIndex.refresh0
26/01/16 13:08:44 INFO SparkContext: Starting job: $anonfun$executePhase$2 at LexicalThreadLocal.scala:63
26/01/16 13:08:44 INFO DAGScheduler: Got job 49 ($anonfun$executePhase$2 at LexicalThreadLocal.scala:63) with 1 output partitions
26/01/16 13:08:44 INFO DAGScheduler: Final stage: ResultStage 49 ($anonfun$executePhase$2 at LexicalThreadLocal.scala:63)
26/01/16 13:08:44 INFO DAGScheduler: Parents of final stage: List()
26/01/16 13:08:44 INFO DAGScheduler: Missing parents: List()
26/01/16 13:08:44 INFO DAGScheduler: Submitting ResultStage 49 (MapPartitionsRDD[99] at $anonfun$executePhase$2 at LexicalThreadLocal.scala:63), which has no missing parents
26/01/16 13:08:44 INFO DAGScheduler: Submitting 1 missing tasks from ResultStage 49 (MapPartitionsRDD[99] at $anonfun$executePhase$2 at LexicalThreadLocal.scala:63) (first 15 tasks are for partitions Vector(0))
26/01/16 13:08:44 INFO TaskSchedulerImpl: Adding task set 49.0 with 1 tasks resource profile 0
26/01/16 13:08:44 INFO TaskSetManager: TaskSet 49.0 using PreferredLocationsV1
26/01/16 13:08:44 INFO FairSchedulableBuilder: Added task set TaskSet_49.0 tasks to pool 1768568637510
26/01/16 13:08:44 INFO TaskSetManager: Starting task 0.0 in stage 49.0 (TID 49) (10.139.64.10,executor 0, partition 0, PROCESS_LOCAL, 
26/01/16 13:08:44 INFO MemoryStore: Block broadcast_50 stored as values in memory (estimated size 126.2 KiB, free 3.3 GiB)
26/01/16 13:08:44 INFO MemoryStore: Block broadcast_50_piece0 stored as bytes in memory (estimated size 52.2 KiB, free 3.3 GiB)
26/01/16 13:08:44 INFO SparkContext: Created broadcast 50 from broadcast at TaskSetManager.scala:848
26/01/16 13:08:44 INFO TaskSetManager: Finished task 0.0 in stage 49.0 (TID 49) in 80 ms on 10.139.64.10 (executor 0) (1/1)
26/01/16 13:08:44 INFO TaskSchedulerImpl: Removed TaskSet 49.0 whose tasks have all completed, from pool 1768568637510
26/01/16 13:08:44 INFO DAGScheduler: ResultStage 49 ($anonfun$executePhase$2 at LexicalThreadLocal.scala:63) finished in 88 ms
26/01/16 13:08:44 INFO DAGScheduler: Job 49 is finished. Cancelling potential speculative or zombie tasks for this job
26/01/16 13:08:44 INFO TaskSchedulerImpl: Canceling stage 49
26/01/16 13:08:44 INFO TaskSchedulerImpl: Killing all running tasks in stage 49: Stage finished
26/01/16 13:08:44 INFO DAGScheduler: Job 49 finished: $anonfun$executePhase$2 at LexicalThreadLocal.scala:63, took 93.789456 ms
26/01/16 13:08:44 WARN DataSource: org.apache.spark.sql.sources.DataSourceRegister: com.google.cloud.spark.bigquery.BigQueryRelationProvider Unable to get public no-arg constructor
26/01/16 13:08:44 INFO DbfsReflectionUtilsImpl: Resolved DBFS path InputUri=/Workspace ResolvedPath=abfss://root@dbstoragekduswqmgjq5rc.dfs.core.windows.net/116288240407984/Workspace
26/01/16 13:08:44 WARN DriverActivityLogging$: No activity context found. Skip logging driver event.
26/01/16 13:08:44 WARN DriverActivityLogging$: No activity context found. Skip logging driver event.
26/01/16 13:08:44 WARN DriverActivityLogging$: No activity context found. Skip logging driver event.
26/01/16 13:08:44 INFO InMemoryFileIndex: Start listing leaf files and directories. Size of Paths: 1; threshold: 32
26/01/16 13:08:44 WARN DriverActivityLogging$: No activity context found. Skip logging driver event.
26/01/16 13:08:44 INFO InMemoryFileIndex: Start listing leaf files and directories. Size of Paths: 0; threshold: 32
26/01/16 13:08:44 INFO InMemoryFileIndex: It took 20 ms to list leaf files for 1 paths.
26/01/16 13:08:44 INFO InMemoryFileIndex: [ES-1349004] 973.1 KiB bytes allocated for InMemoryFileIndex.refresh0
26/01/16 13:08:44 INFO SparkContext: Starting job: $anonfun$executePhase$2 at LexicalThreadLocal.scala:63
26/01/16 13:08:44 INFO DAGScheduler: Got job 50 ($anonfun$executePhase$2 at LexicalThreadLocal.scala:63) with 1 output partitions
26/01/16 13:08:44 INFO DAGScheduler: Final stage: ResultStage 50 ($anonfun$executePhase$2 at LexicalThreadLocal.scala:63)
26/01/16 13:08:44 INFO DAGScheduler: Parents of final stage: List()
26/01/16 13:08:44 INFO DAGScheduler: Missing parents: List()
26/01/16 13:08:44 INFO DAGScheduler: Submitting ResultStage 50 (MapPartitionsRDD[101] at $anonfun$executePhase$2 at LexicalThreadLocal.scala:63), which has no missing parents
26/01/16 13:08:44 INFO DAGScheduler: Submitting 1 missing tasks from ResultStage 50 (MapPartitionsRDD[101] at $anonfun$executePhase$2 at LexicalThreadLocal.scala:63) (first 15 tasks are for partitions Vector(0))
26/01/16 13:08:44 INFO TaskSchedulerImpl: Adding task set 50.0 with 1 tasks resource profile 0
26/01/16 13:08:44 INFO TaskSetManager: TaskSet 50.0 using PreferredLocationsV1
26/01/16 13:08:44 INFO FairSchedulableBuilder: Added task set TaskSet_50.0 tasks to pool 1768568637510
26/01/16 13:08:44 INFO TaskSetManager: Starting task 0.0 in stage 50.0 (TID 50) (10.139.64.10,executor 0, partition 0, PROCESS_LOCAL, 
26/01/16 13:08:44 INFO MemoryStore: Block broadcast_51 stored as values in memory (estimated size 126.2 KiB, free 3.3 GiB)
26/01/16 13:08:44 INFO MemoryStore: Block broadcast_51_piece0 stored as bytes in memory (estimated size 52.2 KiB, free 3.3 GiB)
26/01/16 13:08:44 INFO SparkContext: Created broadcast 51 from broadcast at TaskSetManager.scala:848
26/01/16 13:08:44 INFO TaskSetManager: Finished task 0.0 in stage 50.0 (TID 50) in 55 ms on 10.139.64.10 (executor 0) (1/1)
26/01/16 13:08:44 INFO TaskSchedulerImpl: Removed TaskSet 50.0 whose tasks have all completed, from pool 1768568637510
26/01/16 13:08:44 INFO DAGScheduler: ResultStage 50 ($anonfun$executePhase$2 at LexicalThreadLocal.scala:63) finished in 61 ms
26/01/16 13:08:44 INFO DAGScheduler: Job 50 is finished. Cancelling potential speculative or zombie tasks for this job
26/01/16 13:08:44 INFO TaskSchedulerImpl: Canceling stage 50
26/01/16 13:08:44 INFO TaskSchedulerImpl: Killing all running tasks in stage 50: Stage finished
26/01/16 13:08:44 INFO DAGScheduler: Job 50 finished: $anonfun$executePhase$2 at LexicalThreadLocal.scala:63, took 77.328929 ms
26/01/16 13:08:44 WARN DataSource: org.apache.spark.sql.sources.DataSourceRegister: com.google.cloud.spark.bigquery.BigQueryRelationProvider Unable to get public no-arg constructor
26/01/16 13:08:44 INFO DbfsReflectionUtilsImpl: Resolved DBFS path InputUri=/Workspace ResolvedPath=abfss://root@dbstoragekduswqmgjq5rc.dfs.core.windows.net/116288240407984/Workspace
26/01/16 13:08:44 WARN DriverActivityLogging$: No activity context found. Skip logging driver event.
26/01/16 13:08:44 WARN DriverActivityLogging$: No activity context found. Skip logging driver event.
26/01/16 13:08:44 WARN DriverActivityLogging$: No activity context found. Skip logging driver event.
26/01/16 13:08:44 INFO InMemoryFileIndex: Start listing leaf files and directories. Size of Paths: 1; threshold: 32
26/01/16 13:08:44 WARN DriverActivityLogging$: No activity context found. Skip logging driver event.
26/01/16 13:08:44 INFO InMemoryFileIndex: Start listing leaf files and directories. Size of Paths: 0; threshold: 32
26/01/16 13:08:44 INFO InMemoryFileIndex: It took 32 ms to list leaf files for 1 paths.
26/01/16 13:08:44 INFO InMemoryFileIndex: [ES-1349004] 967.6 KiB bytes allocated for InMemoryFileIndex.refresh0
26/01/16 13:08:44 INFO SparkContext: Starting job: $anonfun$executePhase$2 at LexicalThreadLocal.scala:63
26/01/16 13:08:44 INFO DAGScheduler: Got job 51 ($anonfun$executePhase$2 at LexicalThreadLocal.scala:63) with 1 output partitions
26/01/16 13:08:44 INFO DAGScheduler: Final stage: ResultStage 51 ($anonfun$executePhase$2 at LexicalThreadLocal.scala:63)
26/01/16 13:08:44 INFO DAGScheduler: Parents of final stage: List()
26/01/16 13:08:44 INFO DAGScheduler: Missing parents: List()
26/01/16 13:08:44 INFO DAGScheduler: Submitting ResultStage 51 (MapPartitionsRDD[103] at $anonfun$executePhase$2 at LexicalThreadLocal.scala:63), which has no missing parents
26/01/16 13:08:44 INFO DAGScheduler: Submitting 1 missing tasks from ResultStage 51 (MapPartitionsRDD[103] at $anonfun$executePhase$2 at LexicalThreadLocal.scala:63) (first 15 tasks are for partitions Vector(0))
26/01/16 13:08:44 INFO TaskSchedulerImpl: Adding task set 51.0 with 1 tasks resource profile 0
26/01/16 13:08:44 INFO TaskSetManager: TaskSet 51.0 using PreferredLocationsV1
26/01/16 13:08:44 INFO FairSchedulableBuilder: Added task set TaskSet_51.0 tasks to pool 1768568637510
26/01/16 13:08:44 INFO TaskSetManager: Starting task 0.0 in stage 51.0 (TID 51) (10.139.64.10,executor 0, partition 0, PROCESS_LOCAL, 
26/01/16 13:08:44 INFO MemoryStore: Block broadcast_52 stored as values in memory (estimated size 126.2 KiB, free 3.3 GiB)
26/01/16 13:08:44 INFO MemoryStore: Block broadcast_52_piece0 stored as bytes in memory (estimated size 52.2 KiB, free 3.3 GiB)
26/01/16 13:08:44 INFO SparkContext: Created broadcast 52 from broadcast at TaskSetManager.scala:848
26/01/16 13:08:44 INFO TaskSetManager: Finished task 0.0 in stage 51.0 (TID 51) in 63 ms on 10.139.64.10 (executor 0) (1/1)
26/01/16 13:08:44 INFO TaskSchedulerImpl: Removed TaskSet 51.0 whose tasks have all completed, from pool 1768568637510
26/01/16 13:08:44 INFO DAGScheduler: ResultStage 51 ($anonfun$executePhase$2 at LexicalThreadLocal.scala:63) finished in 73 ms
26/01/16 13:08:44 INFO DAGScheduler: Job 51 is finished. Cancelling potential speculative or zombie tasks for this job
26/01/16 13:08:44 INFO TaskSchedulerImpl: Canceling stage 51
26/01/16 13:08:44 INFO TaskSchedulerImpl: Killing all running tasks in stage 51: Stage finished
26/01/16 13:08:44 INFO DAGScheduler: Job 51 finished: $anonfun$executePhase$2 at LexicalThreadLocal.scala:63, took 80.257633 ms
26/01/16 13:08:44 WARN DataSource: org.apache.spark.sql.sources.DataSourceRegister: com.google.cloud.spark.bigquery.BigQueryRelationProvider Unable to get public no-arg constructor
26/01/16 13:08:44 INFO DbfsReflectionUtilsImpl: Resolved DBFS path InputUri=/Workspace ResolvedPath=abfss://root@dbstoragekduswqmgjq5rc.dfs.core.windows.net/116288240407984/Workspace
26/01/16 13:08:44 WARN DriverActivityLogging$: No activity context found. Skip logging driver event.
26/01/16 13:08:44 WARN DriverActivityLogging$: No activity context found. Skip logging driver event.
26/01/16 13:08:45 WARN DriverActivityLogging$: No activity context found. Skip logging driver event.
26/01/16 13:08:45 INFO InMemoryFileIndex: Start listing leaf files and directories. Size of Paths: 1; threshold: 32
26/01/16 13:08:45 WARN DriverActivityLogging$: No activity context found. Skip logging driver event.
26/01/16 13:08:45 INFO InMemoryFileIndex: Start listing leaf files and directories. Size of Paths: 0; threshold: 32
26/01/16 13:08:45 INFO InMemoryFileIndex: It took 19 ms to list leaf files for 1 paths.
26/01/16 13:08:45 INFO InMemoryFileIndex: [ES-1349004] 970.3 KiB bytes allocated for InMemoryFileIndex.refresh0
26/01/16 13:08:45 INFO SparkContext: Starting job: $anonfun$executePhase$2 at LexicalThreadLocal.scala:63
26/01/16 13:08:45 INFO DAGScheduler: Got job 52 ($anonfun$executePhase$2 at LexicalThreadLocal.scala:63) with 1 output partitions
26/01/16 13:08:45 INFO DAGScheduler: Final stage: ResultStage 52 ($anonfun$executePhase$2 at LexicalThreadLocal.scala:63)
26/01/16 13:08:45 INFO DAGScheduler: Parents of final stage: List()
26/01/16 13:08:45 INFO DAGScheduler: Missing parents: List()
26/01/16 13:08:45 INFO DAGScheduler: Submitting ResultStage 52 (MapPartitionsRDD[105] at $anonfun$executePhase$2 at LexicalThreadLocal.scala:63), which has no missing parents
26/01/16 13:08:45 INFO DAGScheduler: Submitting 1 missing tasks from ResultStage 52 (MapPartitionsRDD[105] at $anonfun$executePhase$2 at LexicalThreadLocal.scala:63) (first 15 tasks are for partitions Vector(0))
26/01/16 13:08:45 INFO TaskSchedulerImpl: Adding task set 52.0 with 1 tasks resource profile 0
26/01/16 13:08:45 INFO TaskSetManager: TaskSet 52.0 using PreferredLocationsV1
26/01/16 13:08:45 INFO FairSchedulableBuilder: Added task set TaskSet_52.0 tasks to pool 1768568637510
26/01/16 13:08:45 INFO TaskSetManager: Starting task 0.0 in stage 52.0 (TID 52) (10.139.64.10,executor 0, partition 0, PROCESS_LOCAL, 
26/01/16 13:08:45 INFO MemoryStore: Block broadcast_53 stored as values in memory (estimated size 126.2 KiB, free 3.3 GiB)
26/01/16 13:08:45 INFO MemoryStore: Block broadcast_53_piece0 stored as bytes in memory (estimated size 52.2 KiB, free 3.3 GiB)
26/01/16 13:08:45 INFO SparkContext: Created broadcast 53 from broadcast at TaskSetManager.scala:848
26/01/16 13:08:45 INFO TaskSetManager: Finished task 0.0 in stage 52.0 (TID 52) in 58 ms on 10.139.64.10 (executor 0) (1/1)
26/01/16 13:08:45 INFO TaskSchedulerImpl: Removed TaskSet 52.0 whose tasks have all completed, from pool 1768568637510
26/01/16 13:08:45 INFO DAGScheduler: ResultStage 52 ($anonfun$executePhase$2 at LexicalThreadLocal.scala:63) finished in 66 ms
26/01/16 13:08:45 INFO DAGScheduler: Job 52 is finished. Cancelling potential speculative or zombie tasks for this job
26/01/16 13:08:45 INFO TaskSchedulerImpl: Canceling stage 52
26/01/16 13:08:45 INFO TaskSchedulerImpl: Killing all running tasks in stage 52: Stage finished
26/01/16 13:08:45 INFO DAGScheduler: Job 52 finished: $anonfun$executePhase$2 at LexicalThreadLocal.scala:63, took 70.253517 ms
26/01/16 13:08:45 WARN DataSource: org.apache.spark.sql.sources.DataSourceRegister: com.google.cloud.spark.bigquery.BigQueryRelationProvider Unable to get public no-arg constructor
26/01/16 13:08:45 INFO DbfsReflectionUtilsImpl: Resolved DBFS path InputUri=/Workspace ResolvedPath=abfss://root@dbstoragekduswqmgjq5rc.dfs.core.windows.net/116288240407984/Workspace
26/01/16 13:08:45 WARN DriverActivityLogging$: No activity context found. Skip logging driver event.
26/01/16 13:08:45 WARN DriverActivityLogging$: No activity context found. Skip logging driver event.
26/01/16 13:08:45 WARN DriverActivityLogging$: No activity context found. Skip logging driver event.
26/01/16 13:08:45 INFO InMemoryFileIndex: Start listing leaf files and directories. Size of Paths: 1; threshold: 32
26/01/16 13:08:45 WARN DriverActivityLogging$: No activity context found. Skip logging driver event.
26/01/16 13:08:45 INFO InMemoryFileIndex: Start listing leaf files and directories. Size of Paths: 0; threshold: 32
26/01/16 13:08:45 INFO InMemoryFileIndex: It took 17 ms to list leaf files for 1 paths.
26/01/16 13:08:45 INFO InMemoryFileIndex: [ES-1349004] 973.6 KiB bytes allocated for InMemoryFileIndex.refresh0
26/01/16 13:08:45 INFO SparkContext: Starting job: $anonfun$executePhase$2 at LexicalThreadLocal.scala:63
26/01/16 13:08:45 INFO DAGScheduler: Got job 53 ($anonfun$executePhase$2 at LexicalThreadLocal.scala:63) with 1 output partitions
26/01/16 13:08:45 INFO DAGScheduler: Final stage: ResultStage 53 ($anonfun$executePhase$2 at LexicalThreadLocal.scala:63)
26/01/16 13:08:45 INFO DAGScheduler: Parents of final stage: List()
26/01/16 13:08:45 INFO DAGScheduler: Missing parents: List()
26/01/16 13:08:45 INFO DAGScheduler: Submitting ResultStage 53 (MapPartitionsRDD[107] at $anonfun$executePhase$2 at LexicalThreadLocal.scala:63), which has no missing parents
26/01/16 13:08:45 INFO DAGScheduler: Submitting 1 missing tasks from ResultStage 53 (MapPartitionsRDD[107] at $anonfun$executePhase$2 at LexicalThreadLocal.scala:63) (first 15 tasks are for partitions Vector(0))
26/01/16 13:08:45 INFO TaskSchedulerImpl: Adding task set 53.0 with 1 tasks resource profile 0
26/01/16 13:08:45 INFO TaskSetManager: TaskSet 53.0 using PreferredLocationsV1
26/01/16 13:08:45 INFO FairSchedulableBuilder: Added task set TaskSet_53.0 tasks to pool 1768568637510
26/01/16 13:08:45 INFO TaskSetManager: Starting task 0.0 in stage 53.0 (TID 53) (10.139.64.10,executor 0, partition 0, PROCESS_LOCAL, 
26/01/16 13:08:45 INFO MemoryStore: Block broadcast_54 stored as values in memory (estimated size 126.2 KiB, free 3.3 GiB)
26/01/16 13:08:45 INFO MemoryStore: Block broadcast_54_piece0 stored as bytes in memory (estimated size 52.2 KiB, free 3.3 GiB)
26/01/16 13:08:45 INFO SparkContext: Created broadcast 54 from broadcast at TaskSetManager.scala:848
26/01/16 13:08:45 INFO TaskSetManager: Finished task 0.0 in stage 53.0 (TID 53) in 54 ms on 10.139.64.10 (executor 0) (1/1)
26/01/16 13:08:45 INFO TaskSchedulerImpl: Removed TaskSet 53.0 whose tasks have all completed, from pool 1768568637510
26/01/16 13:08:45 INFO DAGScheduler: ResultStage 53 ($anonfun$executePhase$2 at LexicalThreadLocal.scala:63) finished in 59 ms
26/01/16 13:08:45 INFO DAGScheduler: Job 53 is finished. Cancelling potential speculative or zombie tasks for this job
26/01/16 13:08:45 INFO TaskSchedulerImpl: Canceling stage 53
26/01/16 13:08:45 INFO TaskSchedulerImpl: Killing all running tasks in stage 53: Stage finished
26/01/16 13:08:45 INFO DAGScheduler: Job 53 finished: $anonfun$executePhase$2 at LexicalThreadLocal.scala:63, took 65.949209 ms
26/01/16 13:08:45 WARN DataSource: org.apache.spark.sql.sources.DataSourceRegister: com.google.cloud.spark.bigquery.BigQueryRelationProvider Unable to get public no-arg constructor
26/01/16 13:08:45 INFO DbfsReflectionUtilsImpl: Resolved DBFS path InputUri=/Workspace ResolvedPath=abfss://root@dbstoragekduswqmgjq5rc.dfs.core.windows.net/116288240407984/Workspace
26/01/16 13:08:45 WARN DriverActivityLogging$: No activity context found. Skip logging driver event.
26/01/16 13:08:45 WARN DriverActivityLogging$: No activity context found. Skip logging driver event.
26/01/16 13:08:45 WARN DriverActivityLogging$: No activity context found. Skip logging driver event.
26/01/16 13:08:45 INFO InMemoryFileIndex: Start listing leaf files and directories. Size of Paths: 1; threshold: 32
26/01/16 13:08:45 WARN DriverActivityLogging$: No activity context found. Skip logging driver event.
26/01/16 13:08:45 INFO InMemoryFileIndex: Start listing leaf files and directories. Size of Paths: 0; threshold: 32
26/01/16 13:08:45 INFO InMemoryFileIndex: It took 18 ms to list leaf files for 1 paths.
26/01/16 13:08:45 INFO InMemoryFileIndex: [ES-1349004] 973.4 KiB bytes allocated for InMemoryFileIndex.refresh0
26/01/16 13:08:45 INFO SparkContext: Starting job: $anonfun$executePhase$2 at LexicalThreadLocal.scala:63
26/01/16 13:08:45 INFO DAGScheduler: Got job 54 ($anonfun$executePhase$2 at LexicalThreadLocal.scala:63) with 1 output partitions
26/01/16 13:08:45 INFO DAGScheduler: Final stage: ResultStage 54 ($anonfun$executePhase$2 at LexicalThreadLocal.scala:63)
26/01/16 13:08:45 INFO DAGScheduler: Parents of final stage: List()
26/01/16 13:08:45 INFO DAGScheduler: Missing parents: List()
26/01/16 13:08:45 INFO DAGScheduler: Submitting ResultStage 54 (MapPartitionsRDD[109] at $anonfun$executePhase$2 at LexicalThreadLocal.scala:63), which has no missing parents
26/01/16 13:08:45 INFO DAGScheduler: Submitting 1 missing tasks from ResultStage 54 (MapPartitionsRDD[109] at $anonfun$executePhase$2 at LexicalThreadLocal.scala:63) (first 15 tasks are for partitions Vector(0))
26/01/16 13:08:45 INFO TaskSchedulerImpl: Adding task set 54.0 with 1 tasks resource profile 0
26/01/16 13:08:45 INFO TaskSetManager: TaskSet 54.0 using PreferredLocationsV1
26/01/16 13:08:45 INFO FairSchedulableBuilder: Added task set TaskSet_54.0 tasks to pool 1768568637510
26/01/16 13:08:45 INFO TaskSetManager: Starting task 0.0 in stage 54.0 (TID 54) (10.139.64.10,executor 0, partition 0, PROCESS_LOCAL, 
26/01/16 13:08:45 INFO MemoryStore: Block broadcast_55 stored as values in memory (estimated size 126.2 KiB, free 3.3 GiB)
26/01/16 13:08:45 INFO MemoryStore: Block broadcast_55_piece0 stored as bytes in memory (estimated size 52.2 KiB, free 3.3 GiB)
26/01/16 13:08:45 INFO SparkContext: Created broadcast 55 from broadcast at TaskSetManager.scala:848
26/01/16 13:08:45 INFO TaskSetManager: Finished task 0.0 in stage 54.0 (TID 54) in 53 ms on 10.139.64.10 (executor 0) (1/1)
26/01/16 13:08:45 INFO TaskSchedulerImpl: Removed TaskSet 54.0 whose tasks have all completed, from pool 1768568637510
26/01/16 13:08:45 INFO DAGScheduler: ResultStage 54 ($anonfun$executePhase$2 at LexicalThreadLocal.scala:63) finished in 62 ms
26/01/16 13:08:45 INFO DAGScheduler: Job 54 is finished. Cancelling potential speculative or zombie tasks for this job
26/01/16 13:08:45 INFO TaskSchedulerImpl: Canceling stage 54
26/01/16 13:08:45 INFO TaskSchedulerImpl: Killing all running tasks in stage 54: Stage finished
26/01/16 13:08:45 INFO DAGScheduler: Job 54 finished: $anonfun$executePhase$2 at LexicalThreadLocal.scala:63, took 65.90671 ms
26/01/16 13:08:45 WARN DataSource: org.apache.spark.sql.sources.DataSourceRegister: com.google.cloud.spark.bigquery.BigQueryRelationProvider Unable to get public no-arg constructor
26/01/16 13:08:45 INFO DbfsReflectionUtilsImpl: Resolved DBFS path InputUri=/Workspace ResolvedPath=abfss://root@dbstoragekduswqmgjq5rc.dfs.core.windows.net/116288240407984/Workspace
26/01/16 13:08:45 WARN DriverActivityLogging$: No activity context found. Skip logging driver event.
26/01/16 13:08:45 WARN DriverActivityLogging$: No activity context found. Skip logging driver event.
26/01/16 13:08:45 WARN DriverActivityLogging$: No activity context found. Skip logging driver event.
26/01/16 13:08:45 INFO InMemoryFileIndex: Start listing leaf files and directories. Size of Paths: 1; threshold: 32
26/01/16 13:08:45 WARN DriverActivityLogging$: No activity context found. Skip logging driver event.
26/01/16 13:08:45 INFO InMemoryFileIndex: Start listing leaf files and directories. Size of Paths: 0; threshold: 32
26/01/16 13:08:45 INFO InMemoryFileIndex: It took 22 ms to list leaf files for 1 paths.
26/01/16 13:08:45 INFO InMemoryFileIndex: [ES-1349004] 966.9 KiB bytes allocated for InMemoryFileIndex.refresh0
26/01/16 13:08:45 INFO SparkContext: Starting job: $anonfun$executePhase$2 at LexicalThreadLocal.scala:63
26/01/16 13:08:45 INFO DAGScheduler: Got job 55 ($anonfun$executePhase$2 at LexicalThreadLocal.scala:63) with 1 output partitions
26/01/16 13:08:45 INFO DAGScheduler: Final stage: ResultStage 55 ($anonfun$executePhase$2 at LexicalThreadLocal.scala:63)
26/01/16 13:08:45 INFO DAGScheduler: Parents of final stage: List()
26/01/16 13:08:45 INFO DAGScheduler: Missing parents: List()
26/01/16 13:08:45 INFO DAGScheduler: Submitting ResultStage 55 (MapPartitionsRDD[111] at $anonfun$executePhase$2 at LexicalThreadLocal.scala:63), which has no missing parents
26/01/16 13:08:45 INFO DAGScheduler: Submitting 1 missing tasks from ResultStage 55 (MapPartitionsRDD[111] at $anonfun$executePhase$2 at LexicalThreadLocal.scala:63) (first 15 tasks are for partitions Vector(0))
26/01/16 13:08:45 INFO TaskSchedulerImpl: Adding task set 55.0 with 1 tasks resource profile 0
26/01/16 13:08:45 INFO TaskSetManager: TaskSet 55.0 using PreferredLocationsV1
26/01/16 13:08:45 INFO FairSchedulableBuilder: Added task set TaskSet_55.0 tasks to pool 1768568637510
26/01/16 13:08:45 INFO TaskSetManager: Starting task 0.0 in stage 55.0 (TID 55) (10.139.64.10,executor 0, partition 0, PROCESS_LOCAL, 
26/01/16 13:08:45 INFO MemoryStore: Block broadcast_56 stored as values in memory (estimated size 126.2 KiB, free 3.3 GiB)
26/01/16 13:08:45 INFO MemoryStore: Block broadcast_56_piece0 stored as bytes in memory (estimated size 52.2 KiB, free 3.3 GiB)
26/01/16 13:08:45 INFO SparkContext: Created broadcast 56 from broadcast at TaskSetManager.scala:848
26/01/16 13:08:45 INFO TaskSetManager: Finished task 0.0 in stage 55.0 (TID 55) in 56 ms on 10.139.64.10 (executor 0) (1/1)
26/01/16 13:08:45 INFO TaskSchedulerImpl: Removed TaskSet 55.0 whose tasks have all completed, from pool 1768568637510
26/01/16 13:08:45 INFO DAGScheduler: ResultStage 55 ($anonfun$executePhase$2 at LexicalThreadLocal.scala:63) finished in 67 ms
26/01/16 13:08:45 INFO DAGScheduler: Job 55 is finished. Cancelling potential speculative or zombie tasks for this job
26/01/16 13:08:45 INFO TaskSchedulerImpl: Canceling stage 55
26/01/16 13:08:45 INFO TaskSchedulerImpl: Killing all running tasks in stage 55: Stage finished
26/01/16 13:08:45 INFO DAGScheduler: Job 55 finished: $anonfun$executePhase$2 at LexicalThreadLocal.scala:63, took 72.625721 ms
26/01/16 13:08:45 WARN DataSource: org.apache.spark.sql.sources.DataSourceRegister: com.google.cloud.spark.bigquery.BigQueryRelationProvider Unable to get public no-arg constructor
26/01/16 13:08:45 INFO DbfsReflectionUtilsImpl: Resolved DBFS path InputUri=/Workspace ResolvedPath=abfss://root@dbstoragekduswqmgjq5rc.dfs.core.windows.net/116288240407984/Workspace
26/01/16 13:08:45 WARN DriverActivityLogging$: No activity context found. Skip logging driver event.
26/01/16 13:08:45 WARN DriverActivityLogging$: No activity context found. Skip logging driver event.
26/01/16 13:08:45 WARN DriverActivityLogging$: No activity context found. Skip logging driver event.
26/01/16 13:08:45 INFO InMemoryFileIndex: Start listing leaf files and directories. Size of Paths: 1; threshold: 32
26/01/16 13:08:45 WARN DriverActivityLogging$: No activity context found. Skip logging driver event.
26/01/16 13:08:45 INFO InMemoryFileIndex: Start listing leaf files and directories. Size of Paths: 0; threshold: 32
26/01/16 13:08:45 INFO InMemoryFileIndex: It took 21 ms to list leaf files for 1 paths.
26/01/16 13:08:45 INFO InMemoryFileIndex: [ES-1349004] 966.8 KiB bytes allocated for InMemoryFileIndex.refresh0
26/01/16 13:08:45 INFO SparkContext: Starting job: $anonfun$executePhase$2 at LexicalThreadLocal.scala:63
26/01/16 13:08:45 INFO DAGScheduler: Got job 56 ($anonfun$executePhase$2 at LexicalThreadLocal.scala:63) with 1 output partitions
26/01/16 13:08:45 INFO DAGScheduler: Final stage: ResultStage 56 ($anonfun$executePhase$2 at LexicalThreadLocal.scala:63)
26/01/16 13:08:45 INFO DAGScheduler: Parents of final stage: List()
26/01/16 13:08:45 INFO DAGScheduler: Missing parents: List()
26/01/16 13:08:45 INFO DAGScheduler: Submitting ResultStage 56 (MapPartitionsRDD[113] at $anonfun$executePhase$2 at LexicalThreadLocal.scala:63), which has no missing parents
26/01/16 13:08:45 INFO DAGScheduler: Submitting 1 missing tasks from ResultStage 56 (MapPartitionsRDD[113] at $anonfun$executePhase$2 at LexicalThreadLocal.scala:63) (first 15 tasks are for partitions Vector(0))
26/01/16 13:08:45 INFO TaskSchedulerImpl: Adding task set 56.0 with 1 tasks resource profile 0
26/01/16 13:08:45 INFO TaskSetManager: TaskSet 56.0 using PreferredLocationsV1
26/01/16 13:08:45 INFO FairSchedulableBuilder: Added task set TaskSet_56.0 tasks to pool 1768568637510
26/01/16 13:08:45 INFO TaskSetManager: Starting task 0.0 in stage 56.0 (TID 56) (10.139.64.10,executor 0, partition 0, PROCESS_LOCAL, 
26/01/16 13:08:45 INFO MemoryStore: Block broadcast_57 stored as values in memory (estimated size 126.2 KiB, free 3.3 GiB)
26/01/16 13:08:45 INFO MemoryStore: Block broadcast_57_piece0 stored as bytes in memory (estimated size 52.2 KiB, free 3.3 GiB)
26/01/16 13:08:45 INFO SparkContext: Created broadcast 57 from broadcast at TaskSetManager.scala:848
26/01/16 13:08:45 INFO TaskSetManager: Finished task 0.0 in stage 56.0 (TID 56) in 64 ms on 10.139.64.10 (executor 0) (1/1)
26/01/16 13:08:45 INFO TaskSchedulerImpl: Removed TaskSet 56.0 whose tasks have all completed, from pool 1768568637510
26/01/16 13:08:45 INFO DAGScheduler: ResultStage 56 ($anonfun$executePhase$2 at LexicalThreadLocal.scala:63) finished in 72 ms
26/01/16 13:08:45 INFO DAGScheduler: Job 56 is finished. Cancelling potential speculative or zombie tasks for this job
26/01/16 13:08:45 INFO TaskSchedulerImpl: Canceling stage 56
26/01/16 13:08:45 INFO TaskSchedulerImpl: Killing all running tasks in stage 56: Stage finished
26/01/16 13:08:45 INFO DAGScheduler: Job 56 finished: $anonfun$executePhase$2 at LexicalThreadLocal.scala:63, took 78.020629 ms
26/01/16 13:08:45 WARN DataSource: org.apache.spark.sql.sources.DataSourceRegister: com.google.cloud.spark.bigquery.BigQueryRelationProvider Unable to get public no-arg constructor
26/01/16 13:08:45 INFO DbfsReflectionUtilsImpl: Resolved DBFS path InputUri=/Workspace ResolvedPath=abfss://root@dbstoragekduswqmgjq5rc.dfs.core.windows.net/116288240407984/Workspace
26/01/16 13:08:45 WARN DriverActivityLogging$: No activity context found. Skip logging driver event.
26/01/16 13:08:45 WARN DriverActivityLogging$: No activity context found. Skip logging driver event.
26/01/16 13:08:45 WARN DriverActivityLogging$: No activity context found. Skip logging driver event.
26/01/16 13:08:45 INFO InMemoryFileIndex: Start listing leaf files and directories. Size of Paths: 1; threshold: 32
26/01/16 13:08:45 WARN DriverActivityLogging$: No activity context found. Skip logging driver event.
26/01/16 13:08:45 INFO InMemoryFileIndex: Start listing leaf files and directories. Size of Paths: 0; threshold: 32
26/01/16 13:08:45 INFO InMemoryFileIndex: It took 18 ms to list leaf files for 1 paths.
26/01/16 13:08:45 INFO InMemoryFileIndex: [ES-1349004] 964.9 KiB bytes allocated for InMemoryFileIndex.refresh0
26/01/16 13:08:45 INFO SparkContext: Starting job: $anonfun$executePhase$2 at LexicalThreadLocal.scala:63
26/01/16 13:08:45 INFO DAGScheduler: Got job 57 ($anonfun$executePhase$2 at LexicalThreadLocal.scala:63) with 1 output partitions
26/01/16 13:08:45 INFO DAGScheduler: Final stage: ResultStage 57 ($anonfun$executePhase$2 at LexicalThreadLocal.scala:63)
26/01/16 13:08:45 INFO DAGScheduler: Parents of final stage: List()
26/01/16 13:08:45 INFO DAGScheduler: Missing parents: List()
26/01/16 13:08:45 INFO DAGScheduler: Submitting ResultStage 57 (MapPartitionsRDD[115] at $anonfun$executePhase$2 at LexicalThreadLocal.scala:63), which has no missing parents
26/01/16 13:08:45 INFO DAGScheduler: Submitting 1 missing tasks from ResultStage 57 (MapPartitionsRDD[115] at $anonfun$executePhase$2 at LexicalThreadLocal.scala:63) (first 15 tasks are for partitions Vector(0))
26/01/16 13:08:45 INFO TaskSchedulerImpl: Adding task set 57.0 with 1 tasks resource profile 0
26/01/16 13:08:45 INFO TaskSetManager: TaskSet 57.0 using PreferredLocationsV1
26/01/16 13:08:45 INFO FairSchedulableBuilder: Added task set TaskSet_57.0 tasks to pool 1768568637510
26/01/16 13:08:45 INFO TaskSetManager: Starting task 0.0 in stage 57.0 (TID 57) (10.139.64.10,executor 0, partition 0, PROCESS_LOCAL, 
26/01/16 13:08:45 INFO MemoryStore: Block broadcast_58 stored as values in memory (estimated size 126.2 KiB, free 3.3 GiB)
26/01/16 13:08:45 INFO MemoryStore: Block broadcast_58_piece0 stored as bytes in memory (estimated size 52.2 KiB, free 3.3 GiB)
26/01/16 13:08:45 INFO SparkContext: Created broadcast 58 from broadcast at TaskSetManager.scala:848
26/01/16 13:08:45 INFO TaskSetManager: Finished task 0.0 in stage 57.0 (TID 57) in 58 ms on 10.139.64.10 (executor 0) (1/1)
26/01/16 13:08:45 INFO TaskSchedulerImpl: Removed TaskSet 57.0 whose tasks have all completed, from pool 1768568637510
26/01/16 13:08:45 INFO DAGScheduler: ResultStage 57 ($anonfun$executePhase$2 at LexicalThreadLocal.scala:63) finished in 63 ms
26/01/16 13:08:45 INFO DAGScheduler: Job 57 is finished. Cancelling potential speculative or zombie tasks for this job
26/01/16 13:08:45 INFO TaskSchedulerImpl: Canceling stage 57
26/01/16 13:08:45 INFO TaskSchedulerImpl: Killing all running tasks in stage 57: Stage finished
26/01/16 13:08:45 INFO DAGScheduler: Job 57 finished: $anonfun$executePhase$2 at LexicalThreadLocal.scala:63, took 69.937816 ms
26/01/16 13:08:46 WARN DataSource: org.apache.spark.sql.sources.DataSourceRegister: com.google.cloud.spark.bigquery.BigQueryRelationProvider Unable to get public no-arg constructor
26/01/16 13:08:46 INFO DbfsReflectionUtilsImpl: Resolved DBFS path InputUri=/Workspace ResolvedPath=abfss://root@dbstoragekduswqmgjq5rc.dfs.core.windows.net/116288240407984/Workspace
26/01/16 13:08:46 WARN DriverActivityLogging$: No activity context found. Skip logging driver event.
26/01/16 13:08:46 WARN DriverActivityLogging$: No activity context found. Skip logging driver event.
26/01/16 13:08:46 WARN DriverActivityLogging$: No activity context found. Skip logging driver event.
26/01/16 13:08:46 INFO InMemoryFileIndex: Start listing leaf files and directories. Size of Paths: 1; threshold: 32
26/01/16 13:08:46 WARN DriverActivityLogging$: No activity context found. Skip logging driver event.
26/01/16 13:08:46 INFO InMemoryFileIndex: Start listing leaf files and directories. Size of Paths: 0; threshold: 32
26/01/16 13:08:46 INFO InMemoryFileIndex: It took 18 ms to list leaf files for 1 paths.
26/01/16 13:08:46 INFO InMemoryFileIndex: [ES-1349004] 963.8 KiB bytes allocated for InMemoryFileIndex.refresh0
26/01/16 13:08:46 INFO SparkContext: Starting job: $anonfun$executePhase$2 at LexicalThreadLocal.scala:63
26/01/16 13:08:46 INFO DAGScheduler: Got job 58 ($anonfun$executePhase$2 at LexicalThreadLocal.scala:63) with 1 output partitions
26/01/16 13:08:46 INFO DAGScheduler: Final stage: ResultStage 58 ($anonfun$executePhase$2 at LexicalThreadLocal.scala:63)
26/01/16 13:08:46 INFO DAGScheduler: Parents of final stage: List()
26/01/16 13:08:46 INFO DAGScheduler: Missing parents: List()
26/01/16 13:08:46 INFO DAGScheduler: Submitting ResultStage 58 (MapPartitionsRDD[117] at $anonfun$executePhase$2 at LexicalThreadLocal.scala:63), which has no missing parents
26/01/16 13:08:46 INFO DAGScheduler: Submitting 1 missing tasks from ResultStage 58 (MapPartitionsRDD[117] at $anonfun$executePhase$2 at LexicalThreadLocal.scala:63) (first 15 tasks are for partitions Vector(0))
26/01/16 13:08:46 INFO TaskSchedulerImpl: Adding task set 58.0 with 1 tasks resource profile 0
26/01/16 13:08:46 INFO TaskSetManager: TaskSet 58.0 using PreferredLocationsV1
26/01/16 13:08:46 INFO FairSchedulableBuilder: Added task set TaskSet_58.0 tasks to pool 1768568637510
26/01/16 13:08:46 INFO TaskSetManager: Starting task 0.0 in stage 58.0 (TID 58) (10.139.64.10,executor 0, partition 0, PROCESS_LOCAL, 
26/01/16 13:08:46 INFO MemoryStore: Block broadcast_59 stored as values in memory (estimated size 126.2 KiB, free 3.3 GiB)
26/01/16 13:08:46 INFO MemoryStore: Block broadcast_59_piece0 stored as bytes in memory (estimated size 52.2 KiB, free 3.3 GiB)
26/01/16 13:08:46 INFO SparkContext: Created broadcast 59 from broadcast at TaskSetManager.scala:848
26/01/16 13:08:46 INFO TaskSetManager: Finished task 0.0 in stage 58.0 (TID 58) in 52 ms on 10.139.64.10 (executor 0) (1/1)
26/01/16 13:08:46 INFO TaskSchedulerImpl: Removed TaskSet 58.0 whose tasks have all completed, from pool 1768568637510
26/01/16 13:08:46 INFO DAGScheduler: ResultStage 58 ($anonfun$executePhase$2 at LexicalThreadLocal.scala:63) finished in 57 ms
26/01/16 13:08:46 INFO DAGScheduler: Job 58 is finished. Cancelling potential speculative or zombie tasks for this job
26/01/16 13:08:46 INFO TaskSchedulerImpl: Canceling stage 58
26/01/16 13:08:46 INFO TaskSchedulerImpl: Killing all running tasks in stage 58: Stage finished
26/01/16 13:08:46 INFO DAGScheduler: Job 58 finished: $anonfun$executePhase$2 at LexicalThreadLocal.scala:63, took 60.901101 ms
26/01/16 13:08:46 WARN DataSource: org.apache.spark.sql.sources.DataSourceRegister: com.google.cloud.spark.bigquery.BigQueryRelationProvider Unable to get public no-arg constructor
26/01/16 13:08:46 INFO DbfsReflectionUtilsImpl: Resolved DBFS path InputUri=/Workspace ResolvedPath=abfss://root@dbstoragekduswqmgjq5rc.dfs.core.windows.net/116288240407984/Workspace
26/01/16 13:08:46 WARN DriverActivityLogging$: No activity context found. Skip logging driver event.
26/01/16 13:08:46 WARN DriverActivityLogging$: No activity context found. Skip logging driver event.
26/01/16 13:08:46 WARN DriverActivityLogging$: No activity context found. Skip logging driver event.
26/01/16 13:08:46 INFO InMemoryFileIndex: Start listing leaf files and directories. Size of Paths: 1; threshold: 32
26/01/16 13:08:46 WARN DriverActivityLogging$: No activity context found. Skip logging driver event.
26/01/16 13:08:46 INFO InMemoryFileIndex: Start listing leaf files and directories. Size of Paths: 0; threshold: 32
26/01/16 13:08:46 INFO InMemoryFileIndex: It took 25 ms to list leaf files for 1 paths.
26/01/16 13:08:46 INFO InMemoryFileIndex: [ES-1349004] 959.8 KiB bytes allocated for InMemoryFileIndex.refresh0
26/01/16 13:08:46 INFO SparkContext: Starting job: $anonfun$executePhase$2 at LexicalThreadLocal.scala:63
26/01/16 13:08:46 INFO DAGScheduler: Got job 59 ($anonfun$executePhase$2 at LexicalThreadLocal.scala:63) with 1 output partitions
26/01/16 13:08:46 INFO DAGScheduler: Final stage: ResultStage 59 ($anonfun$executePhase$2 at LexicalThreadLocal.scala:63)
26/01/16 13:08:46 INFO DAGScheduler: Parents of final stage: List()
26/01/16 13:08:46 INFO DAGScheduler: Missing parents: List()
26/01/16 13:08:46 INFO DAGScheduler: Submitting ResultStage 59 (MapPartitionsRDD[119] at $anonfun$executePhase$2 at LexicalThreadLocal.scala:63), which has no missing parents
26/01/16 13:08:46 INFO DAGScheduler: Submitting 1 missing tasks from ResultStage 59 (MapPartitionsRDD[119] at $anonfun$executePhase$2 at LexicalThreadLocal.scala:63) (first 15 tasks are for partitions Vector(0))
26/01/16 13:08:46 INFO TaskSchedulerImpl: Adding task set 59.0 with 1 tasks resource profile 0
26/01/16 13:08:46 INFO TaskSetManager: TaskSet 59.0 using PreferredLocationsV1
26/01/16 13:08:46 INFO FairSchedulableBuilder: Added task set TaskSet_59.0 tasks to pool 1768568637510
26/01/16 13:08:46 INFO TaskSetManager: Starting task 0.0 in stage 59.0 (TID 59) (10.139.64.10,executor 0, partition 0, PROCESS_LOCAL, 
26/01/16 13:08:46 INFO MemoryStore: Block broadcast_60 stored as values in memory (estimated size 126.2 KiB, free 3.3 GiB)
26/01/16 13:08:46 INFO MemoryStore: Block broadcast_60_piece0 stored as bytes in memory (estimated size 52.2 KiB, free 3.3 GiB)
26/01/16 13:08:46 INFO SparkContext: Created broadcast 60 from broadcast at TaskSetManager.scala:848
26/01/16 13:08:46 INFO TaskSetManager: Finished task 0.0 in stage 59.0 (TID 59) in 52 ms on 10.139.64.10 (executor 0) (1/1)
26/01/16 13:08:46 INFO TaskSchedulerImpl: Removed TaskSet 59.0 whose tasks have all completed, from pool 1768568637510
26/01/16 13:08:46 INFO DAGScheduler: ResultStage 59 ($anonfun$executePhase$2 at LexicalThreadLocal.scala:63) finished in 58 ms
26/01/16 13:08:46 INFO DAGScheduler: Job 59 is finished. Cancelling potential speculative or zombie tasks for this job
26/01/16 13:08:46 INFO TaskSchedulerImpl: Canceling stage 59
26/01/16 13:08:46 INFO TaskSchedulerImpl: Killing all running tasks in stage 59: Stage finished
26/01/16 13:08:46 INFO DAGScheduler: Job 59 finished: $anonfun$executePhase$2 at LexicalThreadLocal.scala:63, took 65.91911 ms
26/01/16 13:08:46 WARN DataSource: org.apache.spark.sql.sources.DataSourceRegister: com.google.cloud.spark.bigquery.BigQueryRelationProvider Unable to get public no-arg constructor
26/01/16 13:08:46 INFO DbfsReflectionUtilsImpl: Resolved DBFS path InputUri=/Workspace ResolvedPath=abfss://root@dbstoragekduswqmgjq5rc.dfs.core.windows.net/116288240407984/Workspace
26/01/16 13:08:46 WARN DriverActivityLogging$: No activity context found. Skip logging driver event.
26/01/16 13:08:46 WARN DriverActivityLogging$: No activity context found. Skip logging driver event.
26/01/16 13:08:46 WARN DriverActivityLogging$: No activity context found. Skip logging driver event.
26/01/16 13:08:46 INFO InMemoryFileIndex: Start listing leaf files and directories. Size of Paths: 1; threshold: 32
26/01/16 13:08:46 WARN DriverActivityLogging$: No activity context found. Skip logging driver event.
26/01/16 13:08:46 INFO InMemoryFileIndex: Start listing leaf files and directories. Size of Paths: 0; threshold: 32
26/01/16 13:08:46 INFO InMemoryFileIndex: It took 26 ms to list leaf files for 1 paths.
26/01/16 13:08:46 INFO InMemoryFileIndex: [ES-1349004] 967.5 KiB bytes allocated for InMemoryFileIndex.refresh0
26/01/16 13:08:46 INFO SparkContext: Starting job: $anonfun$executePhase$2 at LexicalThreadLocal.scala:63
26/01/16 13:08:46 INFO DAGScheduler: Got job 60 ($anonfun$executePhase$2 at LexicalThreadLocal.scala:63) with 1 output partitions
26/01/16 13:08:46 INFO DAGScheduler: Final stage: ResultStage 60 ($anonfun$executePhase$2 at LexicalThreadLocal.scala:63)
26/01/16 13:08:46 INFO DAGScheduler: Parents of final stage: List()
26/01/16 13:08:46 INFO DAGScheduler: Missing parents: List()
26/01/16 13:08:46 INFO DAGScheduler: Submitting ResultStage 60 (MapPartitionsRDD[121] at $anonfun$executePhase$2 at LexicalThreadLocal.scala:63), which has no missing parents
26/01/16 13:08:46 INFO DAGScheduler: Submitting 1 missing tasks from ResultStage 60 (MapPartitionsRDD[121] at $anonfun$executePhase$2 at LexicalThreadLocal.scala:63) (first 15 tasks are for partitions Vector(0))
26/01/16 13:08:46 INFO TaskSchedulerImpl: Adding task set 60.0 with 1 tasks resource profile 0
26/01/16 13:08:46 INFO TaskSetManager: TaskSet 60.0 using PreferredLocationsV1
26/01/16 13:08:46 INFO FairSchedulableBuilder: Added task set TaskSet_60.0 tasks to pool 1768568637510
26/01/16 13:08:46 INFO TaskSetManager: Starting task 0.0 in stage 60.0 (TID 60) (10.139.64.10,executor 0, partition 0, PROCESS_LOCAL, 
26/01/16 13:08:46 INFO MemoryStore: Block broadcast_61 stored as values in memory (estimated size 126.2 KiB, free 3.3 GiB)
26/01/16 13:08:46 INFO MemoryStore: Block broadcast_61_piece0 stored as bytes in memory (estimated size 52.2 KiB, free 3.3 GiB)
26/01/16 13:08:46 INFO SparkContext: Created broadcast 61 from broadcast at TaskSetManager.scala:848
26/01/16 13:08:46 INFO TaskSetManager: Finished task 0.0 in stage 60.0 (TID 60) in 208 ms on 10.139.64.10 (executor 0) (1/1)
26/01/16 13:08:46 INFO TaskSchedulerImpl: Removed TaskSet 60.0 whose tasks have all completed, from pool 1768568637510
26/01/16 13:08:46 INFO DAGScheduler: ResultStage 60 ($anonfun$executePhase$2 at LexicalThreadLocal.scala:63) finished in 213 ms
26/01/16 13:08:46 INFO DAGScheduler: Job 60 is finished. Cancelling potential speculative or zombie tasks for this job
26/01/16 13:08:46 INFO TaskSchedulerImpl: Canceling stage 60
26/01/16 13:08:46 INFO TaskSchedulerImpl: Killing all running tasks in stage 60: Stage finished
26/01/16 13:08:46 INFO DAGScheduler: Job 60 finished: $anonfun$executePhase$2 at LexicalThreadLocal.scala:63, took 218.324762 ms
26/01/16 13:08:46 WARN DataSource: org.apache.spark.sql.sources.DataSourceRegister: com.google.cloud.spark.bigquery.BigQueryRelationProvider Unable to get public no-arg constructor
26/01/16 13:08:46 INFO DbfsReflectionUtilsImpl: Resolved DBFS path InputUri=/Workspace ResolvedPath=abfss://root@dbstoragekduswqmgjq5rc.dfs.core.windows.net/116288240407984/Workspace
26/01/16 13:08:46 WARN DriverActivityLogging$: No activity context found. Skip logging driver event.
26/01/16 13:08:46 WARN DriverActivityLogging$: No activity context found. Skip logging driver event.
26/01/16 13:08:46 WARN DriverActivityLogging$: No activity context found. Skip logging driver event.
26/01/16 13:08:46 INFO InMemoryFileIndex: Start listing leaf files and directories. Size of Paths: 1; threshold: 32
26/01/16 13:08:46 WARN DriverActivityLogging$: No activity context found. Skip logging driver event.
26/01/16 13:08:46 INFO InMemoryFileIndex: Start listing leaf files and directories. Size of Paths: 0; threshold: 32
26/01/16 13:08:46 INFO InMemoryFileIndex: It took 20 ms to list leaf files for 1 paths.
26/01/16 13:08:46 INFO InMemoryFileIndex: [ES-1349004] 957.2 KiB bytes allocated for InMemoryFileIndex.refresh0
26/01/16 13:08:46 INFO SparkContext: Starting job: $anonfun$executePhase$2 at LexicalThreadLocal.scala:63
26/01/16 13:08:46 INFO DAGScheduler: Got job 61 ($anonfun$executePhase$2 at LexicalThreadLocal.scala:63) with 1 output partitions
26/01/16 13:08:46 INFO DAGScheduler: Final stage: ResultStage 61 ($anonfun$executePhase$2 at LexicalThreadLocal.scala:63)
26/01/16 13:08:46 INFO DAGScheduler: Parents of final stage: List()
26/01/16 13:08:46 INFO DAGScheduler: Missing parents: List()
26/01/16 13:08:46 INFO DAGScheduler: Submitting ResultStage 61 (MapPartitionsRDD[123] at $anonfun$executePhase$2 at LexicalThreadLocal.scala:63), which has no missing parents
26/01/16 13:08:46 INFO DAGScheduler: Submitting 1 missing tasks from ResultStage 61 (MapPartitionsRDD[123] at $anonfun$executePhase$2 at LexicalThreadLocal.scala:63) (first 15 tasks are for partitions Vector(0))
26/01/16 13:08:46 INFO TaskSchedulerImpl: Adding task set 61.0 with 1 tasks resource profile 0
26/01/16 13:08:46 INFO TaskSetManager: TaskSet 61.0 using PreferredLocationsV1
26/01/16 13:08:46 INFO FairSchedulableBuilder: Added task set TaskSet_61.0 tasks to pool 1768568637510
26/01/16 13:08:46 INFO TaskSetManager: Starting task 0.0 in stage 61.0 (TID 61) (10.139.64.10,executor 0, partition 0, PROCESS_LOCAL, 
26/01/16 13:08:46 INFO MemoryStore: Block broadcast_62 stored as values in memory (estimated size 126.2 KiB, free 3.3 GiB)
26/01/16 13:08:46 INFO MemoryStore: Block broadcast_62_piece0 stored as bytes in memory (estimated size 52.2 KiB, free 3.3 GiB)
26/01/16 13:08:46 INFO SparkContext: Created broadcast 62 from broadcast at TaskSetManager.scala:848
26/01/16 13:08:46 INFO TaskSetManager: Finished task 0.0 in stage 61.0 (TID 61) in 49 ms on 10.139.64.10 (executor 0) (1/1)
26/01/16 13:08:46 INFO TaskSchedulerImpl: Removed TaskSet 61.0 whose tasks have all completed, from pool 1768568637510
26/01/16 13:08:46 INFO DAGScheduler: ResultStage 61 ($anonfun$executePhase$2 at LexicalThreadLocal.scala:63) finished in 59 ms
26/01/16 13:08:46 INFO DAGScheduler: Job 61 is finished. Cancelling potential speculative or zombie tasks for this job
26/01/16 13:08:46 INFO TaskSchedulerImpl: Canceling stage 61
26/01/16 13:08:46 INFO TaskSchedulerImpl: Killing all running tasks in stage 61: Stage finished
26/01/16 13:08:46 INFO DAGScheduler: Job 61 finished: $anonfun$executePhase$2 at LexicalThreadLocal.scala:63, took 68.053413 ms
26/01/16 13:08:46 WARN DataSource: org.apache.spark.sql.sources.DataSourceRegister: com.google.cloud.spark.bigquery.BigQueryRelationProvider Unable to get public no-arg constructor
26/01/16 13:08:46 INFO DbfsReflectionUtilsImpl: Resolved DBFS path InputUri=/Workspace ResolvedPath=abfss://root@dbstoragekduswqmgjq5rc.dfs.core.windows.net/116288240407984/Workspace
26/01/16 13:08:46 WARN DriverActivityLogging$: No activity context found. Skip logging driver event.
26/01/16 13:08:46 WARN DriverActivityLogging$: No activity context found. Skip logging driver event.
26/01/16 13:08:46 WARN DriverActivityLogging$: No activity context found. Skip logging driver event.
26/01/16 13:08:46 INFO InMemoryFileIndex: Start listing leaf files and directories. Size of Paths: 1; threshold: 32
26/01/16 13:08:46 WARN DriverActivityLogging$: No activity context found. Skip logging driver event.
26/01/16 13:08:46 INFO InMemoryFileIndex: Start listing leaf files and directories. Size of Paths: 0; threshold: 32
26/01/16 13:08:46 INFO InMemoryFileIndex: It took 17 ms to list leaf files for 1 paths.
26/01/16 13:08:46 INFO InMemoryFileIndex: [ES-1349004] 970.9 KiB bytes allocated for InMemoryFileIndex.refresh0
26/01/16 13:08:46 INFO SparkContext: Starting job: $anonfun$executePhase$2 at LexicalThreadLocal.scala:63
26/01/16 13:08:46 INFO DAGScheduler: Got job 62 ($anonfun$executePhase$2 at LexicalThreadLocal.scala:63) with 1 output partitions
26/01/16 13:08:46 INFO DAGScheduler: Final stage: ResultStage 62 ($anonfun$executePhase$2 at LexicalThreadLocal.scala:63)
26/01/16 13:08:46 INFO DAGScheduler: Parents of final stage: List()
26/01/16 13:08:46 INFO DAGScheduler: Missing parents: List()
26/01/16 13:08:46 INFO DAGScheduler: Submitting ResultStage 62 (MapPartitionsRDD[125] at $anonfun$executePhase$2 at LexicalThreadLocal.scala:63), which has no missing parents
26/01/16 13:08:46 INFO DAGScheduler: Submitting 1 missing tasks from ResultStage 62 (MapPartitionsRDD[125] at $anonfun$executePhase$2 at LexicalThreadLocal.scala:63) (first 15 tasks are for partitions Vector(0))
26/01/16 13:08:46 INFO TaskSchedulerImpl: Adding task set 62.0 with 1 tasks resource profile 0
26/01/16 13:08:46 INFO TaskSetManager: TaskSet 62.0 using PreferredLocationsV1
26/01/16 13:08:46 INFO FairSchedulableBuilder: Added task set TaskSet_62.0 tasks to pool 1768568637510
26/01/16 13:08:46 INFO TaskSetManager: Starting task 0.0 in stage 62.0 (TID 62) (10.139.64.10,executor 0, partition 0, PROCESS_LOCAL, 
26/01/16 13:08:46 INFO MemoryStore: Block broadcast_63 stored as values in memory (estimated size 126.2 KiB, free 3.3 GiB)
26/01/16 13:08:46 INFO MemoryStore: Block broadcast_63_piece0 stored as bytes in memory (estimated size 52.2 KiB, free 3.3 GiB)
26/01/16 13:08:46 INFO SparkContext: Created broadcast 63 from broadcast at TaskSetManager.scala:848
26/01/16 13:08:46 INFO TaskSetManager: Finished task 0.0 in stage 62.0 (TID 62) in 54 ms on 10.139.64.10 (executor 0) (1/1)
26/01/16 13:08:46 INFO TaskSchedulerImpl: Removed TaskSet 62.0 whose tasks have all completed, from pool 1768568637510
26/01/16 13:08:46 INFO DAGScheduler: ResultStage 62 ($anonfun$executePhase$2 at LexicalThreadLocal.scala:63) finished in 62 ms
26/01/16 13:08:46 INFO DAGScheduler: Job 62 is finished. Cancelling potential speculative or zombie tasks for this job
26/01/16 13:08:46 INFO TaskSchedulerImpl: Canceling stage 62
26/01/16 13:08:46 INFO TaskSchedulerImpl: Killing all running tasks in stage 62: Stage finished
26/01/16 13:08:46 INFO DAGScheduler: Job 62 finished: $anonfun$executePhase$2 at LexicalThreadLocal.scala:63, took 73.599322 ms
26/01/16 13:08:47 WARN DataSource: org.apache.spark.sql.sources.DataSourceRegister: com.google.cloud.spark.bigquery.BigQueryRelationProvider Unable to get public no-arg constructor
26/01/16 13:08:47 INFO DbfsReflectionUtilsImpl: Resolved DBFS path InputUri=/Workspace ResolvedPath=abfss://root@dbstoragekduswqmgjq5rc.dfs.core.windows.net/116288240407984/Workspace
26/01/16 13:08:47 WARN DriverActivityLogging$: No activity context found. Skip logging driver event.
26/01/16 13:08:47 WARN DriverActivityLogging$: No activity context found. Skip logging driver event.
26/01/16 13:08:47 WARN DriverActivityLogging$: No activity context found. Skip logging driver event.
26/01/16 13:08:47 INFO InMemoryFileIndex: Start listing leaf files and directories. Size of Paths: 1; threshold: 32
26/01/16 13:08:47 WARN DriverActivityLogging$: No activity context found. Skip logging driver event.
26/01/16 13:08:47 INFO InMemoryFileIndex: Start listing leaf files and directories. Size of Paths: 0; threshold: 32
26/01/16 13:08:47 INFO InMemoryFileIndex: It took 17 ms to list leaf files for 1 paths.
26/01/16 13:08:47 INFO InMemoryFileIndex: [ES-1349004] 953.1 KiB bytes allocated for InMemoryFileIndex.refresh0
26/01/16 13:08:47 INFO SparkContext: Starting job: $anonfun$executePhase$2 at LexicalThreadLocal.scala:63
26/01/16 13:08:47 INFO DAGScheduler: Got job 63 ($anonfun$executePhase$2 at LexicalThreadLocal.scala:63) with 1 output partitions
26/01/16 13:08:47 INFO DAGScheduler: Final stage: ResultStage 63 ($anonfun$executePhase$2 at LexicalThreadLocal.scala:63)
26/01/16 13:08:47 INFO DAGScheduler: Parents of final stage: List()
26/01/16 13:08:47 INFO DAGScheduler: Missing parents: List()
26/01/16 13:08:47 INFO DAGScheduler: Submitting ResultStage 63 (MapPartitionsRDD[127] at $anonfun$executePhase$2 at LexicalThreadLocal.scala:63), which has no missing parents
26/01/16 13:08:47 INFO DAGScheduler: Submitting 1 missing tasks from ResultStage 63 (MapPartitionsRDD[127] at $anonfun$executePhase$2 at LexicalThreadLocal.scala:63) (first 15 tasks are for partitions Vector(0))
26/01/16 13:08:47 INFO TaskSchedulerImpl: Adding task set 63.0 with 1 tasks resource profile 0
26/01/16 13:08:47 INFO TaskSetManager: TaskSet 63.0 using PreferredLocationsV1
26/01/16 13:08:47 INFO FairSchedulableBuilder: Added task set TaskSet_63.0 tasks to pool 1768568637510
26/01/16 13:08:47 INFO TaskSetManager: Starting task 0.0 in stage 63.0 (TID 63) (10.139.64.10,executor 0, partition 0, PROCESS_LOCAL, 
26/01/16 13:08:47 INFO MemoryStore: Block broadcast_64 stored as values in memory (estimated size 126.2 KiB, free 3.3 GiB)
26/01/16 13:08:47 INFO MemoryStore: Block broadcast_64_piece0 stored as bytes in memory (estimated size 52.2 KiB, free 3.3 GiB)
26/01/16 13:08:47 INFO SparkContext: Created broadcast 64 from broadcast at TaskSetManager.scala:848
26/01/16 13:08:47 INFO TaskSetManager: Finished task 0.0 in stage 63.0 (TID 63) in 74 ms on 10.139.64.10 (executor 0) (1/1)
26/01/16 13:08:47 INFO TaskSchedulerImpl: Removed TaskSet 63.0 whose tasks have all completed, from pool 1768568637510
26/01/16 13:08:47 INFO DAGScheduler: ResultStage 63 ($anonfun$executePhase$2 at LexicalThreadLocal.scala:63) finished in 79 ms
26/01/16 13:08:47 INFO DAGScheduler: Job 63 is finished. Cancelling potential speculative or zombie tasks for this job
26/01/16 13:08:47 INFO TaskSchedulerImpl: Canceling stage 63
26/01/16 13:08:47 INFO TaskSchedulerImpl: Killing all running tasks in stage 63: Stage finished
26/01/16 13:08:47 INFO DAGScheduler: Job 63 finished: $anonfun$executePhase$2 at LexicalThreadLocal.scala:63, took 85.499841 ms
26/01/16 13:08:47 WARN DataSource: org.apache.spark.sql.sources.DataSourceRegister: com.google.cloud.spark.bigquery.BigQueryRelationProvider Unable to get public no-arg constructor
26/01/16 13:08:47 INFO DbfsReflectionUtilsImpl: Resolved DBFS path InputUri=/Workspace ResolvedPath=abfss://root@dbstoragekduswqmgjq5rc.dfs.core.windows.net/116288240407984/Workspace
26/01/16 13:08:47 WARN DriverActivityLogging$: No activity context found. Skip logging driver event.
26/01/16 13:08:47 WARN DriverActivityLogging$: No activity context found. Skip logging driver event.
26/01/16 13:08:47 WARN DriverActivityLogging$: No activity context found. Skip logging driver event.
26/01/16 13:08:47 INFO InMemoryFileIndex: Start listing leaf files and directories. Size of Paths: 1; threshold: 32
26/01/16 13:08:47 WARN DriverActivityLogging$: No activity context found. Skip logging driver event.
26/01/16 13:08:47 INFO InMemoryFileIndex: Start listing leaf files and directories. Size of Paths: 0; threshold: 32
26/01/16 13:08:47 INFO InMemoryFileIndex: It took 19 ms to list leaf files for 1 paths.
26/01/16 13:08:47 INFO InMemoryFileIndex: [ES-1349004] 953.9 KiB bytes allocated for InMemoryFileIndex.refresh0
26/01/16 13:08:47 INFO SparkContext: Starting job: $anonfun$executePhase$2 at LexicalThreadLocal.scala:63
26/01/16 13:08:47 INFO DAGScheduler: Got job 64 ($anonfun$executePhase$2 at LexicalThreadLocal.scala:63) with 1 output partitions
26/01/16 13:08:47 INFO DAGScheduler: Final stage: ResultStage 64 ($anonfun$executePhase$2 at LexicalThreadLocal.scala:63)
26/01/16 13:08:47 INFO DAGScheduler: Parents of final stage: List()
26/01/16 13:08:47 INFO DAGScheduler: Missing parents: List()
26/01/16 13:08:47 INFO DAGScheduler: Submitting ResultStage 64 (MapPartitionsRDD[129] at $anonfun$executePhase$2 at LexicalThreadLocal.scala:63), which has no missing parents
26/01/16 13:08:47 INFO DAGScheduler: Submitting 1 missing tasks from ResultStage 64 (MapPartitionsRDD[129] at $anonfun$executePhase$2 at LexicalThreadLocal.scala:63) (first 15 tasks are for partitions Vector(0))
26/01/16 13:08:47 INFO TaskSchedulerImpl: Adding task set 64.0 with 1 tasks resource profile 0
26/01/16 13:08:47 INFO TaskSetManager: TaskSet 64.0 using PreferredLocationsV1
26/01/16 13:08:47 INFO FairSchedulableBuilder: Added task set TaskSet_64.0 tasks to pool 1768568637510
26/01/16 13:08:47 INFO TaskSetManager: Starting task 0.0 in stage 64.0 (TID 64) (10.139.64.10,executor 0, partition 0, PROCESS_LOCAL, 
26/01/16 13:08:47 INFO MemoryStore: Block broadcast_65 stored as values in memory (estimated size 126.2 KiB, free 3.3 GiB)
26/01/16 13:08:47 INFO MemoryStore: Block broadcast_65_piece0 stored as bytes in memory (estimated size 52.2 KiB, free 3.3 GiB)
26/01/16 13:08:47 INFO SparkContext: Created broadcast 65 from broadcast at TaskSetManager.scala:848
26/01/16 13:08:47 INFO TaskSetManager: Finished task 0.0 in stage 64.0 (TID 64) in 51 ms on 10.139.64.10 (executor 0) (1/1)
26/01/16 13:08:47 INFO TaskSchedulerImpl: Removed TaskSet 64.0 whose tasks have all completed, from pool 1768568637510
26/01/16 13:08:47 INFO DAGScheduler: ResultStage 64 ($anonfun$executePhase$2 at LexicalThreadLocal.scala:63) finished in 56 ms
26/01/16 13:08:47 INFO DAGScheduler: Job 64 is finished. Cancelling potential speculative or zombie tasks for this job
26/01/16 13:08:47 INFO TaskSchedulerImpl: Canceling stage 64
26/01/16 13:08:47 INFO TaskSchedulerImpl: Killing all running tasks in stage 64: Stage finished
26/01/16 13:08:47 INFO DAGScheduler: Job 64 finished: $anonfun$executePhase$2 at LexicalThreadLocal.scala:63, took 59.803499 ms
26/01/16 13:08:47 WARN DataSource: org.apache.spark.sql.sources.DataSourceRegister: com.google.cloud.spark.bigquery.BigQueryRelationProvider Unable to get public no-arg constructor
26/01/16 13:08:47 INFO DbfsReflectionUtilsImpl: Resolved DBFS path InputUri=/Workspace ResolvedPath=abfss://root@dbstoragekduswqmgjq5rc.dfs.core.windows.net/116288240407984/Workspace
26/01/16 13:08:47 WARN DriverActivityLogging$: No activity context found. Skip logging driver event.
26/01/16 13:08:47 WARN DriverActivityLogging$: No activity context found. Skip logging driver event.
26/01/16 13:08:47 WARN DriverActivityLogging$: No activity context found. Skip logging driver event.
26/01/16 13:08:47 INFO InMemoryFileIndex: Start listing leaf files and directories. Size of Paths: 1; threshold: 32
26/01/16 13:08:47 WARN DriverActivityLogging$: No activity context found. Skip logging driver event.
26/01/16 13:08:47 INFO InMemoryFileIndex: Start listing leaf files and directories. Size of Paths: 0; threshold: 32
26/01/16 13:08:47 INFO InMemoryFileIndex: It took 20 ms to list leaf files for 1 paths.
26/01/16 13:08:47 INFO InMemoryFileIndex: [ES-1349004] 950.9 KiB bytes allocated for InMemoryFileIndex.refresh0
26/01/16 13:08:47 INFO SparkContext: Starting job: $anonfun$executePhase$2 at LexicalThreadLocal.scala:63
26/01/16 13:08:47 INFO DAGScheduler: Got job 65 ($anonfun$executePhase$2 at LexicalThreadLocal.scala:63) with 1 output partitions
26/01/16 13:08:47 INFO DAGScheduler: Final stage: ResultStage 65 ($anonfun$executePhase$2 at LexicalThreadLocal.scala:63)
26/01/16 13:08:47 INFO DAGScheduler: Parents of final stage: List()
26/01/16 13:08:47 INFO DAGScheduler: Missing parents: List()
26/01/16 13:08:47 INFO DAGScheduler: Submitting ResultStage 65 (MapPartitionsRDD[131] at $anonfun$executePhase$2 at LexicalThreadLocal.scala:63), which has no missing parents
26/01/16 13:08:47 INFO DAGScheduler: Submitting 1 missing tasks from ResultStage 65 (MapPartitionsRDD[131] at $anonfun$executePhase$2 at LexicalThreadLocal.scala:63) (first 15 tasks are for partitions Vector(0))
26/01/16 13:08:47 INFO TaskSchedulerImpl: Adding task set 65.0 with 1 tasks resource profile 0
26/01/16 13:08:47 INFO TaskSetManager: TaskSet 65.0 using PreferredLocationsV1
26/01/16 13:08:47 INFO FairSchedulableBuilder: Added task set TaskSet_65.0 tasks to pool 1768568637510
26/01/16 13:08:47 INFO TaskSetManager: Starting task 0.0 in stage 65.0 (TID 65) (10.139.64.10,executor 0, partition 0, PROCESS_LOCAL, 
26/01/16 13:08:47 INFO MemoryStore: Block broadcast_66 stored as values in memory (estimated size 126.2 KiB, free 3.3 GiB)
26/01/16 13:08:47 INFO MemoryStore: Block broadcast_66_piece0 stored as bytes in memory (estimated size 52.2 KiB, free 3.3 GiB)
26/01/16 13:08:47 INFO SparkContext: Created broadcast 66 from broadcast at TaskSetManager.scala:848
26/01/16 13:08:47 INFO TaskSetManager: Finished task 0.0 in stage 65.0 (TID 65) in 86 ms on 10.139.64.10 (executor 0) (1/1)
26/01/16 13:08:47 INFO TaskSchedulerImpl: Removed TaskSet 65.0 whose tasks have all completed, from pool 1768568637510
26/01/16 13:08:47 INFO DAGScheduler: ResultStage 65 ($anonfun$executePhase$2 at LexicalThreadLocal.scala:63) finished in 97 ms
26/01/16 13:08:47 INFO DAGScheduler: Job 65 is finished. Cancelling potential speculative or zombie tasks for this job
26/01/16 13:08:47 INFO TaskSchedulerImpl: Canceling stage 65
26/01/16 13:08:47 INFO TaskSchedulerImpl: Killing all running tasks in stage 65: Stage finished
26/01/16 13:08:47 INFO DAGScheduler: Job 65 finished: $anonfun$executePhase$2 at LexicalThreadLocal.scala:63, took 101.826769 ms
26/01/16 13:08:47 WARN DataSource: org.apache.spark.sql.sources.DataSourceRegister: com.google.cloud.spark.bigquery.BigQueryRelationProvider Unable to get public no-arg constructor
26/01/16 13:08:47 INFO DbfsReflectionUtilsImpl: Resolved DBFS path InputUri=/Workspace ResolvedPath=abfss://root@dbstoragekduswqmgjq5rc.dfs.core.windows.net/116288240407984/Workspace
26/01/16 13:08:47 WARN DriverActivityLogging$: No activity context found. Skip logging driver event.
26/01/16 13:08:47 WARN DriverActivityLogging$: No activity context found. Skip logging driver event.
26/01/16 13:08:47 WARN DriverActivityLogging$: No activity context found. Skip logging driver event.
26/01/16 13:08:47 INFO InMemoryFileIndex: Start listing leaf files and directories. Size of Paths: 1; threshold: 32
26/01/16 13:08:47 WARN DriverActivityLogging$: No activity context found. Skip logging driver event.
26/01/16 13:08:47 INFO InMemoryFileIndex: Start listing leaf files and directories. Size of Paths: 0; threshold: 32
26/01/16 13:08:47 INFO InMemoryFileIndex: It took 17 ms to list leaf files for 1 paths.
26/01/16 13:08:47 INFO InMemoryFileIndex: [ES-1349004] 954.5 KiB bytes allocated for InMemoryFileIndex.refresh0
26/01/16 13:08:47 INFO SparkContext: Starting job: $anonfun$executePhase$2 at LexicalThreadLocal.scala:63
26/01/16 13:08:47 INFO DAGScheduler: Got job 66 ($anonfun$executePhase$2 at LexicalThreadLocal.scala:63) with 1 output partitions
26/01/16 13:08:47 INFO DAGScheduler: Final stage: ResultStage 66 ($anonfun$executePhase$2 at LexicalThreadLocal.scala:63)
26/01/16 13:08:47 INFO DAGScheduler: Parents of final stage: List()
26/01/16 13:08:47 INFO DAGScheduler: Missing parents: List()
26/01/16 13:08:47 INFO DAGScheduler: Submitting ResultStage 66 (MapPartitionsRDD[133] at $anonfun$executePhase$2 at LexicalThreadLocal.scala:63), which has no missing parents
26/01/16 13:08:47 INFO DAGScheduler: Submitting 1 missing tasks from ResultStage 66 (MapPartitionsRDD[133] at $anonfun$executePhase$2 at LexicalThreadLocal.scala:63) (first 15 tasks are for partitions Vector(0))
26/01/16 13:08:47 INFO TaskSchedulerImpl: Adding task set 66.0 with 1 tasks resource profile 0
26/01/16 13:08:47 INFO TaskSetManager: TaskSet 66.0 using PreferredLocationsV1
26/01/16 13:08:47 WARN FairSchedulableBuilder: A job was submitted with scheduler pool 1768568637510, which has not been configured. This can happen when the file that pools are read from isn't set, or when that file doesn't contain 1768568637510. Created 1768568637510 with default configuration (schedulingMode: FIFO, minShare: 0, weight: 1
26/01/16 13:08:47 INFO FairSchedulableBuilder: Added task set TaskSet_66.0 tasks to pool 1768568637510
26/01/16 13:08:47 INFO TaskSetManager: Starting task 0.0 in stage 66.0 (TID 66) (10.139.64.10,executor 0, partition 0, PROCESS_LOCAL, 
26/01/16 13:08:47 INFO MemoryStore: Block broadcast_67 stored as values in memory (estimated size 126.2 KiB, free 3.3 GiB)
26/01/16 13:08:47 INFO MemoryStore: Block broadcast_67_piece0 stored as bytes in memory (estimated size 52.2 KiB, free 3.3 GiB)
26/01/16 13:08:47 INFO SparkContext: Created broadcast 67 from broadcast at TaskSetManager.scala:848
26/01/16 13:08:47 INFO TaskSetManager: Finished task 0.0 in stage 66.0 (TID 66) in 53 ms on 10.139.64.10 (executor 0) (1/1)
26/01/16 13:08:47 INFO TaskSchedulerImpl: Removed TaskSet 66.0 whose tasks have all completed, from pool 1768568637510
26/01/16 13:08:47 INFO DAGScheduler: ResultStage 66 ($anonfun$executePhase$2 at LexicalThreadLocal.scala:63) finished in 59 ms
26/01/16 13:08:47 INFO DAGScheduler: Job 66 is finished. Cancelling potential speculative or zombie tasks for this job
26/01/16 13:08:47 INFO TaskSchedulerImpl: Canceling stage 66
26/01/16 13:08:47 INFO TaskSchedulerImpl: Killing all running tasks in stage 66: Stage finished
26/01/16 13:08:47 INFO DAGScheduler: Job 66 finished: $anonfun$executePhase$2 at LexicalThreadLocal.scala:63, took 65.308908 ms
26/01/16 13:08:47 WARN DataSource: org.apache.spark.sql.sources.DataSourceRegister: com.google.cloud.spark.bigquery.BigQueryRelationProvider Unable to get public no-arg constructor
26/01/16 13:08:47 INFO DbfsReflectionUtilsImpl: Resolved DBFS path InputUri=/Workspace ResolvedPath=abfss://root@dbstoragekduswqmgjq5rc.dfs.core.windows.net/116288240407984/Workspace
26/01/16 13:08:47 WARN DriverActivityLogging$: No activity context found. Skip logging driver event.
26/01/16 13:08:47 WARN DriverActivityLogging$: No activity context found. Skip logging driver event.
26/01/16 13:08:47 WARN DriverActivityLogging$: No activity context found. Skip logging driver event.
26/01/16 13:08:47 INFO InMemoryFileIndex: Start listing leaf files and directories. Size of Paths: 1; threshold: 32
26/01/16 13:08:47 WARN DriverActivityLogging$: No activity context found. Skip logging driver event.
26/01/16 13:08:47 INFO InMemoryFileIndex: Start listing leaf files and directories. Size of Paths: 0; threshold: 32
26/01/16 13:08:47 INFO InMemoryFileIndex: It took 16 ms to list leaf files for 1 paths.
26/01/16 13:08:47 INFO InMemoryFileIndex: [ES-1349004] 953.0 KiB bytes allocated for InMemoryFileIndex.refresh0
26/01/16 13:08:47 INFO SparkContext: Starting job: $anonfun$executePhase$2 at LexicalThreadLocal.scala:63
26/01/16 13:08:47 INFO DAGScheduler: Got job 67 ($anonfun$executePhase$2 at LexicalThreadLocal.scala:63) with 1 output partitions
26/01/16 13:08:47 INFO DAGScheduler: Final stage: ResultStage 67 ($anonfun$executePhase$2 at LexicalThreadLocal.scala:63)
26/01/16 13:08:47 INFO DAGScheduler: Parents of final stage: List()
26/01/16 13:08:47 INFO DAGScheduler: Missing parents: List()
26/01/16 13:08:47 INFO DAGScheduler: Submitting ResultStage 67 (MapPartitionsRDD[135] at $anonfun$executePhase$2 at LexicalThreadLocal.scala:63), which has no missing parents
26/01/16 13:08:47 INFO DAGScheduler: Submitting 1 missing tasks from ResultStage 67 (MapPartitionsRDD[135] at $anonfun$executePhase$2 at LexicalThreadLocal.scala:63) (first 15 tasks are for partitions Vector(0))
26/01/16 13:08:47 INFO TaskSchedulerImpl: Adding task set 67.0 with 1 tasks resource profile 0
26/01/16 13:08:47 INFO TaskSetManager: TaskSet 67.0 using PreferredLocationsV1
26/01/16 13:08:47 INFO FairSchedulableBuilder: Added task set TaskSet_67.0 tasks to pool 1768568637510
26/01/16 13:08:47 INFO TaskSetManager: Starting task 0.0 in stage 67.0 (TID 67) (10.139.64.10,executor 0, partition 0, PROCESS_LOCAL, 
26/01/16 13:08:47 INFO MemoryStore: Block broadcast_68 stored as values in memory (estimated size 126.2 KiB, free 3.3 GiB)
26/01/16 13:08:47 INFO MemoryStore: Block broadcast_68_piece0 stored as bytes in memory (estimated size 52.2 KiB, free 3.3 GiB)
26/01/16 13:08:47 INFO SparkContext: Created broadcast 68 from broadcast at TaskSetManager.scala:848
26/01/16 13:08:47 INFO TaskSetManager: Finished task 0.0 in stage 67.0 (TID 67) in 51 ms on 10.139.64.10 (executor 0) (1/1)
26/01/16 13:08:47 INFO TaskSchedulerImpl: Removed TaskSet 67.0 whose tasks have all completed, from pool 1768568637510
26/01/16 13:08:47 INFO DAGScheduler: ResultStage 67 ($anonfun$executePhase$2 at LexicalThreadLocal.scala:63) finished in 56 ms
26/01/16 13:08:47 INFO DAGScheduler: Job 67 is finished. Cancelling potential speculative or zombie tasks for this job
26/01/16 13:08:47 INFO TaskSchedulerImpl: Canceling stage 67
26/01/16 13:08:47 INFO TaskSchedulerImpl: Killing all running tasks in stage 67: Stage finished
26/01/16 13:08:47 INFO DAGScheduler: Job 67 finished: $anonfun$executePhase$2 at LexicalThreadLocal.scala:63, took 62.965605 ms
26/01/16 13:08:47 WARN DataSource: org.apache.spark.sql.sources.DataSourceRegister: com.google.cloud.spark.bigquery.BigQueryRelationProvider Unable to get public no-arg constructor
26/01/16 13:08:47 INFO DbfsReflectionUtilsImpl: Resolved DBFS path InputUri=/Workspace ResolvedPath=abfss://root@dbstoragekduswqmgjq5rc.dfs.core.windows.net/116288240407984/Workspace
26/01/16 13:08:47 WARN DriverActivityLogging$: No activity context found. Skip logging driver event.
26/01/16 13:08:47 WARN DriverActivityLogging$: No activity context found. Skip logging driver event.
26/01/16 13:08:47 WARN DriverActivityLogging$: No activity context found. Skip logging driver event.
26/01/16 13:08:47 INFO InMemoryFileIndex: Start listing leaf files and directories. Size of Paths: 1; threshold: 32
26/01/16 13:08:47 WARN DriverActivityLogging$: No activity context found. Skip logging driver event.
26/01/16 13:08:47 INFO InMemoryFileIndex: Start listing leaf files and directories. Size of Paths: 0; threshold: 32
26/01/16 13:08:47 INFO InMemoryFileIndex: It took 17 ms to list leaf files for 1 paths.
26/01/16 13:08:47 INFO InMemoryFileIndex: [ES-1349004] 954.0 KiB bytes allocated for InMemoryFileIndex.refresh0
26/01/16 13:08:47 INFO SparkContext: Starting job: $anonfun$executePhase$2 at LexicalThreadLocal.scala:63
26/01/16 13:08:47 INFO DAGScheduler: Got job 68 ($anonfun$executePhase$2 at LexicalThreadLocal.scala:63) with 1 output partitions
26/01/16 13:08:47 INFO DAGScheduler: Final stage: ResultStage 68 ($anonfun$executePhase$2 at LexicalThreadLocal.scala:63)
26/01/16 13:08:47 INFO DAGScheduler: Parents of final stage: List()
26/01/16 13:08:47 INFO DAGScheduler: Missing parents: List()
26/01/16 13:08:47 INFO DAGScheduler: Submitting ResultStage 68 (MapPartitionsRDD[137] at $anonfun$executePhase$2 at LexicalThreadLocal.scala:63), which has no missing parents
26/01/16 13:08:47 INFO DAGScheduler: Submitting 1 missing tasks from ResultStage 68 (MapPartitionsRDD[137] at $anonfun$executePhase$2 at LexicalThreadLocal.scala:63) (first 15 tasks are for partitions Vector(0))
26/01/16 13:08:47 INFO TaskSchedulerImpl: Adding task set 68.0 with 1 tasks resource profile 0
26/01/16 13:08:47 INFO TaskSetManager: TaskSet 68.0 using PreferredLocationsV1
26/01/16 13:08:47 INFO FairSchedulableBuilder: Added task set TaskSet_68.0 tasks to pool 1768568637510
26/01/16 13:08:47 INFO TaskSetManager: Starting task 0.0 in stage 68.0 (TID 68) (10.139.64.10,executor 0, partition 0, PROCESS_LOCAL, 
26/01/16 13:08:47 INFO MemoryStore: Block broadcast_69 stored as values in memory (estimated size 126.2 KiB, free 3.3 GiB)
26/01/16 13:08:47 INFO MemoryStore: Block broadcast_69_piece0 stored as bytes in memory (estimated size 52.2 KiB, free 3.3 GiB)
26/01/16 13:08:47 INFO SparkContext: Created broadcast 69 from broadcast at TaskSetManager.scala:848
26/01/16 13:08:47 INFO TaskSetManager: Finished task 0.0 in stage 68.0 (TID 68) in 44 ms on 10.139.64.10 (executor 0) (1/1)
26/01/16 13:08:47 INFO TaskSchedulerImpl: Removed TaskSet 68.0 whose tasks have all completed, from pool 1768568637510
26/01/16 13:08:47 INFO DAGScheduler: ResultStage 68 ($anonfun$executePhase$2 at LexicalThreadLocal.scala:63) finished in 48 ms
26/01/16 13:08:47 INFO DAGScheduler: Job 68 is finished. Cancelling potential speculative or zombie tasks for this job
26/01/16 13:08:47 INFO TaskSchedulerImpl: Canceling stage 68
26/01/16 13:08:47 INFO TaskSchedulerImpl: Killing all running tasks in stage 68: Stage finished
26/01/16 13:08:47 INFO DAGScheduler: Job 68 finished: $anonfun$executePhase$2 at LexicalThreadLocal.scala:63, took 53.224688 ms
26/01/16 13:08:47 WARN DataSource: org.apache.spark.sql.sources.DataSourceRegister: com.google.cloud.spark.bigquery.BigQueryRelationProvider Unable to get public no-arg constructor
26/01/16 13:08:47 INFO DbfsReflectionUtilsImpl: Resolved DBFS path InputUri=/Workspace ResolvedPath=abfss://root@dbstoragekduswqmgjq5rc.dfs.core.windows.net/116288240407984/Workspace
26/01/16 13:08:47 WARN DriverActivityLogging$: No activity context found. Skip logging driver event.
26/01/16 13:08:47 WARN DriverActivityLogging$: No activity context found. Skip logging driver event.
26/01/16 13:08:48 WARN DriverActivityLogging$: No activity context found. Skip logging driver event.
26/01/16 13:08:48 INFO InMemoryFileIndex: Start listing leaf files and directories. Size of Paths: 1; threshold: 32
26/01/16 13:08:48 WARN DriverActivityLogging$: No activity context found. Skip logging driver event.
26/01/16 13:08:48 INFO InMemoryFileIndex: Start listing leaf files and directories. Size of Paths: 0; threshold: 32
26/01/16 13:08:48 INFO InMemoryFileIndex: It took 23 ms to list leaf files for 1 paths.
26/01/16 13:08:48 INFO InMemoryFileIndex: [ES-1349004] 958.3 KiB bytes allocated for InMemoryFileIndex.refresh0
26/01/16 13:08:48 INFO SparkContext: Starting job: $anonfun$executePhase$2 at LexicalThreadLocal.scala:63
26/01/16 13:08:48 INFO DAGScheduler: Got job 69 ($anonfun$executePhase$2 at LexicalThreadLocal.scala:63) with 1 output partitions
26/01/16 13:08:48 INFO DAGScheduler: Final stage: ResultStage 69 ($anonfun$executePhase$2 at LexicalThreadLocal.scala:63)
26/01/16 13:08:48 INFO DAGScheduler: Parents of final stage: List()
26/01/16 13:08:48 INFO DAGScheduler: Missing parents: List()
26/01/16 13:08:48 INFO DAGScheduler: Submitting ResultStage 69 (MapPartitionsRDD[139] at $anonfun$executePhase$2 at LexicalThreadLocal.scala:63), which has no missing parents
26/01/16 13:08:48 INFO DAGScheduler: Submitting 1 missing tasks from ResultStage 69 (MapPartitionsRDD[139] at $anonfun$executePhase$2 at LexicalThreadLocal.scala:63) (first 15 tasks are for partitions Vector(0))
26/01/16 13:08:48 INFO TaskSchedulerImpl: Adding task set 69.0 with 1 tasks resource profile 0
26/01/16 13:08:48 INFO TaskSetManager: TaskSet 69.0 using PreferredLocationsV1
26/01/16 13:08:48 INFO FairSchedulableBuilder: Added task set TaskSet_69.0 tasks to pool 1768568637510
26/01/16 13:08:48 INFO TaskSetManager: Starting task 0.0 in stage 69.0 (TID 69) (10.139.64.10,executor 0, partition 0, PROCESS_LOCAL, 
26/01/16 13:08:48 INFO MemoryStore: Block broadcast_70 stored as values in memory (estimated size 126.2 KiB, free 3.3 GiB)
26/01/16 13:08:48 INFO MemoryStore: Block broadcast_70_piece0 stored as bytes in memory (estimated size 52.2 KiB, free 3.3 GiB)
26/01/16 13:08:48 INFO SparkContext: Created broadcast 70 from broadcast at TaskSetManager.scala:848
26/01/16 13:08:48 INFO TaskSetManager: Finished task 0.0 in stage 69.0 (TID 69) in 47 ms on 10.139.64.10 (executor 0) (1/1)
26/01/16 13:08:48 INFO TaskSchedulerImpl: Removed TaskSet 69.0 whose tasks have all completed, from pool 1768568637510
26/01/16 13:08:48 INFO DAGScheduler: ResultStage 69 ($anonfun$executePhase$2 at LexicalThreadLocal.scala:63) finished in 57 ms
26/01/16 13:08:48 INFO DAGScheduler: Job 69 is finished. Cancelling potential speculative or zombie tasks for this job
26/01/16 13:08:48 INFO TaskSchedulerImpl: Canceling stage 69
26/01/16 13:08:48 INFO TaskSchedulerImpl: Killing all running tasks in stage 69: Stage finished
26/01/16 13:08:48 INFO DAGScheduler: Job 69 finished: $anonfun$executePhase$2 at LexicalThreadLocal.scala:63, took 63.039305 ms
26/01/16 13:08:48 INFO DatabricksILoop$: Received SAFEr configs with version 1768565233365
26/01/16 13:08:48 INFO HiveUnityCatalogCheckRule: Collecting SQL actions took 2.092803 ms.
26/01/16 13:08:48 INFO DbfsReflectionUtilsImpl: Resolved DBFS path InputUri=/Workspace ResolvedPath=abfss://root@dbstoragekduswqmgjq5rc.dfs.core.windows.net/116288240407984/Workspace
26/01/16 13:08:48 INFO HiveCheckPermissions: Computed permissions to check in 9.253915 milliseconds
26/01/16 13:08:48 INFO HiveCheckPermissions: Checking all permissions took 9.392716 milliseconds
26/01/16 13:08:48 INFO QueryPlanningTracker: Query phase analysis took 7s before execution.
26/01/16 13:08:48 WARN SQLConf: The SQL config 'spark.sql.hive.convertCTAS' has been deprecated in Spark v3.1 and may be removed in the future. Set 'spark.sql.legacy.createHiveTableByDefault' to false instead.
26/01/16 13:08:48 INFO ArtifactManagerNFS: Created session user spark-81986d6f-4158-4d5d-a056-10.
26/01/16 13:08:48 INFO QueryPlanningTracker: Query phase analysis took 0s before execution.
26/01/16 13:08:48 INFO QueryAnalyzedPlanSizeLogger$: Total number of expressions in the analyzed plan: 670, computed in 1 ms.
26/01/16 13:08:48 INFO QueryPlanningTracker: Query phase analysis took 0s before execution.
26/01/16 13:08:48 INFO LogicalPlanStats: Setting LogicalPlanStats visitor to com.databricks.sql.optimizer.statsEstimation.DatabricksLogicalPlanStatsVisitor$
26/01/16 13:08:49 WARN SparkStringUtils: Truncated the string representation of a plan since it was too large. This behavior can be adjusted by setting 'spark.sql.debug.maxToStringFields'.
26/01/16 13:08:49 INFO PrepareDeltaScan: Interesting columns for file pruning for relation (Relation hs_franquia.silver_sap_im.event[OCCURRENCE_ID#651,CLASS_ATIV#652,RAC_ID#653,FATAL_NUM#654,NON_FATAL_NUM#655,MEMBER_COMM#656,SERV_TYPE#657,CONTRACT_ID#658,OPER_TYPE#659,OPER_CRITERIA#660,OPER_QUESTION_1#661,OPER_QUESTION_2#662,OPER_QUESTION_3#663,OPER_ANSWER_1#664,OPER_ANSWER_2#665,OPER_ANSWER_3#666,ANALYS_START_DT#667,ANALYS_END_DT#668,ANALYS_STATUS#669,ANALYS_METHOD#670,ANALYS_METHOD_SUB#671,EFFICA_STATUS#672,EFFICA_DEADLINE#673,EFFICA_APPROVER#674,SEC_LAYER#675,... 27 more fields] parquet
): 
26/01/16 13:08:50 INFO DeltaLogFileIndex: Created DeltaLogFileIndex(Parquet, numFilesInSegment: 1, totalFileSize: 93127)
26/01/16 13:08:50 INFO DeltaLogFileIndex: Created DeltaLogFileIndex(JSON, numFilesInSegment: 3, totalFileSize: 336896)
26/01/16 13:08:50 INFO QueryPlanningTracker: Query phase analysis took 0s before execution.
26/01/16 13:08:50 INFO AbstractParser$ParserCaches: EXPERIMENTAL: Query cached 13 DFA states in the parser. Total cached DFA states: 251in the parser. Driver memory: 6290931712.
26/01/16 13:08:50 INFO QueryPlanningTracker: Query phase analysis took 0s before execution.
26/01/16 13:08:50 INFO QueryPlanningTracker: Query phase analysis took 0s before execution.
26/01/16 13:08:50 INFO QueryPlanningTracker: Query phase analysis took 0s before execution.
26/01/16 13:08:50 INFO ClusterLoadMonitor: Added query with execution ID:2. Current active queries:1
26/01/16 13:08:50 INFO QueryAnalyzedPlanSizeLogger$: Total number of expressions in the analyzed plan: 51, computed in 0 ms.
26/01/16 13:08:50 INFO QueryPlanningTracker: Query phase analysis took 0s before execution.
26/01/16 13:08:50 INFO QueryPlanningTracker: Query phase optimization took 0s before execution.
26/01/16 13:08:50 INFO DataSourceStrategy: Pruning directories with: Set()
26/01/16 13:08:50 INFO FileSourceStrategy: Pushed Filters: IsNotNull(add.dataChange)
26/01/16 13:08:50 INFO FileSourceStrategy: Post-Scan Filters: Set(isnotnull(add#1093.dataChange))
26/01/16 13:08:50 INFO QueryPlanningTracker: Query phase planning took 0s before execution.
26/01/16 13:08:50 INFO QueryPlanningTracker: Query phase planning took 0s before execution.
26/01/16 13:08:51 INFO MemoryStore: Block broadcast_71 stored as values in memory (estimated size 325.0 KiB, free 3.3 GiB)
26/01/16 13:08:51 INFO MemoryStore: Block broadcast_71_piece0 stored as bytes in memory (estimated size 31.2 KiB, free 3.3 GiB)
26/01/16 13:08:51 INFO SparkContext: Created broadcast 71 from toRdd at StateCache.scala:73
26/01/16 13:08:51 INFO CodeGenerator: Code generated in 513.810859 ms
26/01/16 13:08:51 INFO FileSourceScanExec: Planning scan with bin packing, max size: 134217728 bytes, open cost is considered as scanning 4194304 bytes.
26/01/16 13:08:52 INFO ClusterLoadMonitor: Removed query with execution ID:2. Current active queries:0
26/01/16 13:08:52 INFO SQLExecution:  0 QueryExecution(s) are running
26/01/16 13:08:52 INFO QueryPlanningTracker: Query phase analysis took 0s before execution.
26/01/16 13:08:52 INFO QueryPlanningTracker: Query phase analysis took 0s before execution.
26/01/16 13:08:52 INFO QueryPlanningTracker: Query phase analysis took 0s before execution.
26/01/16 13:08:52 INFO QueryPlanningTracker: Query phase analysis took 0s before execution.
26/01/16 13:08:52 INFO AbstractParser$ParserCaches: EXPERIMENTAL: Query cached 3 DFA states in the parser. Total cached DFA states: 254in the parser. Driver memory: 6290931712.
26/01/16 13:08:52 INFO QueryPlanningTracker: Query phase analysis took 0s before execution.
26/01/16 13:08:52 INFO QueryPlanningTracker: Query phase analysis took 0s before execution.
26/01/16 13:08:52 INFO MemoryStore: Block broadcast_72 stored as values in memory (estimated size 323.3 KiB, free 3.3 GiB)
26/01/16 13:08:52 INFO MemoryStore: Block broadcast_72_piece0 stored as bytes in memory (estimated size 26.8 KiB, free 3.3 GiB)
26/01/16 13:08:52 INFO SparkContext: Created broadcast 72 from broadcast at DeltaLog.scala:824
26/01/16 13:08:52 INFO AbstractParser$ParserCaches: EXPERIMENTAL: Query cached 0 DFA states in the parser. Total cached DFA states: 254in the parser. Driver memory: 6290931712.
26/01/16 13:08:52 INFO QueryPlanningTracker: Query phase analysis took 0s before execution.
26/01/16 13:08:53 INFO MemoryUsageTracker: GC notification:
 Name: PS Scavenge,
 Action: end of minor GC,
 Cause: Allocation Failure
 StartTime: 295688
 Duration: 31
26/01/16 13:08:53 INFO AbstractParser$ParserCaches: EXPERIMENTAL: Query cached 58 DFA states in the parser. Total cached DFA states: 312in the parser. Driver memory: 6290931712.
26/01/16 13:08:53 INFO QueryPlanningTracker: Query phase analysis took 0s before execution.
26/01/16 13:08:53 INFO QueryPlanningTracker: Query phase analysis took 0s before execution.
26/01/16 13:08:53 INFO QueryAnalyzedPlanSizeLogger$: Total number of expressions in the analyzed plan: 65, computed in 0 ms.
26/01/16 13:08:53 INFO QueryPlanningTracker: Query phase analysis took 0s before execution.
26/01/16 13:08:53 INFO QueryProfileListener: Query profile sent to logger, seq number: 2, app id: app-20260116130427-0000
26/01/16 13:08:53 INFO QueryPlanningTracker: Query phase optimization took 0s before execution.
26/01/16 13:08:53 INFO QueryPlanningTracker: Query phase planning took 0s before execution.
26/01/16 13:08:53 INFO QueryPlanningTracker: Query phase planning took 0s before execution.
26/01/16 13:08:53 ERROR DriverCorral: Invalid executionContextId: MessagePacket(jupyter_message,Metadata(None,Some(kernel_info_request),Some(3245484445906432),Some(0308-151607-btdoodbb),Some(8143167118108101753),None,Some(CommandContext(...)),Some(Map(jupyter-message-viewer-enabled -> false))),MessagePayload(Map(),Some(control),Some(Header(Some(kernel_info_request),Some(70794682-3afc-4182-87e4-fc44dd6d5046),Some(databricksnbid:3245484445906432),Some(),Some(2026-01-16T13:08:44.449Z),Some(5.4))),None,Map(),List()),null)
26/01/16 13:08:53 INFO AsyncEventQueue: Process of event SparkListenerQueryProfileParamsReady(executionId=2, ...) bylistener org.apache.spark.sql.QueryProfileListener took 1494.473209ms.
26/01/16 13:08:53 INFO CodeGenerator: Code generated in 249.318269 ms
26/01/16 13:08:54 INFO CodeGenerator: Code generated in 125.274185 ms
26/01/16 13:08:54 INFO SparkContext: Starting job: executeCollect at StateCache.scala:161
26/01/16 13:08:54 INFO DAGScheduler: Got job 70 (executeCollect at StateCache.scala:161) with 4 output partitions
26/01/16 13:08:54 INFO DAGScheduler: Final stage: ResultStage 70 (executeCollect at StateCache.scala:161)
26/01/16 13:08:54 INFO DAGScheduler: Parents of final stage: List()
26/01/16 13:08:54 INFO DAGScheduler: Missing parents: List()
26/01/16 13:08:54 INFO DAGScheduler: Submitting ResultStage 70 (MapPartitionsRDD[148] at executeCollect at StateCache.scala:161), which has no missing parents
26/01/16 13:08:54 INFO DAGScheduler: Submitting 4 missing tasks from ResultStage 70 (MapPartitionsRDD[148] at executeCollect at StateCache.scala:161) (first 15 tasks are for partitions Vector(0, 1, 2, 3))
26/01/16 13:08:54 INFO TaskSchedulerImpl: Adding task set 70.0 with 4 tasks resource profile 0
26/01/16 13:08:54 INFO TaskSetManager: TaskSet 70.0 using PreferredLocationsV1
26/01/16 13:08:54 WARN FairSchedulableBuilder: A job was submitted with scheduler pool 1768568637510, which has not been configured. This can happen when the file that pools are read from isn't set, or when that file doesn't contain 1768568637510. Created 1768568637510 with default configuration (schedulingMode: FIFO, minShare: 0, weight: 1
26/01/16 13:08:54 INFO FairSchedulableBuilder: Added task set TaskSet_70.0 tasks to pool 1768568637510
26/01/16 13:08:54 INFO TaskSetManager: Starting task 0.0 in stage 70.0 (TID 70) (10.139.64.10,executor 0, partition 0, PROCESS_LOCAL, 
26/01/16 13:08:54 INFO TaskSetManager: Starting task 1.0 in stage 70.0 (TID 71) (10.139.64.10,executor 0, partition 1, PROCESS_LOCAL, 
26/01/16 13:08:54 INFO TaskSetManager: Starting task 2.0 in stage 70.0 (TID 72) (10.139.64.10,executor 0, partition 2, PROCESS_LOCAL, 
26/01/16 13:08:54 INFO TaskSetManager: Starting task 3.0 in stage 70.0 (TID 73) (10.139.64.10,executor 0, partition 3, PROCESS_LOCAL, 
26/01/16 13:08:54 INFO MemoryStore: Block broadcast_73 stored as values in memory (estimated size 162.6 KiB, free 3.3 GiB)
26/01/16 13:08:54 INFO MemoryStore: Block broadcast_73_piece0 stored as bytes in memory (estimated size 51.6 KiB, free 3.3 GiB)
26/01/16 13:08:54 INFO SparkContext: Created broadcast 73 from broadcast at TaskSetManager.scala:848
26/01/16 13:08:57 INFO TaskSetManager: Finished task 1.0 in stage 70.0 (TID 71) in 2788 ms on 10.139.64.10 (executor 0) (1/4)
26/01/16 13:08:57 INFO TaskSetManager: Finished task 3.0 in stage 70.0 (TID 73) in 2787 ms on 10.139.64.10 (executor 0) (2/4)
26/01/16 13:08:57 INFO TaskSetManager: Finished task 2.0 in stage 70.0 (TID 72) in 2790 ms on 10.139.64.10 (executor 0) (3/4)
26/01/16 13:08:57 INFO TaskSetManager: Finished task 0.0 in stage 70.0 (TID 70) in 2793 ms on 10.139.64.10 (executor 0) (4/4)
26/01/16 13:08:57 INFO TaskSchedulerImpl: Removed TaskSet 70.0 whose tasks have all completed, from pool 1768568637510
26/01/16 13:08:57 INFO DAGScheduler: ResultStage 70 (executeCollect at StateCache.scala:161) finished in 2935 ms
26/01/16 13:08:57 INFO DAGScheduler: Job 70 is finished. Cancelling potential speculative or zombie tasks for this job
26/01/16 13:08:57 INFO TaskSchedulerImpl: Canceling stage 70
26/01/16 13:08:57 INFO TaskSchedulerImpl: Killing all running tasks in stage 70: Stage finished
26/01/16 13:08:57 INFO DAGScheduler: Job 70 finished: executeCollect at StateCache.scala:161, took 2940.280445 ms
26/01/16 13:08:57 INFO QueryPlanningTracker: Query phase analysis took 0s before execution.
26/01/16 13:08:57 INFO QueryPlanningTracker: Query phase analysis took 0s before execution.
26/01/16 13:08:57 INFO QueryPlanningTracker: Query phase analysis took 0s before execution.
26/01/16 13:08:57 INFO QueryPlanningTracker: Query phase analysis took 0s before execution.
26/01/16 13:08:57 INFO QueryAnalyzedPlanSizeLogger$: Total number of expressions in the analyzed plan: 24, computed in 0 ms.
26/01/16 13:08:57 INFO QueryPlanningTracker: Query phase analysis took 0s before execution.
26/01/16 13:08:57 INFO QueryPlanningTracker: Query phase optimization took 0s before execution.
26/01/16 13:08:57 INFO QueryPlanningTracker: Query phase planning took 0s before execution.
26/01/16 13:08:57 INFO QueryPlanningTracker: Query phase planning took 0s before execution.
26/01/16 13:08:57 INFO SparkContext: Starting job: executeCollect at OptimizeLocalUnion.scala:103
26/01/16 13:08:57 INFO DAGScheduler: Got job 71 (executeCollect at OptimizeLocalUnion.scala:103) with 1 output partitions
26/01/16 13:08:57 INFO DAGScheduler: Final stage: ResultStage 71 (executeCollect at OptimizeLocalUnion.scala:103)
26/01/16 13:08:57 INFO DAGScheduler: Parents of final stage: List()
26/01/16 13:08:57 INFO DAGScheduler: Missing parents: List()
26/01/16 13:08:57 INFO DAGScheduler: Submitting ResultStage 71 (MapPartitionsRDD[149] at executeCollect at OptimizeLocalUnion.scala:103), which has no missing parents
26/01/16 13:08:57 INFO DAGScheduler: Submitting 1 missing tasks from ResultStage 71 (MapPartitionsRDD[149] at executeCollect at OptimizeLocalUnion.scala:103) (first 15 tasks are for partitions Vector(0))
26/01/16 13:08:57 INFO TaskSchedulerImpl: Adding task set 71.0 with 1 tasks resource profile 0
26/01/16 13:08:57 INFO TaskSetManager: TaskSet 71.0 using PreferredLocationsV1
26/01/16 13:08:57 INFO FairSchedulableBuilder: Added task set TaskSet_71.0 tasks to pool 1768568637510
26/01/16 13:08:57 INFO TaskSetManager: Starting task 0.0 in stage 71.0 (TID 74) (10.139.64.10,executor 0, partition 0, PROCESS_LOCAL, 
26/01/16 13:08:57 INFO MemoryStore: Block broadcast_74 stored as values in memory (estimated size 217.4 KiB, free 3.3 GiB)
26/01/16 13:08:57 INFO MemoryStore: Block broadcast_74_piece0 stored as bytes in memory (estimated size 88.0 KiB, free 3.3 GiB)
26/01/16 13:08:57 INFO SparkContext: Created broadcast 74 from broadcast at TaskSetManager.scala:848
26/01/16 13:09:00 INFO TaskSetManager: Finished task 0.0 in stage 71.0 (TID 74) in 2754 ms on 10.139.64.10 (executor 0) (1/1)
26/01/16 13:09:00 INFO TaskSchedulerImpl: Removed TaskSet 71.0 whose tasks have all completed, from pool 1768568637510
26/01/16 13:09:00 INFO DAGScheduler: ResultStage 71 (executeCollect at OptimizeLocalUnion.scala:103) finished in 2909 ms
26/01/16 13:09:00 INFO DAGScheduler: Job 71 is finished. Cancelling potential speculative or zombie tasks for this job
26/01/16 13:09:00 INFO TaskSchedulerImpl: Canceling stage 71
26/01/16 13:09:00 INFO TaskSchedulerImpl: Killing all running tasks in stage 71: Stage finished
26/01/16 13:09:00 INFO DAGScheduler: Job 71 finished: executeCollect at OptimizeLocalUnion.scala:103, took 2922.915584 ms
26/01/16 13:09:00 INFO QueryPlanningTracker: Query phase analysis took 0s before execution.
26/01/16 13:09:00 INFO ClusterLoadMonitor: Added query with execution ID:3. Current active queries:1
26/01/16 13:09:00 INFO QueryAnalyzedPlanSizeLogger$: Total number of expressions in the analyzed plan: 79, computed in 0 ms.
26/01/16 13:09:00 INFO QueryPlanningTracker: Query phase analysis took 0s before execution.
26/01/16 13:09:00 INFO QueryPlanningTracker: Query phase optimization took 0s before execution.
26/01/16 13:09:00 INFO QueryPlanningTracker: Query phase planning took 0s before execution.
26/01/16 13:09:00 INFO QueryPlanningTracker: Query phase planning took 0s before execution.
26/01/16 13:09:00 INFO CodeGenerator: Code generated in 28.16634 ms
26/01/16 13:09:00 INFO ClusterLoadMonitor: Removed query with execution ID:3. Current active queries:0
26/01/16 13:09:00 INFO SQLExecution:  0 QueryExecution(s) are running
26/01/16 13:09:00 INFO QueryProfileListener: Query profile sent to logger, seq number: 3, app id: app-20260116130427-0000
26/01/16 13:09:00 INFO PrepareDeltaScan: Could not obtain column metrics for DeltaScan for plan: 
Project [OCCURRENCE_ID#651, OPER_ANSWER_1#664, OPER_ANSWER_2#665, OPER_ANSWER_3#666]
+- Filter isnotnull(OCCURRENCE_ID#651)
   +- Relation hs_franquia.silver_sap_im.event[OCCURRENCE_ID#651,CLASS_ATIV#652,RAC_ID#653,FATAL_NUM#654,NON_FATAL_NUM#655,MEMBER_COMM#656,SERV_TYPE#657,CONTRACT_ID#658,OPER_TYPE#659,OPER_CRITERIA#660,OPER_QUESTION_1#661,OPER_QUESTION_2#662,OPER_QUESTION_3#663,OPER_ANSWER_1#664,OPER_ANSWER_2#665,OPER_ANSWER_3#666,ANALYS_START_DT#667,ANALYS_END_DT#668,ANALYS_STATUS#669,ANALYS_METHOD#670,ANALYS_METHOD_SUB#671,EFFICA_STATUS#672,EFFICA_DEADLINE#673,EFFICA_APPROVER#674,SEC_LAYER#675,... 27 more fields] parquet

26/01/16 13:09:00 INFO QueryPlanningTracker: Query phase optimization took 11s before execution.
26/01/16 13:09:00 INFO FileSourceStrategy: Pushed Filters: IsNotNull(DATA_OCORRENCIA),IsNotNull(STATUS_OCORRENCIA),GreaterThanOrEqual(DATA_OCORRENCIA,2020-01-01),Not(EqualTo(STATUS_OCORRENCIA,SS04))
26/01/16 13:09:00 INFO FileSourceStrategy: Post-Scan Filters: Set(isnotnull(DATA_OCORRENCIA#704), isnotnull(STATUS_OCORRENCIA#728), (DATA_OCORRENCIA#704 >= 2020-01-01), NOT (STATUS_OCORRENCIA#728 = SS04))
26/01/16 13:09:00 INFO FileSourceStrategy: Pushed Filters: IsNotNull(ID)
26/01/16 13:09:00 INFO FileSourceStrategy: Post-Scan Filters: Set(isnotnull(ID#771))
26/01/16 13:09:00 INFO FileSourceStrategy: Pushed Filters: IsNotNull(ID)
26/01/16 13:09:00 INFO FileSourceStrategy: Post-Scan Filters: Set(isnotnull(ID#774))
26/01/16 13:09:00 INFO FileSourceStrategy: Pushed Filters: IsNotNull(ID)
26/01/16 13:09:00 INFO FileSourceStrategy: Post-Scan Filters: Set(isnotnull(ID#777))
26/01/16 13:09:00 INFO FileSourceStrategy: Pushed Filters: IsNotNull(ID)
26/01/16 13:09:00 INFO FileSourceStrategy: Post-Scan Filters: Set(isnotnull(ID#781))
26/01/16 13:09:00 INFO FileSourceStrategy: Pushed Filters: IsNotNull(ID)
26/01/16 13:09:00 INFO FileSourceStrategy: Post-Scan Filters: Set(isnotnull(ID#784))
26/01/16 13:09:00 INFO FileSourceStrategy: Pushed Filters: IsNotNull(ID)
26/01/16 13:09:00 INFO FileSourceStrategy: Post-Scan Filters: Set(isnotnull(ID#787))
26/01/16 13:09:00 INFO FileSourceStrategy: Pushed Filters: IsNotNull(ID)
26/01/16 13:09:00 INFO FileSourceStrategy: Post-Scan Filters: Set(isnotnull(ID#790))
26/01/16 13:09:00 INFO FileSourceStrategy: Pushed Filters: IsNotNull(ID)
26/01/16 13:09:00 INFO FileSourceStrategy: Post-Scan Filters: Set(isnotnull(ID#793))
26/01/16 13:09:00 INFO FileSourceStrategy: Pushed Filters: IsNotNull(ID)
26/01/16 13:09:00 INFO FileSourceStrategy: Post-Scan Filters: Set(isnotnull(ID#796))
26/01/16 13:09:00 INFO FileSourceStrategy: Pushed Filters: IsNotNull(ID)
26/01/16 13:09:00 INFO FileSourceStrategy: Post-Scan Filters: Set(isnotnull(ID#799))
26/01/16 13:09:00 INFO FileSourceStrategy: Pushed Filters: IsNotNull(ID)
26/01/16 13:09:00 INFO FileSourceStrategy: Post-Scan Filters: Set(isnotnull(ID#805))
26/01/16 13:09:00 INFO FileSourceStrategy: Pushed Filters: IsNotNull(ID),Not(EqualTo(ID,SS04))
26/01/16 13:09:00 INFO FileSourceStrategy: Post-Scan Filters: Set(isnotnull(ID#808), NOT (ID#808 = SS04))
26/01/16 13:09:00 INFO FileSourceStrategy: Pushed Filters: IsNotNull(ID)
26/01/16 13:09:00 INFO FileSourceStrategy: Post-Scan Filters: Set(isnotnull(ID#811))
26/01/16 13:09:00 INFO FileSourceStrategy: Pushed Filters: IsNotNull(ID_UO)
26/01/16 13:09:00 INFO FileSourceStrategy: Post-Scan Filters: Set(isnotnull(ID_UO#814))
26/01/16 13:09:00 INFO FileSourceStrategy: Pushed Filters: IsNotNull(ID_LOC)
26/01/16 13:09:00 INFO FileSourceStrategy: Post-Scan Filters: Set(isnotnull(ID_LOC#827L))
26/01/16 13:09:00 INFO FileSourceStrategy: Pushed Filters: IsNotNull(ID_OCORRENCIA)
26/01/16 13:09:00 INFO FileSourceStrategy: Post-Scan Filters: Set(isnotnull(ID_OCORRENCIA#840))
26/01/16 13:09:00 INFO FileSourceStrategy: Pushed Filters: IsNotNull(ID)
26/01/16 13:09:00 INFO FileSourceStrategy: Post-Scan Filters: Set(isnotnull(ID#856))
26/01/16 13:09:00 INFO FileSourceStrategy: Pushed Filters: IsNotNull(ID)
26/01/16 13:09:00 INFO FileSourceStrategy: Post-Scan Filters: Set(isnotnull(ID#859))
26/01/16 13:09:00 INFO FileSourceStrategy: Pushed Filters: IsNotNull(ID)
26/01/16 13:09:00 INFO FileSourceStrategy: Post-Scan Filters: Set(isnotnull(ID#862))
26/01/16 13:09:00 INFO FileSourceStrategy: Pushed Filters: IsNotNull(ID)
26/01/16 13:09:00 INFO FileSourceStrategy: Post-Scan Filters: Set(isnotnull(ID#865))
26/01/16 13:09:00 INFO FileSourceStrategy: Pushed Filters: IsNotNull(ID)
26/01/16 13:09:00 INFO FileSourceStrategy: Post-Scan Filters: Set(isnotnull(ID#868))
26/01/16 13:09:00 INFO FileSourceStrategy: Pushed Filters: IsNotNull(ID)
26/01/16 13:09:00 INFO FileSourceStrategy: Post-Scan Filters: Set(isnotnull(ID#871))
26/01/16 13:09:00 INFO FileSourceStrategy: Pushed Filters: IsNotNull(ID)
26/01/16 13:09:00 INFO FileSourceStrategy: Post-Scan Filters: Set(isnotnull(ID#874))
26/01/16 13:09:00 INFO FileSourceStrategy: Pushed Filters: IsNotNull(ID_OCORRENCIA)
26/01/16 13:09:00 INFO FileSourceStrategy: Post-Scan Filters: Set(isnotnull(ID_OCORRENCIA#879))
26/01/16 13:09:00 INFO FileSourceStrategy: Pushed Filters: IsNotNull(ID)
26/01/16 13:09:00 INFO FileSourceStrategy: Post-Scan Filters: Set(isnotnull(ID#881))
26/01/16 13:09:00 INFO FileSourceStrategy: Pushed Filters: IsNotNull(ID_OCORRENCIA)
26/01/16 13:09:00 INFO FileSourceStrategy: Post-Scan Filters: Set(isnotnull(ID_OCORRENCIA#884))
26/01/16 13:09:00 INFO FileSourceStrategy: Pushed Filters: IsNotNull(ID)
26/01/16 13:09:00 INFO FileSourceStrategy: Post-Scan Filters: Set(isnotnull(ID#892))
26/01/16 13:09:00 INFO FileSourceStrategy: Pushed Filters: IsNotNull(ID_OCORRENCIA)
26/01/16 13:09:00 INFO FileSourceStrategy: Post-Scan Filters: Set(isnotnull(ID_OCORRENCIA#895))
26/01/16 13:09:00 INFO FileSourceStrategy: Pushed Filters: IsNotNull(ID)
26/01/16 13:09:00 INFO FileSourceStrategy: Post-Scan Filters: Set(isnotnull(ID#898))
26/01/16 13:09:00 INFO FileSourceStrategy: Pushed Filters: IsNotNull(ID_OCORRENCIA)
26/01/16 13:09:00 INFO FileSourceStrategy: Post-Scan Filters: Set(isnotnull(ID_OCORRENCIA#907))
26/01/16 13:09:00 INFO FileSourceStrategy: Pushed Filters: IsNotNull(ID)
26/01/16 13:09:00 INFO FileSourceStrategy: Post-Scan Filters: Set(isnotnull(ID#930))
26/01/16 13:09:00 INFO FileSourceStrategy: Pushed Filters: IsNotNull(ID)
26/01/16 13:09:00 INFO FileSourceStrategy: Post-Scan Filters: Set(isnotnull(ID#933))
26/01/16 13:09:00 INFO FileSourceStrategy: Pushed Filters: IsNotNull(ID)
26/01/16 13:09:00 INFO FileSourceStrategy: Post-Scan Filters: Set(isnotnull(ID#936))
26/01/16 13:09:00 INFO FileSourceStrategy: Pushed Filters: IsNotNull(ID)
26/01/16 13:09:00 INFO FileSourceStrategy: Post-Scan Filters: Set(isnotnull(ID#939))
26/01/16 13:09:00 INFO FileSourceStrategy: Pushed Filters: IsNotNull(OCCURRENCE_ID)
26/01/16 13:09:00 INFO FileSourceStrategy: Post-Scan Filters: Set(isnotnull(OCCURRENCE_ID#651))
26/01/16 13:09:00 INFO QueryPlanningTracker: Query phase planning took 0s before execution.
26/01/16 13:09:01 INFO QueryPlanningTracker: Query phase planning took 0s before execution.
26/01/16 13:09:01 INFO LogInterceptor: RPC spark.connect.SparkConnectService/AnalyzePlan (417240578) [AnalyzePlanResponse]: sessionId: a9408e72-f784-4414-a94c-48a15c61a2a5, serverSideSessionId: 26b20359-cf6e-401c-83bf-84c101c974f2
26/01/16 13:09:01 INFO SessionHolder: Session with userId: 141038968383667 and sessionId: a9408e72-f784-4414-a94c-48a15c61a2a5 accessed,time 1768568941760 ms.
26/01/16 13:09:01 INFO LogInterceptor: Received RPC spark.connect.SparkConnectService/ExecutePlan (116612358), headers: x-databricks-last-seen-server-session-version: 0
26/01/16 13:09:01 INFO SessionHolder: Session with userId: 141038968383667 and sessionId: a9408e72-f784-4414-a94c-48a15c61a2a5 accessed,time 1768568941769 ms.
26/01/16 13:09:01 WARN UnityAttributionContextClass: An attribution context is already registered in this Credential Scope and will not be updated.It must be unique and immutable per Credential Scope.This is NOT a fatal error.
26/01/16 13:09:01 INFO LogInterceptor: RPC spark.connect.SparkConnectService/ExecutePlan (116612358) [ExecutePlanRequest]: sessionId: a9408e72-f784-4414-a94c-48a15c61a2a5, userId: 141038968383667, operationId: 39147498-2835-4eec-9c32-a9a79e74ca90, clientObservedServerSideSessionId: 26b20359-cf6e-401c-83bf-84c101c974f2
26/01/16 13:09:01 INFO SessionHolder: Session with userId: 141038968383667 and sessionId: a9408e72-f784-4414-a94c-48a15c61a2a5 accessed,time 1768568941771 ms.
26/01/16 13:09:01 INFO SparkConnectExecutionManager: ExecuteHolder ExecuteKey(141038968383667,a9408e72-f784-4414-a94c-48a15c61a2a5,39147498-2835-4eec-9c32-a9a79e74ca90) is created.
26/01/16 13:09:01 INFO ExecuteGrpcResponseSender: Starting for opId=39147498-2835-4eec-9c32-a9a79e74ca90, reattachable=true, lastConsumedStreamIndex=0
26/01/16 13:09:01 INFO Utils: resolved command to be run: List(id, -u, spark-26b20359-cf6e-401c-83bf-84)
26/01/16 13:09:01 INFO AbstractParser$ParserCaches: EXPERIMENTAL: Query cached 0 DFA states in the parser. Total cached DFA states: 312in the parser. Driver memory: 6290931712.
26/01/16 13:09:02 INFO HiveMetaStore: 3: get_database: parquet
26/01/16 13:09:02 INFO audit: ugi=root	ip=unknown-ip-addr	cmd=get_database: parquet	
26/01/16 13:09:02 INFO HiveMetaStore: 3: Opening raw store with implemenation class:org.apache.hadoop.hive.metastore.ObjectStore
26/01/16 13:09:02 INFO ObjectStore: ObjectStore, initialize called
26/01/16 13:09:02 INFO ObjectStore: Initialized ObjectStore
26/01/16 13:09:02 ERROR RetryingHMSHandler: NoSuchObjectException(message:There is no database named parquet)
	at org.apache.hadoop.hive.metastore.ObjectStore.getMDatabase(ObjectStore.java:508)
	at org.apache.hadoop.hive.metastore.ObjectStore.getDatabase(ObjectStore.java:519)
	at java.base/jdk.internal.reflect.NativeMethodAccessorImpl.invoke0(Native Method)
	at java.base/jdk.internal.reflect.NativeMethodAccessorImpl.invoke(NativeMethodAccessorImpl.java:77)
	at java.base/jdk.internal.reflect.DelegatingMethodAccessorImpl.invoke(DelegatingMethodAccessorImpl.java:43)
	at java.base/java.lang.reflect.Method.invoke(Method.java:569)
	at org.apache.hadoop.hive.metastore.RawStoreProxy.invoke(RawStoreProxy.java:108)
	at jdk.proxy4/jdk.proxy4.$Proxy143.getDatabase(Unknown Source)
	at org.apache.hadoop.hive.metastore.HiveMetaStore$HMSHandler.get_database(HiveMetaStore.java:796)
	at java.base/jdk.internal.reflect.NativeMethodAccessorImpl.invoke0(Native Method)
	at java.base/jdk.internal.reflect.NativeMethodAccessorImpl.invoke(NativeMethodAccessorImpl.java:77)
	at java.base/jdk.internal.reflect.DelegatingMethodAccessorImpl.invoke(DelegatingMethodAccessorImpl.java:43)
	at java.base/java.lang.reflect.Method.invoke(Method.java:569)
	at org.apache.hadoop.hive.metastore.RetryingHMSHandler.invoke(RetryingHMSHandler.java:105)
	at jdk.proxy4/jdk.proxy4.$Proxy145.get_database(Unknown Source)
	at org.apache.hadoop.hive.metastore.HiveMetaStoreClient.getDatabase(HiveMetaStoreClient.java:949)
	at java.base/jdk.internal.reflect.NativeMethodAccessorImpl.invoke0(Native Method)
	at java.base/jdk.internal.reflect.NativeMethodAccessorImpl.invoke(NativeMethodAccessorImpl.java:77)
	at java.base/jdk.internal.reflect.DelegatingMethodAccessorImpl.invoke(DelegatingMethodAccessorImpl.java:43)
	at java.base/java.lang.reflect.Method.invoke(Method.java:569)
	at org.apache.hadoop.hive.metastore.RetryingMetaStoreClient.invoke(RetryingMetaStoreClient.java:89)
	at jdk.proxy4/jdk.proxy4.$Proxy146.getDatabase(Unknown Source)
	at org.apache.hadoop.hive.ql.metadata.Hive.getDatabase(Hive.java:1165)
	at org.apache.hadoop.hive.ql.metadata.Hive.databaseExists(Hive.java:1154)
	at org.apache.spark.sql.hive.client.Shim_v0_12.databaseExists(HiveShim.scala:629)
	at org.apache.spark.sql.hive.client.HiveClientImpl.$anonfun$databaseExists$1(HiveClientImpl.scala:548)
	at scala.runtime.java8.JFunction0$mcZ$sp.apply(JFunction0$mcZ$sp.scala:17)
	at org.apache.spark.sql.hive.client.HiveClientImpl.$anonfun$withHiveState$1(HiveClientImpl.scala:445)
	at org.apache.spark.sql.hive.client.HiveClientImpl.retryWithExponentialBackoffInternal(HiveClientImpl.scala:326)
	at org.apache.spark.sql.hive.client.HiveClientImpl.retryWithExponentialBackoffInternal(HiveClientImpl.scala:287)
	at org.apache.spark.sql.hive.client.HiveClientImpl.retryWithExponentialBackoff(HiveClientImpl.scala:279)
	at org.apache.spark.sql.hive.client.HiveClientImpl.$anonfun$retryLocked$1(HiveClientImpl.scala:239)
	at org.apache.spark.sql.hive.client.HiveClientImpl.synchronizeOnObject(HiveClientImpl.scala:382)
	at org.apache.spark.sql.hive.client.HiveClientImpl.retryLocked(HiveClientImpl.scala:228)
	at org.apache.spark.sql.hive.client.HiveClientImpl.withHiveState(HiveClientImpl.scala:425)
	at org.apache.spark.sql.hive.client.HiveClientImpl.databaseExists(HiveClientImpl.scala:548)
	at org.apache.spark.sql.hive.client.PoolingHiveClient.$anonfun$databaseExists$1(PoolingHiveClient.scala:354)
	at org.apache.spark.sql.hive.client.PoolingHiveClient.$anonfun$databaseExists$1$adapted(PoolingHiveClient.scala:353)
	at org.apache.spark.sql.hive.client.PoolingHiveClient.withHiveClient(PoolingHiveClient.scala:182)
	at org.apache.spark.sql.hive.client.PoolingHiveClient.databaseExists(PoolingHiveClient.scala:353)
	at org.apache.spark.sql.hive.HiveExternalCatalog.$anonfun$databaseExists$1(HiveExternalCatalog.scala:432)
	at scala.runtime.java8.JFunction0$mcZ$sp.apply(JFunction0$mcZ$sp.scala:17)
	at com.databricks.spark.util.FrameProfiler$.record(FrameProfiler.scala:94)
	at org.apache.spark.sql.hive.HiveExternalCatalog.$anonfun$withClient$2(HiveExternalCatalog.scala:187)
	at org.apache.spark.sql.hive.HiveExternalCatalog.maybeSynchronized(HiveExternalCatalog.scala:123)
	at org.apache.spark.sql.hive.HiveExternalCatalog.$anonfun$withClient$1(HiveExternalCatalog.scala:179)
	at com.databricks.backend.daemon.driver.ProgressReporter$.withStatusCode(ProgressReporter.scala:455)
	at com.databricks.spark.util.SparkDatabricksProgressReporter$.withStatusCode(ProgressReporter.scala:34)
	at org.apache.spark.sql.hive.HiveExternalCatalog.withClient(HiveExternalCatalog.scala:179)
	at org.apache.spark.sql.hive.HiveExternalCatalog.databaseExists(HiveExternalCatalog.scala:432)
	at org.apache.spark.sql.catalyst.catalog.ExternalCatalogWithListener.$anonfun$databaseExists$1(ExternalCatalogWithListener.scala:93)
	at scala.runtime.java8.JFunction0$mcZ$sp.apply(JFunction0$mcZ$sp.scala:17)
	at org.apache.spark.sql.catalyst.MetricKeyUtils$.measure(MetricKey.scala:1812)
	at org.apache.spark.sql.catalyst.catalog.ExternalCatalogWithListener.$anonfun$profile$1(ExternalCatalogWithListener.scala:54)
	at com.databricks.spark.util.FrameProfiler$.record(FrameProfiler.scala:94)
	at org.apache.spark.sql.catalyst.catalog.ExternalCatalogWithListener.profile(ExternalCatalogWithListener.scala:53)
	at org.apache.spark.sql.catalyst.catalog.ExternalCatalogWithListener.databaseExists(ExternalCatalogWithListener.scala:93)
	at org.apache.spark.sql.catalyst.catalog.SessionCatalogImpl.databaseExists(SessionCatalog.scala:982)
	at org.apache.spark.sql.catalyst.catalog.SessionCatalogImpl.requireDbExists(SessionCatalog.scala:910)
	at org.apache.spark.sql.catalyst.catalog.SessionCatalogImpl.getTablesByName(SessionCatalog.scala:1320)
	at com.databricks.sql.managedcatalog.ManagedCatalogSessionCatalog.getTablesFromHiveMetastore(ManagedCatalogSessionCatalog.scala:1931)
	at com.databricks.sql.managedcatalog.ManagedCatalogSessionCatalog.$anonfun$fastGetTablesByName$5(ManagedCatalogSessionCatalog.scala:1855)
	at java.base/java.util.concurrent.FutureTask.run(FutureTask.java:264)
	at org.apache.spark.util.threads.SparkThreadLocalCapturingRunnable.$anonfun$run$1(SparkThreadLocalForwardingThreadPoolExecutor.scala:165)
	at scala.runtime.java8.JFunction0$mcV$sp.apply(JFunction0$mcV$sp.scala:18)
	at com.databricks.util.LexicalThreadLocal$Handle.runWith(LexicalThreadLocal.scala:63)
	at org.apache.spark.util.threads.SparkThreadLocalCapturingHelper.$anonfun$runWithCaptured$6(SparkThreadLocalForwardingThreadPoolExecutor.scala:119)
	at com.databricks.sql.transaction.tahoe.mst.MSTThreadHelper$.runWithMstTxnId(MSTThreadHelper.scala:57)
	at org.apache.spark.util.threads.SparkThreadLocalCapturingHelper.$anonfun$runWithCaptured$5(SparkThreadLocalForwardingThreadPoolExecutor.scala:118)
	at com.databricks.spark.util.IdentityClaim$.withClaim(IdentityClaim.scala:48)
	at org.apache.spark.util.threads.SparkThreadLocalCapturingHelper.$anonfun$runWithCaptured$4(SparkThreadLocalForwardingThreadPoolExecutor.scala:117)
	at com.databricks.unity.UCSEphemeralState$Handle.runWith(UCSEphemeralState.scala:51)
	at org.apache.spark.util.threads.SparkThreadLocalCapturingHelper.runWithCaptured(SparkThreadLocalForwardingThreadPoolExecutor.scala:116)
	at org.apache.spark.util.threads.SparkThreadLocalCapturingHelper.runWithCaptured$(SparkThreadLocalForwardingThreadPoolExecutor.scala:93)
	at org.apache.spark.util.threads.SparkThreadLocalCapturingRunnable.runWithCaptured(SparkThreadLocalForwardingThreadPoolExecutor.scala:162)
	at org.apache.spark.util.threads.SparkThreadLocalCapturingRunnable.run(SparkThreadLocalForwardingThreadPoolExecutor.scala:165)
	at java.base/java.util.concurrent.ThreadPoolExecutor.runWorker(ThreadPoolExecutor.java:1136)
	at java.base/java.util.concurrent.ThreadPoolExecutor$Worker.run(ThreadPoolExecutor.java:635)
	at java.base/java.lang.Thread.run(Thread.java:840)

26/01/16 13:09:02 INFO SnapshotHint: Missing metadata cache for table `hs_franquia`.`silver_sap_im`.`event`
26/01/16 13:09:02 INFO UniformIngressUtils: Auto refresh of a federated UFI table is skipped: [isManagedIcebergTable = false, isAutoRefreshEnabled = true, isEligibleTableForAutoRefresh = false, shouldSkipRefreshCapability = false].
26/01/16 13:09:02 WARN DataSource: org.apache.spark.sql.sources.DataSourceRegister: com.google.cloud.spark.bigquery.BigQueryRelationProvider Unable to get public no-arg constructor
26/01/16 13:09:02 INFO DbfsReflectionUtilsImpl: Resolved DBFS path InputUri=/Workspace ResolvedPath=abfss://root@dbstoragekduswqmgjq5rc.dfs.core.windows.net/116288240407984/Workspace
26/01/16 13:09:02 WARN DriverActivityLogging$: No activity context found. Skip logging driver event.
26/01/16 13:09:02 WARN DriverActivityLogging$: No activity context found. Skip logging driver event.
26/01/16 13:09:02 WARN DriverActivityLogging$: No activity context found. Skip logging driver event.
26/01/16 13:09:02 INFO InMemoryFileIndex: Start listing leaf files and directories. Size of Paths: 1; threshold: 32
26/01/16 13:09:02 WARN DriverActivityLogging$: No activity context found. Skip logging driver event.
26/01/16 13:09:02 INFO InMemoryFileIndex: Start listing leaf files and directories. Size of Paths: 0; threshold: 32
26/01/16 13:09:02 INFO InMemoryFileIndex: It took 16 ms to list leaf files for 1 paths.
26/01/16 13:09:02 INFO InMemoryFileIndex: [ES-1349004] 958.5 KiB bytes allocated for InMemoryFileIndex.refresh0
26/01/16 13:09:02 INFO SparkContext: Starting job: Spark Connect - session_id: "a9408e72-f784-4414-a94c-48a15c61a2a5"
user_context {
  user_id: "141038968383667"
  user_name: "c0711894@vale.co...
26/01/16 13:09:02 INFO DAGScheduler: Got job 72 (Spark Connect - session_id: "a9408e72-f784-4414-a94c-48a15c61a2a5"
user_context {
  user_id: "141038968383667"
  user_name: "c0711894@vale.co...) with 1 output partitions
26/01/16 13:09:02 INFO DAGScheduler: Final stage: ResultStage 72 (Spark Connect - session_id: "a9408e72-f784-4414-a94c-48a15c61a2a5"
user_context {
  user_id: "141038968383667"
  user_name: "c0711894@vale.co...)
26/01/16 13:09:02 INFO DAGScheduler: Parents of final stage: List()
26/01/16 13:09:02 INFO DAGScheduler: Missing parents: List()
26/01/16 13:09:02 INFO DAGScheduler: Submitting ResultStage 72 (MapPartitionsRDD[151] at Spark Connect - session_id: "a9408e72-f784-4414-a94c-48a15c61a2a5"
user_context {
  user_id: "141038968383667"
  user_name: "c0711894@vale.co...), which has no missing parents
26/01/16 13:09:02 INFO DAGScheduler: Submitting 1 missing tasks from ResultStage 72 (MapPartitionsRDD[151] at Spark Connect - session_id: "a9408e72-f784-4414-a94c-48a15c61a2a5"
user_context {
  user_id: "141038968383667"
  user_name: "c0711894@vale.co...) (first 15 tasks are for partitions Vector(0))
26/01/16 13:09:02 INFO TaskSchedulerImpl: Adding task set 72.0 with 1 tasks resource profile 0
26/01/16 13:09:02 INFO TaskSetManager: TaskSet 72.0 using PreferredLocationsV1
26/01/16 13:09:02 INFO FairSchedulableBuilder: Added task set TaskSet_72.0 tasks to pool 1768568637510
26/01/16 13:09:02 INFO TaskSetManager: Starting task 0.0 in stage 72.0 (TID 75) (10.139.64.10,executor 0, partition 0, PROCESS_LOCAL, 
26/01/16 13:09:02 INFO MemoryStore: Block broadcast_75 stored as values in memory (estimated size 128.4 KiB, free 3.3 GiB)
26/01/16 13:09:02 INFO MemoryStore: Block broadcast_75_piece0 stored as bytes in memory (estimated size 52.5 KiB, free 3.3 GiB)
26/01/16 13:09:02 INFO SparkContext: Created broadcast 75 from broadcast at TaskSetManager.scala:848
26/01/16 13:09:02 INFO TaskSetManager: Finished task 0.0 in stage 72.0 (TID 75) in 70 ms on 10.139.64.10 (executor 0) (1/1)
26/01/16 13:09:02 INFO TaskSchedulerImpl: Removed TaskSet 72.0 whose tasks have all completed, from pool 1768568637510
26/01/16 13:09:02 INFO DAGScheduler: ResultStage 72 (Spark Connect - session_id: "a9408e72-f784-4414-a94c-48a15c61a2a5"
user_context {
  user_id: "141038968383667"
  user_name: "c0711894@vale.co...) finished in 80 ms
26/01/16 13:09:02 INFO DAGScheduler: Job 72 is finished. Cancelling potential speculative or zombie tasks for this job
26/01/16 13:09:02 INFO TaskSchedulerImpl: Canceling stage 72
26/01/16 13:09:02 INFO TaskSchedulerImpl: Killing all running tasks in stage 72: Stage finished
26/01/16 13:09:02 INFO DAGScheduler: Job 72 finished: Spark Connect - session_id: "a9408e72-f784-4414-a94c-48a15c61a2a5"
user_context {
  user_id: "141038968383667"
  user_name: "c0711894@vale.co..., took 91.05033 ms
26/01/16 13:09:02 WARN DataSource: org.apache.spark.sql.sources.DataSourceRegister: com.google.cloud.spark.bigquery.BigQueryRelationProvider Unable to get public no-arg constructor
26/01/16 13:09:02 INFO DbfsReflectionUtilsImpl: Resolved DBFS path InputUri=/Workspace ResolvedPath=abfss://root@dbstoragekduswqmgjq5rc.dfs.core.windows.net/116288240407984/Workspace
26/01/16 13:09:02 WARN DriverActivityLogging$: No activity context found. Skip logging driver event.
26/01/16 13:09:02 WARN DriverActivityLogging$: No activity context found. Skip logging driver event.
26/01/16 13:09:02 WARN DriverActivityLogging$: No activity context found. Skip logging driver event.
26/01/16 13:09:02 INFO InMemoryFileIndex: Start listing leaf files and directories. Size of Paths: 1; threshold: 32
26/01/16 13:09:02 WARN DriverActivityLogging$: No activity context found. Skip logging driver event.
26/01/16 13:09:02 INFO InMemoryFileIndex: Start listing leaf files and directories. Size of Paths: 0; threshold: 32
26/01/16 13:09:02 INFO InMemoryFileIndex: It took 19 ms to list leaf files for 1 paths.
26/01/16 13:09:02 INFO InMemoryFileIndex: [ES-1349004] 953.4 KiB bytes allocated for InMemoryFileIndex.refresh0
26/01/16 13:09:02 INFO SparkContext: Starting job: Spark Connect - session_id: "a9408e72-f784-4414-a94c-48a15c61a2a5"
user_context {
  user_id: "141038968383667"
  user_name: "c0711894@vale.co...
26/01/16 13:09:02 INFO DAGScheduler: Got job 73 (Spark Connect - session_id: "a9408e72-f784-4414-a94c-48a15c61a2a5"
user_context {
  user_id: "141038968383667"
  user_name: "c0711894@vale.co...) with 1 output partitions
26/01/16 13:09:02 INFO DAGScheduler: Final stage: ResultStage 73 (Spark Connect - session_id: "a9408e72-f784-4414-a94c-48a15c61a2a5"
user_context {
  user_id: "141038968383667"
  user_name: "c0711894@vale.co...)
26/01/16 13:09:02 INFO DAGScheduler: Parents of final stage: List()
26/01/16 13:09:02 INFO DAGScheduler: Missing parents: List()
26/01/16 13:09:02 INFO DAGScheduler: Submitting ResultStage 73 (MapPartitionsRDD[153] at Spark Connect - session_id: "a9408e72-f784-4414-a94c-48a15c61a2a5"
user_context {
  user_id: "141038968383667"
  user_name: "c0711894@vale.co...), which has no missing parents
26/01/16 13:09:02 INFO DAGScheduler: Submitting 1 missing tasks from ResultStage 73 (MapPartitionsRDD[153] at Spark Connect - session_id: "a9408e72-f784-4414-a94c-48a15c61a2a5"
user_context {
  user_id: "141038968383667"
  user_name: "c0711894@vale.co...) (first 15 tasks are for partitions Vector(0))
26/01/16 13:09:02 INFO TaskSchedulerImpl: Adding task set 73.0 with 1 tasks resource profile 0
26/01/16 13:09:02 INFO TaskSetManager: TaskSet 73.0 using PreferredLocationsV1
26/01/16 13:09:02 INFO FairSchedulableBuilder: Added task set TaskSet_73.0 tasks to pool 1768568637510
26/01/16 13:09:02 INFO TaskSetManager: Starting task 0.0 in stage 73.0 (TID 76) (10.139.64.10,executor 0, partition 0, PROCESS_LOCAL, 
26/01/16 13:09:02 INFO MemoryStore: Block broadcast_76 stored as values in memory (estimated size 128.4 KiB, free 3.3 GiB)
26/01/16 13:09:02 INFO MemoryStore: Block broadcast_76_piece0 stored as bytes in memory (estimated size 52.5 KiB, free 3.3 GiB)
26/01/16 13:09:02 INFO SparkContext: Created broadcast 76 from broadcast at TaskSetManager.scala:848
26/01/16 13:09:02 INFO TaskSetManager: Finished task 0.0 in stage 73.0 (TID 76) in 58 ms on 10.139.64.10 (executor 0) (1/1)
26/01/16 13:09:02 INFO TaskSchedulerImpl: Removed TaskSet 73.0 whose tasks have all completed, from pool 1768568637510
26/01/16 13:09:02 INFO DAGScheduler: ResultStage 73 (Spark Connect - session_id: "a9408e72-f784-4414-a94c-48a15c61a2a5"
user_context {
  user_id: "141038968383667"
  user_name: "c0711894@vale.co...) finished in 66 ms
26/01/16 13:09:02 INFO DAGScheduler: Job 73 is finished. Cancelling potential speculative or zombie tasks for this job
26/01/16 13:09:02 INFO TaskSchedulerImpl: Canceling stage 73
26/01/16 13:09:02 INFO TaskSchedulerImpl: Killing all running tasks in stage 73: Stage finished
26/01/16 13:09:02 INFO DAGScheduler: Job 73 finished: Spark Connect - session_id: "a9408e72-f784-4414-a94c-48a15c61a2a5"
user_context {
  user_id: "141038968383667"
  user_name: "c0711894@vale.co..., took 76.329909 ms
26/01/16 13:09:02 WARN DataSource: org.apache.spark.sql.sources.DataSourceRegister: com.google.cloud.spark.bigquery.BigQueryRelationProvider Unable to get public no-arg constructor
26/01/16 13:09:02 INFO DbfsReflectionUtilsImpl: Resolved DBFS path InputUri=/Workspace ResolvedPath=abfss://root@dbstoragekduswqmgjq5rc.dfs.core.windows.net/116288240407984/Workspace
26/01/16 13:09:02 WARN DriverActivityLogging$: No activity context found. Skip logging driver event.
26/01/16 13:09:02 WARN DriverActivityLogging$: No activity context found. Skip logging driver event.
26/01/16 13:09:02 WARN DriverActivityLogging$: No activity context found. Skip logging driver event.
26/01/16 13:09:02 INFO InMemoryFileIndex: Start listing leaf files and directories. Size of Paths: 1; threshold: 32
26/01/16 13:09:02 WARN DriverActivityLogging$: No activity context found. Skip logging driver event.
26/01/16 13:09:02 INFO InMemoryFileIndex: Start listing leaf files and directories. Size of Paths: 0; threshold: 32
26/01/16 13:09:02 INFO InMemoryFileIndex: It took 18 ms to list leaf files for 1 paths.
26/01/16 13:09:02 INFO InMemoryFileIndex: [ES-1349004] 958.0 KiB bytes allocated for InMemoryFileIndex.refresh0
26/01/16 13:09:02 INFO SparkContext: Starting job: Spark Connect - session_id: "a9408e72-f784-4414-a94c-48a15c61a2a5"
user_context {
  user_id: "141038968383667"
  user_name: "c0711894@vale.co...
26/01/16 13:09:02 INFO DAGScheduler: Got job 74 (Spark Connect - session_id: "a9408e72-f784-4414-a94c-48a15c61a2a5"
user_context {
  user_id: "141038968383667"
  user_name: "c0711894@vale.co...) with 1 output partitions
26/01/16 13:09:02 INFO DAGScheduler: Final stage: ResultStage 74 (Spark Connect - session_id: "a9408e72-f784-4414-a94c-48a15c61a2a5"
user_context {
  user_id: "141038968383667"
  user_name: "c0711894@vale.co...)
26/01/16 13:09:02 INFO DAGScheduler: Parents of final stage: List()
26/01/16 13:09:02 INFO DAGScheduler: Missing parents: List()
26/01/16 13:09:02 INFO DAGScheduler: Submitting ResultStage 74 (MapPartitionsRDD[155] at Spark Connect - session_id: "a9408e72-f784-4414-a94c-48a15c61a2a5"
user_context {
  user_id: "141038968383667"
  user_name: "c0711894@vale.co...), which has no missing parents
26/01/16 13:09:02 INFO DAGScheduler: Submitting 1 missing tasks from ResultStage 74 (MapPartitionsRDD[155] at Spark Connect - session_id: "a9408e72-f784-4414-a94c-48a15c61a2a5"
user_context {
  user_id: "141038968383667"
  user_name: "c0711894@vale.co...) (first 15 tasks are for partitions Vector(0))
26/01/16 13:09:02 INFO TaskSchedulerImpl: Adding task set 74.0 with 1 tasks resource profile 0
26/01/16 13:09:02 INFO TaskSetManager: TaskSet 74.0 using PreferredLocationsV1
26/01/16 13:09:02 INFO FairSchedulableBuilder: Added task set TaskSet_74.0 tasks to pool 1768568637510
26/01/16 13:09:02 INFO TaskSetManager: Starting task 0.0 in stage 74.0 (TID 77) (10.139.64.10,executor 0, partition 0, PROCESS_LOCAL, 
26/01/16 13:09:02 INFO MemoryStore: Block broadcast_77 stored as values in memory (estimated size 128.4 KiB, free 3.3 GiB)
26/01/16 13:09:02 INFO MemoryStore: Block broadcast_77_piece0 stored as bytes in memory (estimated size 52.5 KiB, free 3.3 GiB)
26/01/16 13:09:02 INFO SparkContext: Created broadcast 77 from broadcast at TaskSetManager.scala:848
26/01/16 13:09:02 INFO TaskSetManager: Finished task 0.0 in stage 74.0 (TID 77) in 58 ms on 10.139.64.10 (executor 0) (1/1)
26/01/16 13:09:02 INFO TaskSchedulerImpl: Removed TaskSet 74.0 whose tasks have all completed, from pool 1768568637510
26/01/16 13:09:02 INFO DAGScheduler: ResultStage 74 (Spark Connect - session_id: "a9408e72-f784-4414-a94c-48a15c61a2a5"
user_context {
  user_id: "141038968383667"
  user_name: "c0711894@vale.co...) finished in 66 ms
26/01/16 13:09:02 INFO DAGScheduler: Job 74 is finished. Cancelling potential speculative or zombie tasks for this job
26/01/16 13:09:02 INFO TaskSchedulerImpl: Canceling stage 74
26/01/16 13:09:02 INFO TaskSchedulerImpl: Killing all running tasks in stage 74: Stage finished
26/01/16 13:09:02 INFO DAGScheduler: Job 74 finished: Spark Connect - session_id: "a9408e72-f784-4414-a94c-48a15c61a2a5"
user_context {
  user_id: "141038968383667"
  user_name: "c0711894@vale.co..., took 77.484111 ms
26/01/16 13:09:02 WARN DataSource: org.apache.spark.sql.sources.DataSourceRegister: com.google.cloud.spark.bigquery.BigQueryRelationProvider Unable to get public no-arg constructor
26/01/16 13:09:02 INFO DbfsReflectionUtilsImpl: Resolved DBFS path InputUri=/Workspace ResolvedPath=abfss://root@dbstoragekduswqmgjq5rc.dfs.core.windows.net/116288240407984/Workspace
26/01/16 13:09:02 WARN DriverActivityLogging$: No activity context found. Skip logging driver event.
26/01/16 13:09:02 WARN DriverActivityLogging$: No activity context found. Skip logging driver event.
26/01/16 13:09:02 WARN DriverActivityLogging$: No activity context found. Skip logging driver event.
26/01/16 13:09:02 INFO InMemoryFileIndex: Start listing leaf files and directories. Size of Paths: 1; threshold: 32
26/01/16 13:09:02 WARN DriverActivityLogging$: No activity context found. Skip logging driver event.
26/01/16 13:09:02 INFO InMemoryFileIndex: Start listing leaf files and directories. Size of Paths: 0; threshold: 32
26/01/16 13:09:02 INFO InMemoryFileIndex: It took 26 ms to list leaf files for 1 paths.
26/01/16 13:09:02 INFO InMemoryFileIndex: [ES-1349004] 951.4 KiB bytes allocated for InMemoryFileIndex.refresh0
26/01/16 13:09:03 INFO SparkContext: Starting job: Spark Connect - session_id: "a9408e72-f784-4414-a94c-48a15c61a2a5"
user_context {
  user_id: "141038968383667"
  user_name: "c0711894@vale.co...
26/01/16 13:09:03 INFO DAGScheduler: Got job 75 (Spark Connect - session_id: "a9408e72-f784-4414-a94c-48a15c61a2a5"
user_context {
  user_id: "141038968383667"
  user_name: "c0711894@vale.co...) with 1 output partitions
26/01/16 13:09:03 INFO DAGScheduler: Final stage: ResultStage 75 (Spark Connect - session_id: "a9408e72-f784-4414-a94c-48a15c61a2a5"
user_context {
  user_id: "141038968383667"
  user_name: "c0711894@vale.co...)
26/01/16 13:09:03 INFO DAGScheduler: Parents of final stage: List()
26/01/16 13:09:03 INFO DAGScheduler: Missing parents: List()
26/01/16 13:09:03 INFO DAGScheduler: Submitting ResultStage 75 (MapPartitionsRDD[157] at Spark Connect - session_id: "a9408e72-f784-4414-a94c-48a15c61a2a5"
user_context {
  user_id: "141038968383667"
  user_name: "c0711894@vale.co...), which has no missing parents
26/01/16 13:09:03 INFO DAGScheduler: Submitting 1 missing tasks from ResultStage 75 (MapPartitionsRDD[157] at Spark Connect - session_id: "a9408e72-f784-4414-a94c-48a15c61a2a5"
user_context {
  user_id: "141038968383667"
  user_name: "c0711894@vale.co...) (first 15 tasks are for partitions Vector(0))
26/01/16 13:09:03 INFO TaskSchedulerImpl: Adding task set 75.0 with 1 tasks resource profile 0
26/01/16 13:09:03 INFO TaskSetManager: TaskSet 75.0 using PreferredLocationsV1
26/01/16 13:09:03 INFO FairSchedulableBuilder: Added task set TaskSet_75.0 tasks to pool 1768568637510
26/01/16 13:09:03 INFO TaskSetManager: Starting task 0.0 in stage 75.0 (TID 78) (10.139.64.10,executor 0, partition 0, PROCESS_LOCAL, 
26/01/16 13:09:03 INFO MemoryStore: Block broadcast_78 stored as values in memory (estimated size 128.4 KiB, free 3.3 GiB)
26/01/16 13:09:03 INFO MemoryStore: Block broadcast_78_piece0 stored as bytes in memory (estimated size 52.5 KiB, free 3.3 GiB)
26/01/16 13:09:03 INFO SparkContext: Created broadcast 78 from broadcast at TaskSetManager.scala:848
26/01/16 13:09:03 INFO TaskSetManager: Finished task 0.0 in stage 75.0 (TID 78) in 48 ms on 10.139.64.10 (executor 0) (1/1)
26/01/16 13:09:03 INFO TaskSchedulerImpl: Removed TaskSet 75.0 whose tasks have all completed, from pool 1768568637510
26/01/16 13:09:03 INFO DAGScheduler: ResultStage 75 (Spark Connect - session_id: "a9408e72-f784-4414-a94c-48a15c61a2a5"
user_context {
  user_id: "141038968383667"
  user_name: "c0711894@vale.co...) finished in 61 ms
26/01/16 13:09:03 INFO DAGScheduler: Job 75 is finished. Cancelling potential speculative or zombie tasks for this job
26/01/16 13:09:03 INFO TaskSchedulerImpl: Canceling stage 75
26/01/16 13:09:03 INFO TaskSchedulerImpl: Killing all running tasks in stage 75: Stage finished
26/01/16 13:09:03 INFO DAGScheduler: Job 75 finished: Spark Connect - session_id: "a9408e72-f784-4414-a94c-48a15c61a2a5"
user_context {
  user_id: "141038968383667"
  user_name: "c0711894@vale.co..., took 67.243596 ms
26/01/16 13:09:03 WARN DataSource: org.apache.spark.sql.sources.DataSourceRegister: com.google.cloud.spark.bigquery.BigQueryRelationProvider Unable to get public no-arg constructor
26/01/16 13:09:03 INFO DbfsReflectionUtilsImpl: Resolved DBFS path InputUri=/Workspace ResolvedPath=abfss://root@dbstoragekduswqmgjq5rc.dfs.core.windows.net/116288240407984/Workspace
26/01/16 13:09:03 WARN DriverActivityLogging$: No activity context found. Skip logging driver event.
26/01/16 13:09:03 WARN DriverActivityLogging$: No activity context found. Skip logging driver event.
26/01/16 13:09:03 WARN DriverActivityLogging$: No activity context found. Skip logging driver event.
26/01/16 13:09:03 INFO InMemoryFileIndex: Start listing leaf files and directories. Size of Paths: 1; threshold: 32
26/01/16 13:09:03 WARN DriverActivityLogging$: No activity context found. Skip logging driver event.
26/01/16 13:09:03 INFO InMemoryFileIndex: Start listing leaf files and directories. Size of Paths: 0; threshold: 32
26/01/16 13:09:03 INFO InMemoryFileIndex: It took 15 ms to list leaf files for 1 paths.
26/01/16 13:09:03 INFO InMemoryFileIndex: [ES-1349004] 950.7 KiB bytes allocated for InMemoryFileIndex.refresh0
26/01/16 13:09:03 INFO SparkContext: Starting job: Spark Connect - session_id: "a9408e72-f784-4414-a94c-48a15c61a2a5"
user_context {
  user_id: "141038968383667"
  user_name: "c0711894@vale.co...
26/01/16 13:09:03 INFO DAGScheduler: Got job 76 (Spark Connect - session_id: "a9408e72-f784-4414-a94c-48a15c61a2a5"
user_context {
  user_id: "141038968383667"
  user_name: "c0711894@vale.co...) with 1 output partitions
26/01/16 13:09:03 INFO DAGScheduler: Final stage: ResultStage 76 (Spark Connect - session_id: "a9408e72-f784-4414-a94c-48a15c61a2a5"
user_context {
  user_id: "141038968383667"
  user_name: "c0711894@vale.co...)
26/01/16 13:09:03 INFO DAGScheduler: Parents of final stage: List()
26/01/16 13:09:03 INFO DAGScheduler: Missing parents: List()
26/01/16 13:09:03 INFO DAGScheduler: Submitting ResultStage 76 (MapPartitionsRDD[159] at Spark Connect - session_id: "a9408e72-f784-4414-a94c-48a15c61a2a5"
user_context {
  user_id: "141038968383667"
  user_name: "c0711894@vale.co...), which has no missing parents
26/01/16 13:09:03 INFO DAGScheduler: Submitting 1 missing tasks from ResultStage 76 (MapPartitionsRDD[159] at Spark Connect - session_id: "a9408e72-f784-4414-a94c-48a15c61a2a5"
user_context {
  user_id: "141038968383667"
  user_name: "c0711894@vale.co...) (first 15 tasks are for partitions Vector(0))
26/01/16 13:09:03 INFO TaskSchedulerImpl: Adding task set 76.0 with 1 tasks resource profile 0
26/01/16 13:09:03 INFO TaskSetManager: TaskSet 76.0 using PreferredLocationsV1
26/01/16 13:09:03 INFO FairSchedulableBuilder: Added task set TaskSet_76.0 tasks to pool 1768568637510
26/01/16 13:09:03 INFO TaskSetManager: Starting task 0.0 in stage 76.0 (TID 79) (10.139.64.10,executor 0, partition 0, PROCESS_LOCAL, 
26/01/16 13:09:03 INFO MemoryStore: Block broadcast_79 stored as values in memory (estimated size 128.4 KiB, free 3.3 GiB)
26/01/16 13:09:03 INFO MemoryStore: Block broadcast_79_piece0 stored as bytes in memory (estimated size 52.5 KiB, free 3.3 GiB)
26/01/16 13:09:03 INFO SparkContext: Created broadcast 79 from broadcast at TaskSetManager.scala:848
26/01/16 13:09:03 INFO TaskSetManager: Finished task 0.0 in stage 76.0 (TID 79) in 49 ms on 10.139.64.10 (executor 0) (1/1)
26/01/16 13:09:03 INFO DAGScheduler: ResultStage 76 (Spark Connect - session_id: "a9408e72-f784-4414-a94c-48a15c61a2a5"
user_context {
  user_id: "141038968383667"
  user_name: "c0711894@vale.co...) finished in 55 ms
26/01/16 13:09:03 INFO TaskSchedulerImpl: Removed TaskSet 76.0 whose tasks have all completed, from pool 1768568637510
26/01/16 13:09:03 INFO DAGScheduler: Job 76 is finished. Cancelling potential speculative or zombie tasks for this job
26/01/16 13:09:03 INFO TaskSchedulerImpl: Canceling stage 76
26/01/16 13:09:03 INFO TaskSchedulerImpl: Killing all running tasks in stage 76: Stage finished
26/01/16 13:09:03 INFO DAGScheduler: Job 76 finished: Spark Connect - session_id: "a9408e72-f784-4414-a94c-48a15c61a2a5"
user_context {
  user_id: "141038968383667"
  user_name: "c0711894@vale.co..., took 59.213584 ms
26/01/16 13:09:03 WARN DataSource: org.apache.spark.sql.sources.DataSourceRegister: com.google.cloud.spark.bigquery.BigQueryRelationProvider Unable to get public no-arg constructor
26/01/16 13:09:03 INFO DbfsReflectionUtilsImpl: Resolved DBFS path InputUri=/Workspace ResolvedPath=abfss://root@dbstoragekduswqmgjq5rc.dfs.core.windows.net/116288240407984/Workspace
26/01/16 13:09:03 WARN DriverActivityLogging$: No activity context found. Skip logging driver event.
26/01/16 13:09:03 WARN DriverActivityLogging$: No activity context found. Skip logging driver event.
26/01/16 13:09:03 WARN DriverActivityLogging$: No activity context found. Skip logging driver event.
26/01/16 13:09:03 INFO InMemoryFileIndex: Start listing leaf files and directories. Size of Paths: 1; threshold: 32
26/01/16 13:09:03 WARN DriverActivityLogging$: No activity context found. Skip logging driver event.
26/01/16 13:09:03 INFO InMemoryFileIndex: Start listing leaf files and directories. Size of Paths: 0; threshold: 32
26/01/16 13:09:03 INFO InMemoryFileIndex: It took 18 ms to list leaf files for 1 paths.
26/01/16 13:09:03 INFO InMemoryFileIndex: [ES-1349004] 957.6 KiB bytes allocated for InMemoryFileIndex.refresh0
26/01/16 13:09:03 INFO SparkContext: Starting job: Spark Connect - session_id: "a9408e72-f784-4414-a94c-48a15c61a2a5"
user_context {
  user_id: "141038968383667"
  user_name: "c0711894@vale.co...
26/01/16 13:09:03 INFO DAGScheduler: Got job 77 (Spark Connect - session_id: "a9408e72-f784-4414-a94c-48a15c61a2a5"
user_context {
  user_id: "141038968383667"
  user_name: "c0711894@vale.co...) with 1 output partitions
26/01/16 13:09:03 INFO DAGScheduler: Final stage: ResultStage 77 (Spark Connect - session_id: "a9408e72-f784-4414-a94c-48a15c61a2a5"
user_context {
  user_id: "141038968383667"
  user_name: "c0711894@vale.co...)
26/01/16 13:09:03 INFO DAGScheduler: Parents of final stage: List()
26/01/16 13:09:03 INFO DAGScheduler: Missing parents: List()
26/01/16 13:09:03 INFO DAGScheduler: Submitting ResultStage 77 (MapPartitionsRDD[161] at Spark Connect - session_id: "a9408e72-f784-4414-a94c-48a15c61a2a5"
user_context {
  user_id: "141038968383667"
  user_name: "c0711894@vale.co...), which has no missing parents
26/01/16 13:09:03 INFO DAGScheduler: Submitting 1 missing tasks from ResultStage 77 (MapPartitionsRDD[161] at Spark Connect - session_id: "a9408e72-f784-4414-a94c-48a15c61a2a5"
user_context {
  user_id: "141038968383667"
  user_name: "c0711894@vale.co...) (first 15 tasks are for partitions Vector(0))
26/01/16 13:09:03 INFO TaskSchedulerImpl: Adding task set 77.0 with 1 tasks resource profile 0
26/01/16 13:09:03 INFO TaskSetManager: TaskSet 77.0 using PreferredLocationsV1
26/01/16 13:09:03 INFO FairSchedulableBuilder: Added task set TaskSet_77.0 tasks to pool 1768568637510
26/01/16 13:09:03 INFO TaskSetManager: Starting task 0.0 in stage 77.0 (TID 80) (10.139.64.10,executor 0, partition 0, PROCESS_LOCAL, 
26/01/16 13:09:03 INFO MemoryStore: Block broadcast_80 stored as values in memory (estimated size 128.4 KiB, free 3.3 GiB)
26/01/16 13:09:03 INFO MemoryStore: Block broadcast_80_piece0 stored as bytes in memory (estimated size 52.5 KiB, free 3.3 GiB)
26/01/16 13:09:03 INFO SparkContext: Created broadcast 80 from broadcast at TaskSetManager.scala:848
26/01/16 13:09:03 INFO TaskSetManager: Finished task 0.0 in stage 77.0 (TID 80) in 46 ms on 10.139.64.10 (executor 0) (1/1)
26/01/16 13:09:03 INFO TaskSchedulerImpl: Removed TaskSet 77.0 whose tasks have all completed, from pool 1768568637510
26/01/16 13:09:03 INFO DAGScheduler: ResultStage 77 (Spark Connect - session_id: "a9408e72-f784-4414-a94c-48a15c61a2a5"
user_context {
  user_id: "141038968383667"
  user_name: "c0711894@vale.co...) finished in 50 ms
26/01/16 13:09:03 INFO DAGScheduler: Job 77 is finished. Cancelling potential speculative or zombie tasks for this job
26/01/16 13:09:03 INFO TaskSchedulerImpl: Canceling stage 77
26/01/16 13:09:03 INFO TaskSchedulerImpl: Killing all running tasks in stage 77: Stage finished
26/01/16 13:09:03 INFO DAGScheduler: Job 77 finished: Spark Connect - session_id: "a9408e72-f784-4414-a94c-48a15c61a2a5"
user_context {
  user_id: "141038968383667"
  user_name: "c0711894@vale.co..., took 55.004678 ms
26/01/16 13:09:03 WARN DataSource: org.apache.spark.sql.sources.DataSourceRegister: com.google.cloud.spark.bigquery.BigQueryRelationProvider Unable to get public no-arg constructor
26/01/16 13:09:03 INFO DbfsReflectionUtilsImpl: Resolved DBFS path InputUri=/Workspace ResolvedPath=abfss://root@dbstoragekduswqmgjq5rc.dfs.core.windows.net/116288240407984/Workspace
26/01/16 13:09:03 WARN DriverActivityLogging$: No activity context found. Skip logging driver event.
26/01/16 13:09:03 WARN DriverActivityLogging$: No activity context found. Skip logging driver event.
26/01/16 13:09:03 WARN DriverActivityLogging$: No activity context found. Skip logging driver event.
26/01/16 13:09:03 INFO InMemoryFileIndex: Start listing leaf files and directories. Size of Paths: 1; threshold: 32
26/01/16 13:09:03 WARN DriverActivityLogging$: No activity context found. Skip logging driver event.
26/01/16 13:09:03 INFO InMemoryFileIndex: Start listing leaf files and directories. Size of Paths: 0; threshold: 32
26/01/16 13:09:03 INFO InMemoryFileIndex: It took 22 ms to list leaf files for 1 paths.
26/01/16 13:09:03 INFO InMemoryFileIndex: [ES-1349004] 952.8 KiB bytes allocated for InMemoryFileIndex.refresh0
26/01/16 13:09:03 INFO SparkContext: Starting job: Spark Connect - session_id: "a9408e72-f784-4414-a94c-48a15c61a2a5"
user_context {
  user_id: "141038968383667"
  user_name: "c0711894@vale.co...
26/01/16 13:09:03 INFO DAGScheduler: Got job 78 (Spark Connect - session_id: "a9408e72-f784-4414-a94c-48a15c61a2a5"
user_context {
  user_id: "141038968383667"
  user_name: "c0711894@vale.co...) with 1 output partitions
26/01/16 13:09:03 INFO DAGScheduler: Final stage: ResultStage 78 (Spark Connect - session_id: "a9408e72-f784-4414-a94c-48a15c61a2a5"
user_context {
  user_id: "141038968383667"
  user_name: "c0711894@vale.co...)
26/01/16 13:09:03 INFO DAGScheduler: Parents of final stage: List()
26/01/16 13:09:03 INFO DAGScheduler: Missing parents: List()
26/01/16 13:09:03 INFO DAGScheduler: Submitting ResultStage 78 (MapPartitionsRDD[163] at Spark Connect - session_id: "a9408e72-f784-4414-a94c-48a15c61a2a5"
user_context {
  user_id: "141038968383667"
  user_name: "c0711894@vale.co...), which has no missing parents
26/01/16 13:09:03 INFO DAGScheduler: Submitting 1 missing tasks from ResultStage 78 (MapPartitionsRDD[163] at Spark Connect - session_id: "a9408e72-f784-4414-a94c-48a15c61a2a5"
user_context {
  user_id: "141038968383667"
  user_name: "c0711894@vale.co...) (first 15 tasks are for partitions Vector(0))
26/01/16 13:09:03 INFO TaskSchedulerImpl: Adding task set 78.0 with 1 tasks resource profile 0
26/01/16 13:09:03 INFO TaskSetManager: TaskSet 78.0 using PreferredLocationsV1
26/01/16 13:09:03 INFO FairSchedulableBuilder: Added task set TaskSet_78.0 tasks to pool 1768568637510
26/01/16 13:09:03 INFO TaskSetManager: Starting task 0.0 in stage 78.0 (TID 81) (10.139.64.10,executor 0, partition 0, PROCESS_LOCAL, 
26/01/16 13:09:03 INFO MemoryStore: Block broadcast_81 stored as values in memory (estimated size 128.4 KiB, free 3.3 GiB)
26/01/16 13:09:03 INFO MemoryStore: Block broadcast_81_piece0 stored as bytes in memory (estimated size 52.5 KiB, free 3.3 GiB)
26/01/16 13:09:03 INFO SparkContext: Created broadcast 81 from broadcast at TaskSetManager.scala:848
26/01/16 13:09:03 INFO TaskSetManager: Finished task 0.0 in stage 78.0 (TID 81) in 52 ms on 10.139.64.10 (executor 0) (1/1)
26/01/16 13:09:03 INFO TaskSchedulerImpl: Removed TaskSet 78.0 whose tasks have all completed, from pool 1768568637510
26/01/16 13:09:03 INFO DAGScheduler: ResultStage 78 (Spark Connect - session_id: "a9408e72-f784-4414-a94c-48a15c61a2a5"
user_context {
  user_id: "141038968383667"
  user_name: "c0711894@vale.co...) finished in 56 ms
26/01/16 13:09:03 INFO DAGScheduler: Job 78 is finished. Cancelling potential speculative or zombie tasks for this job
26/01/16 13:09:03 INFO TaskSchedulerImpl: Canceling stage 78
26/01/16 13:09:03 INFO TaskSchedulerImpl: Killing all running tasks in stage 78: Stage finished
26/01/16 13:09:03 INFO DAGScheduler: Job 78 finished: Spark Connect - session_id: "a9408e72-f784-4414-a94c-48a15c61a2a5"
user_context {
  user_id: "141038968383667"
  user_name: "c0711894@vale.co..., took 62.915389 ms
26/01/16 13:09:03 WARN DataSource: org.apache.spark.sql.sources.DataSourceRegister: com.google.cloud.spark.bigquery.BigQueryRelationProvider Unable to get public no-arg constructor
26/01/16 13:09:03 INFO DbfsReflectionUtilsImpl: Resolved DBFS path InputUri=/Workspace ResolvedPath=abfss://root@dbstoragekduswqmgjq5rc.dfs.core.windows.net/116288240407984/Workspace
26/01/16 13:09:03 WARN DriverActivityLogging$: No activity context found. Skip logging driver event.
26/01/16 13:09:03 WARN DriverActivityLogging$: No activity context found. Skip logging driver event.
26/01/16 13:09:03 WARN DriverActivityLogging$: No activity context found. Skip logging driver event.
26/01/16 13:09:03 INFO InMemoryFileIndex: Start listing leaf files and directories. Size of Paths: 1; threshold: 32
26/01/16 13:09:03 WARN DriverActivityLogging$: No activity context found. Skip logging driver event.
26/01/16 13:09:03 INFO InMemoryFileIndex: Start listing leaf files and directories. Size of Paths: 0; threshold: 32
26/01/16 13:09:03 INFO InMemoryFileIndex: It took 22 ms to list leaf files for 1 paths.
26/01/16 13:09:03 INFO InMemoryFileIndex: [ES-1349004] 952.4 KiB bytes allocated for InMemoryFileIndex.refresh0
26/01/16 13:09:03 INFO SparkContext: Starting job: Spark Connect - session_id: "a9408e72-f784-4414-a94c-48a15c61a2a5"
user_context {
  user_id: "141038968383667"
  user_name: "c0711894@vale.co...
26/01/16 13:09:03 INFO DAGScheduler: Got job 79 (Spark Connect - session_id: "a9408e72-f784-4414-a94c-48a15c61a2a5"
user_context {
  user_id: "141038968383667"
  user_name: "c0711894@vale.co...) with 1 output partitions
26/01/16 13:09:03 INFO DAGScheduler: Final stage: ResultStage 79 (Spark Connect - session_id: "a9408e72-f784-4414-a94c-48a15c61a2a5"
user_context {
  user_id: "141038968383667"
  user_name: "c0711894@vale.co...)
26/01/16 13:09:03 INFO DAGScheduler: Parents of final stage: List()
26/01/16 13:09:03 INFO DAGScheduler: Missing parents: List()
26/01/16 13:09:03 INFO DAGScheduler: Submitting ResultStage 79 (MapPartitionsRDD[165] at Spark Connect - session_id: "a9408e72-f784-4414-a94c-48a15c61a2a5"
user_context {
  user_id: "141038968383667"
  user_name: "c0711894@vale.co...), which has no missing parents
26/01/16 13:09:03 INFO DAGScheduler: Submitting 1 missing tasks from ResultStage 79 (MapPartitionsRDD[165] at Spark Connect - session_id: "a9408e72-f784-4414-a94c-48a15c61a2a5"
user_context {
  user_id: "141038968383667"
  user_name: "c0711894@vale.co...) (first 15 tasks are for partitions Vector(0))
26/01/16 13:09:03 INFO TaskSchedulerImpl: Adding task set 79.0 with 1 tasks resource profile 0
26/01/16 13:09:03 INFO TaskSetManager: TaskSet 79.0 using PreferredLocationsV1
26/01/16 13:09:03 INFO FairSchedulableBuilder: Added task set TaskSet_79.0 tasks to pool 1768568637510
26/01/16 13:09:03 INFO TaskSetManager: Starting task 0.0 in stage 79.0 (TID 82) (10.139.64.10,executor 0, partition 0, PROCESS_LOCAL, 
26/01/16 13:09:03 INFO MemoryStore: Block broadcast_82 stored as values in memory (estimated size 128.4 KiB, free 3.3 GiB)
26/01/16 13:09:03 INFO MemoryStore: Block broadcast_82_piece0 stored as bytes in memory (estimated size 52.5 KiB, free 3.3 GiB)
26/01/16 13:09:03 INFO SparkContext: Created broadcast 82 from broadcast at TaskSetManager.scala:848
26/01/16 13:09:03 INFO TaskSetManager: Finished task 0.0 in stage 79.0 (TID 82) in 53 ms on 10.139.64.10 (executor 0) (1/1)
26/01/16 13:09:03 INFO TaskSchedulerImpl: Removed TaskSet 79.0 whose tasks have all completed, from pool 1768568637510
26/01/16 13:09:03 INFO DAGScheduler: ResultStage 79 (Spark Connect - session_id: "a9408e72-f784-4414-a94c-48a15c61a2a5"
user_context {
  user_id: "141038968383667"
  user_name: "c0711894@vale.co...) finished in 60 ms
26/01/16 13:09:03 INFO DAGScheduler: Job 79 is finished. Cancelling potential speculative or zombie tasks for this job
26/01/16 13:09:03 INFO TaskSchedulerImpl: Canceling stage 79
26/01/16 13:09:03 INFO TaskSchedulerImpl: Killing all running tasks in stage 79: Stage finished
26/01/16 13:09:03 INFO DAGScheduler: Job 79 finished: Spark Connect - session_id: "a9408e72-f784-4414-a94c-48a15c61a2a5"
user_context {
  user_id: "141038968383667"
  user_name: "c0711894@vale.co..., took 66.819395 ms
26/01/16 13:09:03 WARN DataSource: org.apache.spark.sql.sources.DataSourceRegister: com.google.cloud.spark.bigquery.BigQueryRelationProvider Unable to get public no-arg constructor
26/01/16 13:09:03 INFO DbfsReflectionUtilsImpl: Resolved DBFS path InputUri=/Workspace ResolvedPath=abfss://root@dbstoragekduswqmgjq5rc.dfs.core.windows.net/116288240407984/Workspace
26/01/16 13:09:03 WARN DriverActivityLogging$: No activity context found. Skip logging driver event.
26/01/16 13:09:03 WARN DriverActivityLogging$: No activity context found. Skip logging driver event.
26/01/16 13:09:03 WARN DriverActivityLogging$: No activity context found. Skip logging driver event.
26/01/16 13:09:03 INFO InMemoryFileIndex: Start listing leaf files and directories. Size of Paths: 1; threshold: 32
26/01/16 13:09:03 WARN DriverActivityLogging$: No activity context found. Skip logging driver event.
26/01/16 13:09:03 INFO InMemoryFileIndex: Start listing leaf files and directories. Size of Paths: 0; threshold: 32
26/01/16 13:09:03 INFO InMemoryFileIndex: It took 19 ms to list leaf files for 1 paths.
26/01/16 13:09:03 INFO InMemoryFileIndex: [ES-1349004] 946.9 KiB bytes allocated for InMemoryFileIndex.refresh0
26/01/16 13:09:03 INFO SparkContext: Starting job: Spark Connect - session_id: "a9408e72-f784-4414-a94c-48a15c61a2a5"
user_context {
  user_id: "141038968383667"
  user_name: "c0711894@vale.co...
26/01/16 13:09:03 INFO DAGScheduler: Got job 80 (Spark Connect - session_id: "a9408e72-f784-4414-a94c-48a15c61a2a5"
user_context {
  user_id: "141038968383667"
  user_name: "c0711894@vale.co...) with 1 output partitions
26/01/16 13:09:03 INFO DAGScheduler: Final stage: ResultStage 80 (Spark Connect - session_id: "a9408e72-f784-4414-a94c-48a15c61a2a5"
user_context {
  user_id: "141038968383667"
  user_name: "c0711894@vale.co...)
26/01/16 13:09:03 INFO DAGScheduler: Parents of final stage: List()
26/01/16 13:09:03 INFO DAGScheduler: Missing parents: List()
26/01/16 13:09:03 INFO DAGScheduler: Submitting ResultStage 80 (MapPartitionsRDD[167] at Spark Connect - session_id: "a9408e72-f784-4414-a94c-48a15c61a2a5"
user_context {
  user_id: "141038968383667"
  user_name: "c0711894@vale.co...), which has no missing parents
26/01/16 13:09:03 INFO DAGScheduler: Submitting 1 missing tasks from ResultStage 80 (MapPartitionsRDD[167] at Spark Connect - session_id: "a9408e72-f784-4414-a94c-48a15c61a2a5"
user_context {
  user_id: "141038968383667"
  user_name: "c0711894@vale.co...) (first 15 tasks are for partitions Vector(0))
26/01/16 13:09:03 INFO TaskSchedulerImpl: Adding task set 80.0 with 1 tasks resource profile 0
26/01/16 13:09:03 INFO TaskSetManager: TaskSet 80.0 using PreferredLocationsV1
26/01/16 13:09:03 INFO FairSchedulableBuilder: Added task set TaskSet_80.0 tasks to pool 1768568637510
26/01/16 13:09:03 INFO TaskSetManager: Starting task 0.0 in stage 80.0 (TID 83) (10.139.64.10,executor 0, partition 0, PROCESS_LOCAL, 
26/01/16 13:09:03 INFO MemoryStore: Block broadcast_83 stored as values in memory (estimated size 128.4 KiB, free 3.3 GiB)
26/01/16 13:09:03 INFO MemoryStore: Block broadcast_83_piece0 stored as bytes in memory (estimated size 52.5 KiB, free 3.3 GiB)
26/01/16 13:09:03 INFO SparkContext: Created broadcast 83 from broadcast at TaskSetManager.scala:848
26/01/16 13:09:03 INFO TaskSetManager: Finished task 0.0 in stage 80.0 (TID 83) in 72 ms on 10.139.64.10 (executor 0) (1/1)
26/01/16 13:09:03 INFO TaskSchedulerImpl: Removed TaskSet 80.0 whose tasks have all completed, from pool 1768568637510
26/01/16 13:09:03 INFO DAGScheduler: ResultStage 80 (Spark Connect - session_id: "a9408e72-f784-4414-a94c-48a15c61a2a5"
user_context {
  user_id: "141038968383667"
  user_name: "c0711894@vale.co...) finished in 77 ms
26/01/16 13:09:03 INFO DAGScheduler: Job 80 is finished. Cancelling potential speculative or zombie tasks for this job
26/01/16 13:09:03 INFO TaskSchedulerImpl: Canceling stage 80
26/01/16 13:09:03 INFO TaskSchedulerImpl: Killing all running tasks in stage 80: Stage finished
26/01/16 13:09:03 INFO DAGScheduler: Job 80 finished: Spark Connect - session_id: "a9408e72-f784-4414-a94c-48a15c61a2a5"
user_context {
  user_id: "141038968383667"
  user_name: "c0711894@vale.co..., took 88.753927 ms
26/01/16 13:09:03 INFO LogInterceptor: RPC spark.connect.SparkConnectService/ExecutePlan (116612358) [ExecutePlanResponse]: sessionId: a9408e72-f784-4414-a94c-48a15c61a2a5, serverSideSessionId: 26b20359-cf6e-401c-83bf-84c101c974f2, operationId: 39147498-2835-4eec-9c32-a9a79e74ca90, responseId: e005f36c-fe4f-44b8-bd15-8b8f3ceec8dc
26/01/16 13:09:03 INFO LogInterceptor: RPC spark.connect.SparkConnectService/ExecutePlan (116612358) [ExecutePlanResponse]: sessionId: a9408e72-f784-4414-a94c-48a15c61a2a5, serverSideSessionId: 26b20359-cf6e-401c-83bf-84c101c974f2, operationId: 39147498-2835-4eec-9c32-a9a79e74ca90, responseId: a31f8540-57c8-477f-aad1-ed4d396358be
26/01/16 13:09:03 WARN DataSource: org.apache.spark.sql.sources.DataSourceRegister: com.google.cloud.spark.bigquery.BigQueryRelationProvider Unable to get public no-arg constructor
26/01/16 13:09:03 INFO DbfsReflectionUtilsImpl: Resolved DBFS path InputUri=/Workspace ResolvedPath=abfss://root@dbstoragekduswqmgjq5rc.dfs.core.windows.net/116288240407984/Workspace
26/01/16 13:09:03 WARN DriverActivityLogging$: No activity context found. Skip logging driver event.
26/01/16 13:09:03 WARN DriverActivityLogging$: No activity context found. Skip logging driver event.
26/01/16 13:09:03 WARN DriverActivityLogging$: No activity context found. Skip logging driver event.
26/01/16 13:09:03 INFO InMemoryFileIndex: Start listing leaf files and directories. Size of Paths: 1; threshold: 32
26/01/16 13:09:03 WARN DriverActivityLogging$: No activity context found. Skip logging driver event.
26/01/16 13:09:03 INFO InMemoryFileIndex: Start listing leaf files and directories. Size of Paths: 0; threshold: 32
26/01/16 13:09:03 INFO InMemoryFileIndex: It took 17 ms to list leaf files for 1 paths.
26/01/16 13:09:03 INFO InMemoryFileIndex: [ES-1349004] 946.9 KiB bytes allocated for InMemoryFileIndex.refresh0
26/01/16 13:09:03 INFO SparkContext: Starting job: Spark Connect - session_id: "a9408e72-f784-4414-a94c-48a15c61a2a5"
user_context {
  user_id: "141038968383667"
  user_name: "c0711894@vale.co...
26/01/16 13:09:03 INFO DAGScheduler: Got job 81 (Spark Connect - session_id: "a9408e72-f784-4414-a94c-48a15c61a2a5"
user_context {
  user_id: "141038968383667"
  user_name: "c0711894@vale.co...) with 1 output partitions
26/01/16 13:09:03 INFO DAGScheduler: Final stage: ResultStage 81 (Spark Connect - session_id: "a9408e72-f784-4414-a94c-48a15c61a2a5"
user_context {
  user_id: "141038968383667"
  user_name: "c0711894@vale.co...)
26/01/16 13:09:03 INFO DAGScheduler: Parents of final stage: List()
26/01/16 13:09:03 INFO DAGScheduler: Missing parents: List()
26/01/16 13:09:03 INFO DAGScheduler: Submitting ResultStage 81 (MapPartitionsRDD[169] at Spark Connect - session_id: "a9408e72-f784-4414-a94c-48a15c61a2a5"
user_context {
  user_id: "141038968383667"
  user_name: "c0711894@vale.co...), which has no missing parents
26/01/16 13:09:03 INFO DAGScheduler: Submitting 1 missing tasks from ResultStage 81 (MapPartitionsRDD[169] at Spark Connect - session_id: "a9408e72-f784-4414-a94c-48a15c61a2a5"
user_context {
  user_id: "141038968383667"
  user_name: "c0711894@vale.co...) (first 15 tasks are for partitions Vector(0))
26/01/16 13:09:03 INFO TaskSchedulerImpl: Adding task set 81.0 with 1 tasks resource profile 0
26/01/16 13:09:03 INFO TaskSetManager: TaskSet 81.0 using PreferredLocationsV1
26/01/16 13:09:04 INFO FairSchedulableBuilder: Added task set TaskSet_81.0 tasks to pool 1768568637510
26/01/16 13:09:04 INFO TaskSetManager: Starting task 0.0 in stage 81.0 (TID 84) (10.139.64.10,executor 0, partition 0, PROCESS_LOCAL, 
26/01/16 13:09:04 INFO MemoryStore: Block broadcast_84 stored as values in memory (estimated size 128.4 KiB, free 3.3 GiB)
26/01/16 13:09:04 INFO MemoryStore: Block broadcast_84_piece0 stored as bytes in memory (estimated size 52.5 KiB, free 3.3 GiB)
26/01/16 13:09:04 INFO SparkContext: Created broadcast 84 from broadcast at TaskSetManager.scala:848
26/01/16 13:09:04 INFO TaskSetManager: Finished task 0.0 in stage 81.0 (TID 84) in 45 ms on 10.139.64.10 (executor 0) (1/1)
26/01/16 13:09:04 INFO TaskSchedulerImpl: Removed TaskSet 81.0 whose tasks have all completed, from pool 1768568637510
26/01/16 13:09:04 INFO DAGScheduler: ResultStage 81 (Spark Connect - session_id: "a9408e72-f784-4414-a94c-48a15c61a2a5"
user_context {
  user_id: "141038968383667"
  user_name: "c0711894@vale.co...) finished in 56 ms
26/01/16 13:09:04 INFO DAGScheduler: Job 81 is finished. Cancelling potential speculative or zombie tasks for this job
26/01/16 13:09:04 INFO TaskSchedulerImpl: Canceling stage 81
26/01/16 13:09:04 INFO TaskSchedulerImpl: Killing all running tasks in stage 81: Stage finished
26/01/16 13:09:04 INFO DAGScheduler: Job 81 finished: Spark Connect - session_id: "a9408e72-f784-4414-a94c-48a15c61a2a5"
user_context {
  user_id: "141038968383667"
  user_name: "c0711894@vale.co..., took 58.579083 ms
26/01/16 13:09:04 WARN DataSource: org.apache.spark.sql.sources.DataSourceRegister: com.google.cloud.spark.bigquery.BigQueryRelationProvider Unable to get public no-arg constructor
26/01/16 13:09:04 INFO DbfsReflectionUtilsImpl: Resolved DBFS path InputUri=/Workspace ResolvedPath=abfss://root@dbstoragekduswqmgjq5rc.dfs.core.windows.net/116288240407984/Workspace
26/01/16 13:09:04 WARN DriverActivityLogging$: No activity context found. Skip logging driver event.
26/01/16 13:09:04 WARN DriverActivityLogging$: No activity context found. Skip logging driver event.
26/01/16 13:09:04 WARN DriverActivityLogging$: No activity context found. Skip logging driver event.
26/01/16 13:09:04 INFO InMemoryFileIndex: Start listing leaf files and directories. Size of Paths: 1; threshold: 32
26/01/16 13:09:04 WARN DriverActivityLogging$: No activity context found. Skip logging driver event.
26/01/16 13:09:04 INFO InMemoryFileIndex: Start listing leaf files and directories. Size of Paths: 0; threshold: 32
26/01/16 13:09:04 INFO InMemoryFileIndex: It took 25 ms to list leaf files for 1 paths.
26/01/16 13:09:04 INFO InMemoryFileIndex: [ES-1349004] 945.2 KiB bytes allocated for InMemoryFileIndex.refresh0
26/01/16 13:09:04 INFO SparkContext: Starting job: Spark Connect - session_id: "a9408e72-f784-4414-a94c-48a15c61a2a5"
user_context {
  user_id: "141038968383667"
  user_name: "c0711894@vale.co...
26/01/16 13:09:04 INFO DAGScheduler: Got job 82 (Spark Connect - session_id: "a9408e72-f784-4414-a94c-48a15c61a2a5"
user_context {
  user_id: "141038968383667"
  user_name: "c0711894@vale.co...) with 1 output partitions
26/01/16 13:09:04 INFO DAGScheduler: Final stage: ResultStage 82 (Spark Connect - session_id: "a9408e72-f784-4414-a94c-48a15c61a2a5"
user_context {
  user_id: "141038968383667"
  user_name: "c0711894@vale.co...)
26/01/16 13:09:04 INFO DAGScheduler: Parents of final stage: List()
26/01/16 13:09:04 INFO DAGScheduler: Missing parents: List()
26/01/16 13:09:04 INFO DAGScheduler: Submitting ResultStage 82 (MapPartitionsRDD[171] at Spark Connect - session_id: "a9408e72-f784-4414-a94c-48a15c61a2a5"
user_context {
  user_id: "141038968383667"
  user_name: "c0711894@vale.co...), which has no missing parents
26/01/16 13:09:04 INFO DAGScheduler: Submitting 1 missing tasks from ResultStage 82 (MapPartitionsRDD[171] at Spark Connect - session_id: "a9408e72-f784-4414-a94c-48a15c61a2a5"
user_context {
  user_id: "141038968383667"
  user_name: "c0711894@vale.co...) (first 15 tasks are for partitions Vector(0))
26/01/16 13:09:04 INFO TaskSchedulerImpl: Adding task set 82.0 with 1 tasks resource profile 0
26/01/16 13:09:04 INFO TaskSetManager: TaskSet 82.0 using PreferredLocationsV1
26/01/16 13:09:04 INFO FairSchedulableBuilder: Added task set TaskSet_82.0 tasks to pool 1768568637510
26/01/16 13:09:04 INFO TaskSetManager: Starting task 0.0 in stage 82.0 (TID 85) (10.139.64.10,executor 0, partition 0, PROCESS_LOCAL, 
26/01/16 13:09:04 INFO MemoryStore: Block broadcast_85 stored as values in memory (estimated size 128.4 KiB, free 3.3 GiB)
26/01/16 13:09:04 INFO MemoryStore: Block broadcast_85_piece0 stored as bytes in memory (estimated size 52.5 KiB, free 3.3 GiB)
26/01/16 13:09:04 INFO SparkContext: Created broadcast 85 from broadcast at TaskSetManager.scala:848
26/01/16 13:09:04 INFO TaskSetManager: Finished task 0.0 in stage 82.0 (TID 85) in 57 ms on 10.139.64.10 (executor 0) (1/1)
26/01/16 13:09:04 INFO TaskSchedulerImpl: Removed TaskSet 82.0 whose tasks have all completed, from pool 1768568637510
26/01/16 13:09:04 INFO DAGScheduler: ResultStage 82 (Spark Connect - session_id: "a9408e72-f784-4414-a94c-48a15c61a2a5"
user_context {
  user_id: "141038968383667"
  user_name: "c0711894@vale.co...) finished in 60 ms
26/01/16 13:09:04 INFO DAGScheduler: Job 82 is finished. Cancelling potential speculative or zombie tasks for this job
26/01/16 13:09:04 INFO TaskSchedulerImpl: Canceling stage 82
26/01/16 13:09:04 INFO TaskSchedulerImpl: Killing all running tasks in stage 82: Stage finished
26/01/16 13:09:04 INFO DAGScheduler: Job 82 finished: Spark Connect - session_id: "a9408e72-f784-4414-a94c-48a15c61a2a5"
user_context {
  user_id: "141038968383667"
  user_name: "c0711894@vale.co..., took 63.964991 ms
26/01/16 13:09:04 WARN DataSource: org.apache.spark.sql.sources.DataSourceRegister: com.google.cloud.spark.bigquery.BigQueryRelationProvider Unable to get public no-arg constructor
26/01/16 13:09:04 INFO DbfsReflectionUtilsImpl: Resolved DBFS path InputUri=/Workspace ResolvedPath=abfss://root@dbstoragekduswqmgjq5rc.dfs.core.windows.net/116288240407984/Workspace
26/01/16 13:09:04 WARN DriverActivityLogging$: No activity context found. Skip logging driver event.
26/01/16 13:09:04 WARN DriverActivityLogging$: No activity context found. Skip logging driver event.
26/01/16 13:09:04 WARN DriverActivityLogging$: No activity context found. Skip logging driver event.
26/01/16 13:09:04 INFO InMemoryFileIndex: Start listing leaf files and directories. Size of Paths: 1; threshold: 32
26/01/16 13:09:04 WARN DriverActivityLogging$: No activity context found. Skip logging driver event.
26/01/16 13:09:04 INFO InMemoryFileIndex: Start listing leaf files and directories. Size of Paths: 0; threshold: 32
26/01/16 13:09:04 INFO InMemoryFileIndex: It took 17 ms to list leaf files for 1 paths.
26/01/16 13:09:04 INFO InMemoryFileIndex: [ES-1349004] 945.5 KiB bytes allocated for InMemoryFileIndex.refresh0
26/01/16 13:09:04 INFO SparkContext: Starting job: Spark Connect - session_id: "a9408e72-f784-4414-a94c-48a15c61a2a5"
user_context {
  user_id: "141038968383667"
  user_name: "c0711894@vale.co...
26/01/16 13:09:04 INFO DAGScheduler: Got job 83 (Spark Connect - session_id: "a9408e72-f784-4414-a94c-48a15c61a2a5"
user_context {
  user_id: "141038968383667"
  user_name: "c0711894@vale.co...) with 1 output partitions
26/01/16 13:09:04 INFO DAGScheduler: Final stage: ResultStage 83 (Spark Connect - session_id: "a9408e72-f784-4414-a94c-48a15c61a2a5"
user_context {
  user_id: "141038968383667"
  user_name: "c0711894@vale.co...)
26/01/16 13:09:04 INFO DAGScheduler: Parents of final stage: List()
26/01/16 13:09:04 INFO DAGScheduler: Missing parents: List()
26/01/16 13:09:04 INFO DAGScheduler: Submitting ResultStage 83 (MapPartitionsRDD[173] at Spark Connect - session_id: "a9408e72-f784-4414-a94c-48a15c61a2a5"
user_context {
  user_id: "141038968383667"
  user_name: "c0711894@vale.co...), which has no missing parents
26/01/16 13:09:04 INFO DAGScheduler: Submitting 1 missing tasks from ResultStage 83 (MapPartitionsRDD[173] at Spark Connect - session_id: "a9408e72-f784-4414-a94c-48a15c61a2a5"
user_context {
  user_id: "141038968383667"
  user_name: "c0711894@vale.co...) (first 15 tasks are for partitions Vector(0))
26/01/16 13:09:04 INFO TaskSchedulerImpl: Adding task set 83.0 with 1 tasks resource profile 0
26/01/16 13:09:04 INFO TaskSetManager: TaskSet 83.0 using PreferredLocationsV1
26/01/16 13:09:04 INFO FairSchedulableBuilder: Added task set TaskSet_83.0 tasks to pool 1768568637510
26/01/16 13:09:04 INFO TaskSetManager: Starting task 0.0 in stage 83.0 (TID 86) (10.139.64.10,executor 0, partition 0, PROCESS_LOCAL, 
26/01/16 13:09:04 INFO MemoryStore: Block broadcast_86 stored as values in memory (estimated size 128.4 KiB, free 3.3 GiB)
26/01/16 13:09:04 INFO MemoryStore: Block broadcast_86_piece0 stored as bytes in memory (estimated size 52.5 KiB, free 3.3 GiB)
26/01/16 13:09:04 INFO SparkContext: Created broadcast 86 from broadcast at TaskSetManager.scala:848
26/01/16 13:09:04 INFO TaskSetManager: Finished task 0.0 in stage 83.0 (TID 86) in 49 ms on 10.139.64.10 (executor 0) (1/1)
26/01/16 13:09:04 INFO TaskSchedulerImpl: Removed TaskSet 83.0 whose tasks have all completed, from pool 1768568637510
26/01/16 13:09:04 INFO DAGScheduler: ResultStage 83 (Spark Connect - session_id: "a9408e72-f784-4414-a94c-48a15c61a2a5"
user_context {
  user_id: "141038968383667"
  user_name: "c0711894@vale.co...) finished in 53 ms
26/01/16 13:09:04 INFO DAGScheduler: Job 83 is finished. Cancelling potential speculative or zombie tasks for this job
26/01/16 13:09:04 INFO TaskSchedulerImpl: Canceling stage 83
26/01/16 13:09:04 INFO TaskSchedulerImpl: Killing all running tasks in stage 83: Stage finished
26/01/16 13:09:04 INFO DAGScheduler: Job 83 finished: Spark Connect - session_id: "a9408e72-f784-4414-a94c-48a15c61a2a5"
user_context {
  user_id: "141038968383667"
  user_name: "c0711894@vale.co..., took 59.032484 ms
26/01/16 13:09:04 WARN DataSource: org.apache.spark.sql.sources.DataSourceRegister: com.google.cloud.spark.bigquery.BigQueryRelationProvider Unable to get public no-arg constructor
26/01/16 13:09:04 INFO DbfsReflectionUtilsImpl: Resolved DBFS path InputUri=/Workspace ResolvedPath=abfss://root@dbstoragekduswqmgjq5rc.dfs.core.windows.net/116288240407984/Workspace
26/01/16 13:09:04 WARN DriverActivityLogging$: No activity context found. Skip logging driver event.
26/01/16 13:09:04 WARN DriverActivityLogging$: No activity context found. Skip logging driver event.
26/01/16 13:09:04 WARN DriverActivityLogging$: No activity context found. Skip logging driver event.
26/01/16 13:09:04 INFO InMemoryFileIndex: Start listing leaf files and directories. Size of Paths: 1; threshold: 32
26/01/16 13:09:04 WARN DriverActivityLogging$: No activity context found. Skip logging driver event.
26/01/16 13:09:04 INFO InMemoryFileIndex: Start listing leaf files and directories. Size of Paths: 0; threshold: 32
26/01/16 13:09:04 INFO InMemoryFileIndex: It took 27 ms to list leaf files for 1 paths.
26/01/16 13:09:04 INFO InMemoryFileIndex: [ES-1349004] 948.6 KiB bytes allocated for InMemoryFileIndex.refresh0
26/01/16 13:09:04 INFO SparkContext: Starting job: Spark Connect - session_id: "a9408e72-f784-4414-a94c-48a15c61a2a5"
user_context {
  user_id: "141038968383667"
  user_name: "c0711894@vale.co...
26/01/16 13:09:04 INFO DAGScheduler: Got job 84 (Spark Connect - session_id: "a9408e72-f784-4414-a94c-48a15c61a2a5"
user_context {
  user_id: "141038968383667"
  user_name: "c0711894@vale.co...) with 1 output partitions
26/01/16 13:09:04 INFO DAGScheduler: Final stage: ResultStage 84 (Spark Connect - session_id: "a9408e72-f784-4414-a94c-48a15c61a2a5"
user_context {
  user_id: "141038968383667"
  user_name: "c0711894@vale.co...)
26/01/16 13:09:04 INFO DAGScheduler: Parents of final stage: List()
26/01/16 13:09:04 INFO DAGScheduler: Missing parents: List()
26/01/16 13:09:04 INFO DAGScheduler: Submitting ResultStage 84 (MapPartitionsRDD[175] at Spark Connect - session_id: "a9408e72-f784-4414-a94c-48a15c61a2a5"
user_context {
  user_id: "141038968383667"
  user_name: "c0711894@vale.co...), which has no missing parents
26/01/16 13:09:04 INFO DAGScheduler: Submitting 1 missing tasks from ResultStage 84 (MapPartitionsRDD[175] at Spark Connect - session_id: "a9408e72-f784-4414-a94c-48a15c61a2a5"
user_context {
  user_id: "141038968383667"
  user_name: "c0711894@vale.co...) (first 15 tasks are for partitions Vector(0))
26/01/16 13:09:04 INFO TaskSchedulerImpl: Adding task set 84.0 with 1 tasks resource profile 0
26/01/16 13:09:04 INFO TaskSetManager: TaskSet 84.0 using PreferredLocationsV1
26/01/16 13:09:04 INFO FairSchedulableBuilder: Added task set TaskSet_84.0 tasks to pool 1768568637510
26/01/16 13:09:04 INFO TaskSetManager: Starting task 0.0 in stage 84.0 (TID 87) (10.139.64.10,executor 0, partition 0, PROCESS_LOCAL, 
26/01/16 13:09:04 INFO MemoryStore: Block broadcast_87 stored as values in memory (estimated size 128.4 KiB, free 3.3 GiB)
26/01/16 13:09:04 INFO MemoryStore: Block broadcast_87_piece0 stored as bytes in memory (estimated size 52.5 KiB, free 3.3 GiB)
26/01/16 13:09:04 INFO SparkContext: Created broadcast 87 from broadcast at TaskSetManager.scala:848
26/01/16 13:09:04 INFO TaskSetManager: Finished task 0.0 in stage 84.0 (TID 87) in 47 ms on 10.139.64.10 (executor 0) (1/1)
26/01/16 13:09:04 INFO TaskSchedulerImpl: Removed TaskSet 84.0 whose tasks have all completed, from pool 1768568637510
26/01/16 13:09:04 INFO DAGScheduler: ResultStage 84 (Spark Connect - session_id: "a9408e72-f784-4414-a94c-48a15c61a2a5"
user_context {
  user_id: "141038968383667"
  user_name: "c0711894@vale.co...) finished in 53 ms
26/01/16 13:09:04 INFO DAGScheduler: Job 84 is finished. Cancelling potential speculative or zombie tasks for this job
26/01/16 13:09:04 INFO TaskSchedulerImpl: Canceling stage 84
26/01/16 13:09:04 INFO TaskSchedulerImpl: Killing all running tasks in stage 84: Stage finished
26/01/16 13:09:04 INFO DAGScheduler: Job 84 finished: Spark Connect - session_id: "a9408e72-f784-4414-a94c-48a15c61a2a5"
user_context {
  user_id: "141038968383667"
  user_name: "c0711894@vale.co..., took 57.472282 ms
26/01/16 13:09:04 WARN DataSource: org.apache.spark.sql.sources.DataSourceRegister: com.google.cloud.spark.bigquery.BigQueryRelationProvider Unable to get public no-arg constructor
26/01/16 13:09:04 INFO DbfsReflectionUtilsImpl: Resolved DBFS path InputUri=/Workspace ResolvedPath=abfss://root@dbstoragekduswqmgjq5rc.dfs.core.windows.net/116288240407984/Workspace
26/01/16 13:09:04 WARN DriverActivityLogging$: No activity context found. Skip logging driver event.
26/01/16 13:09:04 WARN DriverActivityLogging$: No activity context found. Skip logging driver event.
26/01/16 13:09:04 WARN DriverActivityLogging$: No activity context found. Skip logging driver event.
26/01/16 13:09:04 INFO InMemoryFileIndex: Start listing leaf files and directories. Size of Paths: 1; threshold: 32
26/01/16 13:09:04 WARN DriverActivityLogging$: No activity context found. Skip logging driver event.
26/01/16 13:09:04 INFO InMemoryFileIndex: Start listing leaf files and directories. Size of Paths: 0; threshold: 32
26/01/16 13:09:04 INFO InMemoryFileIndex: It took 19 ms to list leaf files for 1 paths.
26/01/16 13:09:04 INFO InMemoryFileIndex: [ES-1349004] 945.2 KiB bytes allocated for InMemoryFileIndex.refresh0
26/01/16 13:09:04 INFO SparkContext: Starting job: Spark Connect - session_id: "a9408e72-f784-4414-a94c-48a15c61a2a5"
user_context {
  user_id: "141038968383667"
  user_name: "c0711894@vale.co...
26/01/16 13:09:04 INFO DAGScheduler: Got job 85 (Spark Connect - session_id: "a9408e72-f784-4414-a94c-48a15c61a2a5"
user_context {
  user_id: "141038968383667"
  user_name: "c0711894@vale.co...) with 1 output partitions
26/01/16 13:09:04 INFO DAGScheduler: Final stage: ResultStage 85 (Spark Connect - session_id: "a9408e72-f784-4414-a94c-48a15c61a2a5"
user_context {
  user_id: "141038968383667"
  user_name: "c0711894@vale.co...)
26/01/16 13:09:04 INFO DAGScheduler: Parents of final stage: List()
26/01/16 13:09:04 INFO DAGScheduler: Missing parents: List()
26/01/16 13:09:04 INFO DAGScheduler: Submitting ResultStage 85 (MapPartitionsRDD[177] at Spark Connect - session_id: "a9408e72-f784-4414-a94c-48a15c61a2a5"
user_context {
  user_id: "141038968383667"
  user_name: "c0711894@vale.co...), which has no missing parents
26/01/16 13:09:04 INFO DAGScheduler: Submitting 1 missing tasks from ResultStage 85 (MapPartitionsRDD[177] at Spark Connect - session_id: "a9408e72-f784-4414-a94c-48a15c61a2a5"
user_context {
  user_id: "141038968383667"
  user_name: "c0711894@vale.co...) (first 15 tasks are for partitions Vector(0))
26/01/16 13:09:04 INFO TaskSchedulerImpl: Adding task set 85.0 with 1 tasks resource profile 0
26/01/16 13:09:04 INFO TaskSetManager: TaskSet 85.0 using PreferredLocationsV1
26/01/16 13:09:04 INFO FairSchedulableBuilder: Added task set TaskSet_85.0 tasks to pool 1768568637510
26/01/16 13:09:04 INFO TaskSetManager: Starting task 0.0 in stage 85.0 (TID 88) (10.139.64.10,executor 0, partition 0, PROCESS_LOCAL, 
26/01/16 13:09:04 INFO MemoryStore: Block broadcast_88 stored as values in memory (estimated size 128.4 KiB, free 3.3 GiB)
26/01/16 13:09:04 INFO MemoryStore: Block broadcast_88_piece0 stored as bytes in memory (estimated size 52.5 KiB, free 3.3 GiB)
26/01/16 13:09:04 INFO SparkContext: Created broadcast 88 from broadcast at TaskSetManager.scala:848
26/01/16 13:09:04 INFO TaskSetManager: Finished task 0.0 in stage 85.0 (TID 88) in 48 ms on 10.139.64.10 (executor 0) (1/1)
26/01/16 13:09:04 INFO TaskSchedulerImpl: Removed TaskSet 85.0 whose tasks have all completed, from pool 1768568637510
26/01/16 13:09:04 INFO DAGScheduler: ResultStage 85 (Spark Connect - session_id: "a9408e72-f784-4414-a94c-48a15c61a2a5"
user_context {
  user_id: "141038968383667"
  user_name: "c0711894@vale.co...) finished in 55 ms
26/01/16 13:09:04 INFO DAGScheduler: Job 85 is finished. Cancelling potential speculative or zombie tasks for this job
26/01/16 13:09:04 INFO TaskSchedulerImpl: Canceling stage 85
26/01/16 13:09:04 INFO TaskSchedulerImpl: Killing all running tasks in stage 85: Stage finished
26/01/16 13:09:04 INFO DAGScheduler: Job 85 finished: Spark Connect - session_id: "a9408e72-f784-4414-a94c-48a15c61a2a5"
user_context {
  user_id: "141038968383667"
  user_name: "c0711894@vale.co..., took 67.079895 ms
26/01/16 13:09:04 WARN DataSource: org.apache.spark.sql.sources.DataSourceRegister: com.google.cloud.spark.bigquery.BigQueryRelationProvider Unable to get public no-arg constructor
26/01/16 13:09:04 INFO DbfsReflectionUtilsImpl: Resolved DBFS path InputUri=/Workspace ResolvedPath=abfss://root@dbstoragekduswqmgjq5rc.dfs.core.windows.net/116288240407984/Workspace
26/01/16 13:09:04 WARN DriverActivityLogging$: No activity context found. Skip logging driver event.
26/01/16 13:09:04 WARN DriverActivityLogging$: No activity context found. Skip logging driver event.
26/01/16 13:09:04 WARN DriverActivityLogging$: No activity context found. Skip logging driver event.
26/01/16 13:09:04 INFO InMemoryFileIndex: Start listing leaf files and directories. Size of Paths: 1; threshold: 32
26/01/16 13:09:04 WARN DriverActivityLogging$: No activity context found. Skip logging driver event.
26/01/16 13:09:04 INFO InMemoryFileIndex: Start listing leaf files and directories. Size of Paths: 0; threshold: 32
26/01/16 13:09:04 INFO InMemoryFileIndex: It took 28 ms to list leaf files for 1 paths.
26/01/16 13:09:04 INFO InMemoryFileIndex: [ES-1349004] 949.4 KiB bytes allocated for InMemoryFileIndex.refresh0
26/01/16 13:09:04 INFO SparkContext: Starting job: Spark Connect - session_id: "a9408e72-f784-4414-a94c-48a15c61a2a5"
user_context {
  user_id: "141038968383667"
  user_name: "c0711894@vale.co...
26/01/16 13:09:04 INFO DAGScheduler: Got job 86 (Spark Connect - session_id: "a9408e72-f784-4414-a94c-48a15c61a2a5"
user_context {
  user_id: "141038968383667"
  user_name: "c0711894@vale.co...) with 1 output partitions
26/01/16 13:09:04 INFO DAGScheduler: Final stage: ResultStage 86 (Spark Connect - session_id: "a9408e72-f784-4414-a94c-48a15c61a2a5"
user_context {
  user_id: "141038968383667"
  user_name: "c0711894@vale.co...)
26/01/16 13:09:04 INFO DAGScheduler: Parents of final stage: List()
26/01/16 13:09:04 INFO DAGScheduler: Missing parents: List()
26/01/16 13:09:04 INFO DAGScheduler: Submitting ResultStage 86 (MapPartitionsRDD[179] at Spark Connect - session_id: "a9408e72-f784-4414-a94c-48a15c61a2a5"
user_context {
  user_id: "141038968383667"
  user_name: "c0711894@vale.co...), which has no missing parents
26/01/16 13:09:04 INFO DAGScheduler: Submitting 1 missing tasks from ResultStage 86 (MapPartitionsRDD[179] at Spark Connect - session_id: "a9408e72-f784-4414-a94c-48a15c61a2a5"
user_context {
  user_id: "141038968383667"
  user_name: "c0711894@vale.co...) (first 15 tasks are for partitions Vector(0))
26/01/16 13:09:04 INFO TaskSchedulerImpl: Adding task set 86.0 with 1 tasks resource profile 0
26/01/16 13:09:04 INFO TaskSetManager: TaskSet 86.0 using PreferredLocationsV1
26/01/16 13:09:04 INFO FairSchedulableBuilder: Added task set TaskSet_86.0 tasks to pool 1768568637510
26/01/16 13:09:04 INFO TaskSetManager: Starting task 0.0 in stage 86.0 (TID 89) (10.139.64.10,executor 0, partition 0, PROCESS_LOCAL, 
26/01/16 13:09:04 INFO MemoryStore: Block broadcast_89 stored as values in memory (estimated size 128.4 KiB, free 3.3 GiB)
26/01/16 13:09:04 INFO MemoryStore: Block broadcast_89_piece0 stored as bytes in memory (estimated size 52.5 KiB, free 3.3 GiB)
26/01/16 13:09:04 INFO SparkContext: Created broadcast 89 from broadcast at TaskSetManager.scala:848
26/01/16 13:09:04 INFO TaskSetManager: Finished task 0.0 in stage 86.0 (TID 89) in 51 ms on 10.139.64.10 (executor 0) (1/1)
26/01/16 13:09:04 INFO TaskSchedulerImpl: Removed TaskSet 86.0 whose tasks have all completed, from pool 1768568637510
26/01/16 13:09:04 INFO DAGScheduler: ResultStage 86 (Spark Connect - session_id: "a9408e72-f784-4414-a94c-48a15c61a2a5"
user_context {
  user_id: "141038968383667"
  user_name: "c0711894@vale.co...) finished in 56 ms
26/01/16 13:09:04 INFO DAGScheduler: Job 86 is finished. Cancelling potential speculative or zombie tasks for this job
26/01/16 13:09:04 INFO TaskSchedulerImpl: Canceling stage 86
26/01/16 13:09:04 INFO TaskSchedulerImpl: Killing all running tasks in stage 86: Stage finished
26/01/16 13:09:04 INFO DAGScheduler: Job 86 finished: Spark Connect - session_id: "a9408e72-f784-4414-a94c-48a15c61a2a5"
user_context {
  user_id: "141038968383667"
  user_name: "c0711894@vale.co..., took 59.275084 ms
26/01/16 13:09:04 WARN DataSource: org.apache.spark.sql.sources.DataSourceRegister: com.google.cloud.spark.bigquery.BigQueryRelationProvider Unable to get public no-arg constructor
26/01/16 13:09:04 INFO DbfsReflectionUtilsImpl: Resolved DBFS path InputUri=/Workspace ResolvedPath=abfss://root@dbstoragekduswqmgjq5rc.dfs.core.windows.net/116288240407984/Workspace
26/01/16 13:09:04 WARN DriverActivityLogging$: No activity context found. Skip logging driver event.
26/01/16 13:09:04 WARN DriverActivityLogging$: No activity context found. Skip logging driver event.
26/01/16 13:09:04 WARN DriverActivityLogging$: No activity context found. Skip logging driver event.
26/01/16 13:09:04 INFO InMemoryFileIndex: Start listing leaf files and directories. Size of Paths: 1; threshold: 32
26/01/16 13:09:04 WARN DriverActivityLogging$: No activity context found. Skip logging driver event.
26/01/16 13:09:04 INFO InMemoryFileIndex: Start listing leaf files and directories. Size of Paths: 0; threshold: 32
26/01/16 13:09:04 INFO InMemoryFileIndex: It took 19 ms to list leaf files for 1 paths.
26/01/16 13:09:04 INFO InMemoryFileIndex: [ES-1349004] 943.1 KiB bytes allocated for InMemoryFileIndex.refresh0
26/01/16 13:09:04 INFO SparkContext: Starting job: Spark Connect - session_id: "a9408e72-f784-4414-a94c-48a15c61a2a5"
user_context {
  user_id: "141038968383667"
  user_name: "c0711894@vale.co...
26/01/16 13:09:04 INFO DAGScheduler: Got job 87 (Spark Connect - session_id: "a9408e72-f784-4414-a94c-48a15c61a2a5"
user_context {
  user_id: "141038968383667"
  user_name: "c0711894@vale.co...) with 1 output partitions
26/01/16 13:09:04 INFO DAGScheduler: Final stage: ResultStage 87 (Spark Connect - session_id: "a9408e72-f784-4414-a94c-48a15c61a2a5"
user_context {
  user_id: "141038968383667"
  user_name: "c0711894@vale.co...)
26/01/16 13:09:04 INFO DAGScheduler: Parents of final stage: List()
26/01/16 13:09:04 INFO DAGScheduler: Missing parents: List()
26/01/16 13:09:04 INFO DAGScheduler: Submitting ResultStage 87 (MapPartitionsRDD[181] at Spark Connect - session_id: "a9408e72-f784-4414-a94c-48a15c61a2a5"
user_context {
  user_id: "141038968383667"
  user_name: "c0711894@vale.co...), which has no missing parents
26/01/16 13:09:04 INFO DAGScheduler: Submitting 1 missing tasks from ResultStage 87 (MapPartitionsRDD[181] at Spark Connect - session_id: "a9408e72-f784-4414-a94c-48a15c61a2a5"
user_context {
  user_id: "141038968383667"
  user_name: "c0711894@vale.co...) (first 15 tasks are for partitions Vector(0))
26/01/16 13:09:04 INFO TaskSchedulerImpl: Adding task set 87.0 with 1 tasks resource profile 0
26/01/16 13:09:04 INFO TaskSetManager: TaskSet 87.0 using PreferredLocationsV1
26/01/16 13:09:04 INFO FairSchedulableBuilder: Added task set TaskSet_87.0 tasks to pool 1768568637510
26/01/16 13:09:04 INFO TaskSetManager: Starting task 0.0 in stage 87.0 (TID 90) (10.139.64.10,executor 0, partition 0, PROCESS_LOCAL, 
26/01/16 13:09:04 INFO MemoryStore: Block broadcast_90 stored as values in memory (estimated size 128.4 KiB, free 3.3 GiB)
26/01/16 13:09:04 INFO MemoryStore: Block broadcast_90_piece0 stored as bytes in memory (estimated size 52.5 KiB, free 3.3 GiB)
26/01/16 13:09:04 INFO SparkContext: Created broadcast 90 from broadcast at TaskSetManager.scala:848
26/01/16 13:09:05 INFO TaskSetManager: Finished task 0.0 in stage 87.0 (TID 90) in 51 ms on 10.139.64.10 (executor 0) (1/1)
26/01/16 13:09:05 INFO TaskSchedulerImpl: Removed TaskSet 87.0 whose tasks have all completed, from pool 1768568637510
26/01/16 13:09:05 INFO DAGScheduler: ResultStage 87 (Spark Connect - session_id: "a9408e72-f784-4414-a94c-48a15c61a2a5"
user_context {
  user_id: "141038968383667"
  user_name: "c0711894@vale.co...) finished in 54 ms
26/01/16 13:09:05 INFO DAGScheduler: Job 87 is finished. Cancelling potential speculative or zombie tasks for this job
26/01/16 13:09:05 INFO TaskSchedulerImpl: Canceling stage 87
26/01/16 13:09:05 INFO TaskSchedulerImpl: Killing all running tasks in stage 87: Stage finished
26/01/16 13:09:05 INFO DAGScheduler: Job 87 finished: Spark Connect - session_id: "a9408e72-f784-4414-a94c-48a15c61a2a5"
user_context {
  user_id: "141038968383667"
  user_name: "c0711894@vale.co..., took 57.503382 ms
26/01/16 13:09:05 WARN DataSource: org.apache.spark.sql.sources.DataSourceRegister: com.google.cloud.spark.bigquery.BigQueryRelationProvider Unable to get public no-arg constructor
26/01/16 13:09:05 INFO DbfsReflectionUtilsImpl: Resolved DBFS path InputUri=/Workspace ResolvedPath=abfss://root@dbstoragekduswqmgjq5rc.dfs.core.windows.net/116288240407984/Workspace
26/01/16 13:09:05 WARN DriverActivityLogging$: No activity context found. Skip logging driver event.
26/01/16 13:09:05 WARN DriverActivityLogging$: No activity context found. Skip logging driver event.
26/01/16 13:09:05 WARN DriverActivityLogging$: No activity context found. Skip logging driver event.
26/01/16 13:09:05 INFO InMemoryFileIndex: Start listing leaf files and directories. Size of Paths: 1; threshold: 32
26/01/16 13:09:05 WARN DriverActivityLogging$: No activity context found. Skip logging driver event.
26/01/16 13:09:05 INFO InMemoryFileIndex: Start listing leaf files and directories. Size of Paths: 0; threshold: 32
26/01/16 13:09:05 INFO InMemoryFileIndex: It took 21 ms to list leaf files for 1 paths.
26/01/16 13:09:05 INFO InMemoryFileIndex: [ES-1349004] 938.2 KiB bytes allocated for InMemoryFileIndex.refresh0
26/01/16 13:09:05 INFO SparkContext: Starting job: Spark Connect - session_id: "a9408e72-f784-4414-a94c-48a15c61a2a5"
user_context {
  user_id: "141038968383667"
  user_name: "c0711894@vale.co...
26/01/16 13:09:05 INFO DAGScheduler: Got job 88 (Spark Connect - session_id: "a9408e72-f784-4414-a94c-48a15c61a2a5"
user_context {
  user_id: "141038968383667"
  user_name: "c0711894@vale.co...) with 1 output partitions
26/01/16 13:09:05 INFO DAGScheduler: Final stage: ResultStage 88 (Spark Connect - session_id: "a9408e72-f784-4414-a94c-48a15c61a2a5"
user_context {
  user_id: "141038968383667"
  user_name: "c0711894@vale.co...)
26/01/16 13:09:05 INFO DAGScheduler: Parents of final stage: List()
26/01/16 13:09:05 INFO DAGScheduler: Missing parents: List()
26/01/16 13:09:05 INFO DAGScheduler: Submitting ResultStage 88 (MapPartitionsRDD[183] at Spark Connect - session_id: "a9408e72-f784-4414-a94c-48a15c61a2a5"
user_context {
  user_id: "141038968383667"
  user_name: "c0711894@vale.co...), which has no missing parents
26/01/16 13:09:05 INFO DAGScheduler: Submitting 1 missing tasks from ResultStage 88 (MapPartitionsRDD[183] at Spark Connect - session_id: "a9408e72-f784-4414-a94c-48a15c61a2a5"
user_context {
  user_id: "141038968383667"
  user_name: "c0711894@vale.co...) (first 15 tasks are for partitions Vector(0))
26/01/16 13:09:05 INFO TaskSchedulerImpl: Adding task set 88.0 with 1 tasks resource profile 0
26/01/16 13:09:05 INFO TaskSetManager: TaskSet 88.0 using PreferredLocationsV1
26/01/16 13:09:05 INFO FairSchedulableBuilder: Added task set TaskSet_88.0 tasks to pool 1768568637510
26/01/16 13:09:05 INFO TaskSetManager: Starting task 0.0 in stage 88.0 (TID 91) (10.139.64.10,executor 0, partition 0, PROCESS_LOCAL, 
26/01/16 13:09:05 INFO MemoryStore: Block broadcast_91 stored as values in memory (estimated size 128.4 KiB, free 3.3 GiB)
26/01/16 13:09:05 INFO MemoryStore: Block broadcast_91_piece0 stored as bytes in memory (estimated size 52.5 KiB, free 3.3 GiB)
26/01/16 13:09:05 INFO SparkContext: Created broadcast 91 from broadcast at TaskSetManager.scala:848
26/01/16 13:09:05 INFO TaskSetManager: Finished task 0.0 in stage 88.0 (TID 91) in 51 ms on 10.139.64.10 (executor 0) (1/1)
26/01/16 13:09:05 INFO TaskSchedulerImpl: Removed TaskSet 88.0 whose tasks have all completed, from pool 1768568637510
26/01/16 13:09:05 INFO DAGScheduler: ResultStage 88 (Spark Connect - session_id: "a9408e72-f784-4414-a94c-48a15c61a2a5"
user_context {
  user_id: "141038968383667"
  user_name: "c0711894@vale.co...) finished in 57 ms
26/01/16 13:09:05 INFO DAGScheduler: Job 88 is finished. Cancelling potential speculative or zombie tasks for this job
26/01/16 13:09:05 INFO TaskSchedulerImpl: Canceling stage 88
26/01/16 13:09:05 INFO TaskSchedulerImpl: Killing all running tasks in stage 88: Stage finished
26/01/16 13:09:05 INFO DAGScheduler: Job 88 finished: Spark Connect - session_id: "a9408e72-f784-4414-a94c-48a15c61a2a5"
user_context {
  user_id: "141038968383667"
  user_name: "c0711894@vale.co..., took 73.210905 ms
26/01/16 13:09:05 WARN DataSource: org.apache.spark.sql.sources.DataSourceRegister: com.google.cloud.spark.bigquery.BigQueryRelationProvider Unable to get public no-arg constructor
26/01/16 13:09:05 INFO DbfsReflectionUtilsImpl: Resolved DBFS path InputUri=/Workspace ResolvedPath=abfss://root@dbstoragekduswqmgjq5rc.dfs.core.windows.net/116288240407984/Workspace
26/01/16 13:09:05 WARN DriverActivityLogging$: No activity context found. Skip logging driver event.
26/01/16 13:09:05 WARN DriverActivityLogging$: No activity context found. Skip logging driver event.
26/01/16 13:09:05 WARN DriverActivityLogging$: No activity context found. Skip logging driver event.
26/01/16 13:09:05 INFO InMemoryFileIndex: Start listing leaf files and directories. Size of Paths: 1; threshold: 32
26/01/16 13:09:05 WARN DriverActivityLogging$: No activity context found. Skip logging driver event.
26/01/16 13:09:05 INFO InMemoryFileIndex: Start listing leaf files and directories. Size of Paths: 0; threshold: 32
26/01/16 13:09:05 INFO InMemoryFileIndex: It took 29 ms to list leaf files for 1 paths.
26/01/16 13:09:05 INFO InMemoryFileIndex: [ES-1349004] 941.8 KiB bytes allocated for InMemoryFileIndex.refresh0
26/01/16 13:09:05 INFO SparkContext: Starting job: Spark Connect - session_id: "a9408e72-f784-4414-a94c-48a15c61a2a5"
user_context {
  user_id: "141038968383667"
  user_name: "c0711894@vale.co...
26/01/16 13:09:05 INFO DAGScheduler: Got job 89 (Spark Connect - session_id: "a9408e72-f784-4414-a94c-48a15c61a2a5"
user_context {
  user_id: "141038968383667"
  user_name: "c0711894@vale.co...) with 1 output partitions
26/01/16 13:09:05 INFO DAGScheduler: Final stage: ResultStage 89 (Spark Connect - session_id: "a9408e72-f784-4414-a94c-48a15c61a2a5"
user_context {
  user_id: "141038968383667"
  user_name: "c0711894@vale.co...)
26/01/16 13:09:05 INFO DAGScheduler: Parents of final stage: List()
26/01/16 13:09:05 INFO DAGScheduler: Missing parents: List()
26/01/16 13:09:05 INFO DAGScheduler: Submitting ResultStage 89 (MapPartitionsRDD[185] at Spark Connect - session_id: "a9408e72-f784-4414-a94c-48a15c61a2a5"
user_context {
  user_id: "141038968383667"
  user_name: "c0711894@vale.co...), which has no missing parents
26/01/16 13:09:05 INFO DAGScheduler: Submitting 1 missing tasks from ResultStage 89 (MapPartitionsRDD[185] at Spark Connect - session_id: "a9408e72-f784-4414-a94c-48a15c61a2a5"
user_context {
  user_id: "141038968383667"
  user_name: "c0711894@vale.co...) (first 15 tasks are for partitions Vector(0))
26/01/16 13:09:05 INFO TaskSchedulerImpl: Adding task set 89.0 with 1 tasks resource profile 0
26/01/16 13:09:05 INFO TaskSetManager: TaskSet 89.0 using PreferredLocationsV1
26/01/16 13:09:05 INFO FairSchedulableBuilder: Added task set TaskSet_89.0 tasks to pool 1768568637510
26/01/16 13:09:05 INFO TaskSetManager: Starting task 0.0 in stage 89.0 (TID 92) (10.139.64.10,executor 0, partition 0, PROCESS_LOCAL, 
26/01/16 13:09:05 INFO MemoryStore: Block broadcast_92 stored as values in memory (estimated size 128.4 KiB, free 3.3 GiB)
26/01/16 13:09:05 INFO MemoryStore: Block broadcast_92_piece0 stored as bytes in memory (estimated size 52.5 KiB, free 3.3 GiB)
26/01/16 13:09:05 INFO SparkContext: Created broadcast 92 from broadcast at TaskSetManager.scala:848
26/01/16 13:09:05 INFO TaskSetManager: Finished task 0.0 in stage 89.0 (TID 92) in 50 ms on 10.139.64.10 (executor 0) (1/1)
26/01/16 13:09:05 INFO TaskSchedulerImpl: Removed TaskSet 89.0 whose tasks have all completed, from pool 1768568637510
26/01/16 13:09:05 INFO DAGScheduler: ResultStage 89 (Spark Connect - session_id: "a9408e72-f784-4414-a94c-48a15c61a2a5"
user_context {
  user_id: "141038968383667"
  user_name: "c0711894@vale.co...) finished in 60 ms
26/01/16 13:09:05 INFO DAGScheduler: Job 89 is finished. Cancelling potential speculative or zombie tasks for this job
26/01/16 13:09:05 INFO TaskSchedulerImpl: Canceling stage 89
26/01/16 13:09:05 INFO TaskSchedulerImpl: Killing all running tasks in stage 89: Stage finished
26/01/16 13:09:05 INFO DAGScheduler: Job 89 finished: Spark Connect - session_id: "a9408e72-f784-4414-a94c-48a15c61a2a5"
user_context {
  user_id: "141038968383667"
  user_name: "c0711894@vale.co..., took 65.729894 ms
26/01/16 13:09:05 WARN DataSource: org.apache.spark.sql.sources.DataSourceRegister: com.google.cloud.spark.bigquery.BigQueryRelationProvider Unable to get public no-arg constructor
26/01/16 13:09:05 INFO DbfsReflectionUtilsImpl: Resolved DBFS path InputUri=/Workspace ResolvedPath=abfss://root@dbstoragekduswqmgjq5rc.dfs.core.windows.net/116288240407984/Workspace
26/01/16 13:09:05 WARN DriverActivityLogging$: No activity context found. Skip logging driver event.
26/01/16 13:09:05 WARN DriverActivityLogging$: No activity context found. Skip logging driver event.
26/01/16 13:09:05 WARN DriverActivityLogging$: No activity context found. Skip logging driver event.
26/01/16 13:09:05 INFO InMemoryFileIndex: Start listing leaf files and directories. Size of Paths: 1; threshold: 32
26/01/16 13:09:05 WARN DriverActivityLogging$: No activity context found. Skip logging driver event.
26/01/16 13:09:05 INFO InMemoryFileIndex: Start listing leaf files and directories. Size of Paths: 0; threshold: 32
26/01/16 13:09:05 INFO InMemoryFileIndex: It took 17 ms to list leaf files for 1 paths.
26/01/16 13:09:05 INFO InMemoryFileIndex: [ES-1349004] 945.0 KiB bytes allocated for InMemoryFileIndex.refresh0
26/01/16 13:09:05 INFO SparkContext: Starting job: Spark Connect - session_id: "a9408e72-f784-4414-a94c-48a15c61a2a5"
user_context {
  user_id: "141038968383667"
  user_name: "c0711894@vale.co...
26/01/16 13:09:05 INFO DAGScheduler: Got job 90 (Spark Connect - session_id: "a9408e72-f784-4414-a94c-48a15c61a2a5"
user_context {
  user_id: "141038968383667"
  user_name: "c0711894@vale.co...) with 1 output partitions
26/01/16 13:09:05 INFO DAGScheduler: Final stage: ResultStage 90 (Spark Connect - session_id: "a9408e72-f784-4414-a94c-48a15c61a2a5"
user_context {
  user_id: "141038968383667"
  user_name: "c0711894@vale.co...)
26/01/16 13:09:05 INFO DAGScheduler: Parents of final stage: List()
26/01/16 13:09:05 INFO DAGScheduler: Missing parents: List()
26/01/16 13:09:05 INFO DAGScheduler: Submitting ResultStage 90 (MapPartitionsRDD[187] at Spark Connect - session_id: "a9408e72-f784-4414-a94c-48a15c61a2a5"
user_context {
  user_id: "141038968383667"
  user_name: "c0711894@vale.co...), which has no missing parents
26/01/16 13:09:05 INFO DAGScheduler: Submitting 1 missing tasks from ResultStage 90 (MapPartitionsRDD[187] at Spark Connect - session_id: "a9408e72-f784-4414-a94c-48a15c61a2a5"
user_context {
  user_id: "141038968383667"
  user_name: "c0711894@vale.co...) (first 15 tasks are for partitions Vector(0))
26/01/16 13:09:05 INFO TaskSchedulerImpl: Adding task set 90.0 with 1 tasks resource profile 0
26/01/16 13:09:05 INFO TaskSetManager: TaskSet 90.0 using PreferredLocationsV1
26/01/16 13:09:05 INFO FairSchedulableBuilder: Added task set TaskSet_90.0 tasks to pool 1768568637510
26/01/16 13:09:05 INFO TaskSetManager: Starting task 0.0 in stage 90.0 (TID 93) (10.139.64.10,executor 0, partition 0, PROCESS_LOCAL, 
26/01/16 13:09:05 INFO MemoryStore: Block broadcast_93 stored as values in memory (estimated size 128.4 KiB, free 3.3 GiB)
26/01/16 13:09:05 INFO MemoryStore: Block broadcast_93_piece0 stored as bytes in memory (estimated size 52.5 KiB, free 3.3 GiB)
26/01/16 13:09:05 INFO SparkContext: Created broadcast 93 from broadcast at TaskSetManager.scala:848
26/01/16 13:09:05 INFO TaskSetManager: Finished task 0.0 in stage 90.0 (TID 93) in 47 ms on 10.139.64.10 (executor 0) (1/1)
26/01/16 13:09:05 INFO TaskSchedulerImpl: Removed TaskSet 90.0 whose tasks have all completed, from pool 1768568637510
26/01/16 13:09:05 INFO DAGScheduler: ResultStage 90 (Spark Connect - session_id: "a9408e72-f784-4414-a94c-48a15c61a2a5"
user_context {
  user_id: "141038968383667"
  user_name: "c0711894@vale.co...) finished in 53 ms
26/01/16 13:09:05 INFO DAGScheduler: Job 90 is finished. Cancelling potential speculative or zombie tasks for this job
26/01/16 13:09:05 INFO TaskSchedulerImpl: Canceling stage 90
26/01/16 13:09:05 INFO TaskSchedulerImpl: Killing all running tasks in stage 90: Stage finished
26/01/16 13:09:05 INFO DAGScheduler: Job 90 finished: Spark Connect - session_id: "a9408e72-f784-4414-a94c-48a15c61a2a5"
user_context {
  user_id: "141038968383667"
  user_name: "c0711894@vale.co..., took 60.064986 ms
26/01/16 13:09:05 WARN DataSource: org.apache.spark.sql.sources.DataSourceRegister: com.google.cloud.spark.bigquery.BigQueryRelationProvider Unable to get public no-arg constructor
26/01/16 13:09:05 INFO DbfsReflectionUtilsImpl: Resolved DBFS path InputUri=/Workspace ResolvedPath=abfss://root@dbstoragekduswqmgjq5rc.dfs.core.windows.net/116288240407984/Workspace
26/01/16 13:09:05 WARN DriverActivityLogging$: No activity context found. Skip logging driver event.
26/01/16 13:09:05 WARN DriverActivityLogging$: No activity context found. Skip logging driver event.
26/01/16 13:09:05 WARN DriverActivityLogging$: No activity context found. Skip logging driver event.
26/01/16 13:09:05 INFO InMemoryFileIndex: Start listing leaf files and directories. Size of Paths: 1; threshold: 32
26/01/16 13:09:05 WARN DriverActivityLogging$: No activity context found. Skip logging driver event.
26/01/16 13:09:05 INFO InMemoryFileIndex: Start listing leaf files and directories. Size of Paths: 0; threshold: 32
26/01/16 13:09:05 INFO InMemoryFileIndex: It took 20 ms to list leaf files for 1 paths.
26/01/16 13:09:05 INFO InMemoryFileIndex: [ES-1349004] 944.3 KiB bytes allocated for InMemoryFileIndex.refresh0
26/01/16 13:09:05 INFO SparkContext: Starting job: Spark Connect - session_id: "a9408e72-f784-4414-a94c-48a15c61a2a5"
user_context {
  user_id: "141038968383667"
  user_name: "c0711894@vale.co...
26/01/16 13:09:05 INFO DAGScheduler: Got job 91 (Spark Connect - session_id: "a9408e72-f784-4414-a94c-48a15c61a2a5"
user_context {
  user_id: "141038968383667"
  user_name: "c0711894@vale.co...) with 1 output partitions
26/01/16 13:09:05 INFO DAGScheduler: Final stage: ResultStage 91 (Spark Connect - session_id: "a9408e72-f784-4414-a94c-48a15c61a2a5"
user_context {
  user_id: "141038968383667"
  user_name: "c0711894@vale.co...)
26/01/16 13:09:05 INFO DAGScheduler: Parents of final stage: List()
26/01/16 13:09:05 INFO DAGScheduler: Missing parents: List()
26/01/16 13:09:05 INFO DAGScheduler: Submitting ResultStage 91 (MapPartitionsRDD[189] at Spark Connect - session_id: "a9408e72-f784-4414-a94c-48a15c61a2a5"
user_context {
  user_id: "141038968383667"
  user_name: "c0711894@vale.co...), which has no missing parents
26/01/16 13:09:05 INFO DAGScheduler: Submitting 1 missing tasks from ResultStage 91 (MapPartitionsRDD[189] at Spark Connect - session_id: "a9408e72-f784-4414-a94c-48a15c61a2a5"
user_context {
  user_id: "141038968383667"
  user_name: "c0711894@vale.co...) (first 15 tasks are for partitions Vector(0))
26/01/16 13:09:05 INFO TaskSchedulerImpl: Adding task set 91.0 with 1 tasks resource profile 0
26/01/16 13:09:05 INFO TaskSetManager: TaskSet 91.0 using PreferredLocationsV1
26/01/16 13:09:05 INFO FairSchedulableBuilder: Added task set TaskSet_91.0 tasks to pool 1768568637510
26/01/16 13:09:05 INFO TaskSetManager: Starting task 0.0 in stage 91.0 (TID 94) (10.139.64.10,executor 0, partition 0, PROCESS_LOCAL, 
26/01/16 13:09:05 INFO MemoryStore: Block broadcast_94 stored as values in memory (estimated size 128.4 KiB, free 3.3 GiB)
26/01/16 13:09:05 INFO MemoryStore: Block broadcast_94_piece0 stored as bytes in memory (estimated size 52.5 KiB, free 3.3 GiB)
26/01/16 13:09:05 INFO SparkContext: Created broadcast 94 from broadcast at TaskSetManager.scala:848
26/01/16 13:09:05 INFO TaskSetManager: Finished task 0.0 in stage 91.0 (TID 94) in 46 ms on 10.139.64.10 (executor 0) (1/1)
26/01/16 13:09:05 INFO TaskSchedulerImpl: Removed TaskSet 91.0 whose tasks have all completed, from pool 1768568637510
26/01/16 13:09:05 INFO DAGScheduler: ResultStage 91 (Spark Connect - session_id: "a9408e72-f784-4414-a94c-48a15c61a2a5"
user_context {
  user_id: "141038968383667"
  user_name: "c0711894@vale.co...) finished in 50 ms
26/01/16 13:09:05 INFO DAGScheduler: Job 91 is finished. Cancelling potential speculative or zombie tasks for this job
26/01/16 13:09:05 INFO TaskSchedulerImpl: Canceling stage 91
26/01/16 13:09:05 INFO TaskSchedulerImpl: Killing all running tasks in stage 91: Stage finished
26/01/16 13:09:05 INFO DAGScheduler: Job 91 finished: Spark Connect - session_id: "a9408e72-f784-4414-a94c-48a15c61a2a5"
user_context {
  user_id: "141038968383667"
  user_name: "c0711894@vale.co..., took 61.820951 ms
26/01/16 13:09:05 WARN DataSource: org.apache.spark.sql.sources.DataSourceRegister: com.google.cloud.spark.bigquery.BigQueryRelationProvider Unable to get public no-arg constructor
26/01/16 13:09:05 INFO DbfsReflectionUtilsImpl: Resolved DBFS path InputUri=/Workspace ResolvedPath=abfss://root@dbstoragekduswqmgjq5rc.dfs.core.windows.net/116288240407984/Workspace
26/01/16 13:09:05 WARN DriverActivityLogging$: No activity context found. Skip logging driver event.
26/01/16 13:09:05 WARN DriverActivityLogging$: No activity context found. Skip logging driver event.
26/01/16 13:09:05 WARN DriverActivityLogging$: No activity context found. Skip logging driver event.
26/01/16 13:09:05 INFO InMemoryFileIndex: Start listing leaf files and directories. Size of Paths: 1; threshold: 32
26/01/16 13:09:05 WARN DriverActivityLogging$: No activity context found. Skip logging driver event.
26/01/16 13:09:05 INFO InMemoryFileIndex: Start listing leaf files and directories. Size of Paths: 0; threshold: 32
26/01/16 13:09:05 INFO InMemoryFileIndex: It took 17 ms to list leaf files for 1 paths.
26/01/16 13:09:05 INFO InMemoryFileIndex: [ES-1349004] 946.5 KiB bytes allocated for InMemoryFileIndex.refresh0
26/01/16 13:09:05 INFO SparkContext: Starting job: Spark Connect - session_id: "a9408e72-f784-4414-a94c-48a15c61a2a5"
user_context {
  user_id: "141038968383667"
  user_name: "c0711894@vale.co...
26/01/16 13:09:05 INFO DAGScheduler: Got job 92 (Spark Connect - session_id: "a9408e72-f784-4414-a94c-48a15c61a2a5"
user_context {
  user_id: "141038968383667"
  user_name: "c0711894@vale.co...) with 1 output partitions
26/01/16 13:09:05 INFO DAGScheduler: Final stage: ResultStage 92 (Spark Connect - session_id: "a9408e72-f784-4414-a94c-48a15c61a2a5"
user_context {
  user_id: "141038968383667"
  user_name: "c0711894@vale.co...)
26/01/16 13:09:05 INFO DAGScheduler: Parents of final stage: List()
26/01/16 13:09:05 INFO DAGScheduler: Missing parents: List()
26/01/16 13:09:05 INFO DAGScheduler: Submitting ResultStage 92 (MapPartitionsRDD[191] at Spark Connect - session_id: "a9408e72-f784-4414-a94c-48a15c61a2a5"
user_context {
  user_id: "141038968383667"
  user_name: "c0711894@vale.co...), which has no missing parents
26/01/16 13:09:05 INFO DAGScheduler: Submitting 1 missing tasks from ResultStage 92 (MapPartitionsRDD[191] at Spark Connect - session_id: "a9408e72-f784-4414-a94c-48a15c61a2a5"
user_context {
  user_id: "141038968383667"
  user_name: "c0711894@vale.co...) (first 15 tasks are for partitions Vector(0))
26/01/16 13:09:05 INFO TaskSchedulerImpl: Adding task set 92.0 with 1 tasks resource profile 0
26/01/16 13:09:05 INFO TaskSetManager: TaskSet 92.0 using PreferredLocationsV1
26/01/16 13:09:05 INFO FairSchedulableBuilder: Added task set TaskSet_92.0 tasks to pool 1768568637510
26/01/16 13:09:05 INFO TaskSetManager: Starting task 0.0 in stage 92.0 (TID 95) (10.139.64.10,executor 0, partition 0, PROCESS_LOCAL, 
26/01/16 13:09:05 INFO MemoryStore: Block broadcast_95 stored as values in memory (estimated size 128.4 KiB, free 3.3 GiB)
26/01/16 13:09:05 INFO MemoryStore: Block broadcast_95_piece0 stored as bytes in memory (estimated size 52.5 KiB, free 3.3 GiB)
26/01/16 13:09:05 INFO SparkContext: Created broadcast 95 from broadcast at TaskSetManager.scala:848
26/01/16 13:09:05 INFO TaskSetManager: Finished task 0.0 in stage 92.0 (TID 95) in 51 ms on 10.139.64.10 (executor 0) (1/1)
26/01/16 13:09:05 INFO TaskSchedulerImpl: Removed TaskSet 92.0 whose tasks have all completed, from pool 1768568637510
26/01/16 13:09:05 INFO DAGScheduler: ResultStage 92 (Spark Connect - session_id: "a9408e72-f784-4414-a94c-48a15c61a2a5"
user_context {
  user_id: "141038968383667"
  user_name: "c0711894@vale.co...) finished in 60 ms
26/01/16 13:09:05 INFO DAGScheduler: Job 92 is finished. Cancelling potential speculative or zombie tasks for this job
26/01/16 13:09:05 INFO TaskSchedulerImpl: Canceling stage 92
26/01/16 13:09:05 INFO TaskSchedulerImpl: Killing all running tasks in stage 92: Stage finished
26/01/16 13:09:05 INFO DAGScheduler: Job 92 finished: Spark Connect - session_id: "a9408e72-f784-4414-a94c-48a15c61a2a5"
user_context {
  user_id: "141038968383667"
  user_name: "c0711894@vale.co..., took 65.727654 ms
26/01/16 13:09:05 WARN DataSource: org.apache.spark.sql.sources.DataSourceRegister: com.google.cloud.spark.bigquery.BigQueryRelationProvider Unable to get public no-arg constructor
26/01/16 13:09:05 INFO DbfsReflectionUtilsImpl: Resolved DBFS path InputUri=/Workspace ResolvedPath=abfss://root@dbstoragekduswqmgjq5rc.dfs.core.windows.net/116288240407984/Workspace
26/01/16 13:09:05 WARN DriverActivityLogging$: No activity context found. Skip logging driver event.
26/01/16 13:09:05 WARN DriverActivityLogging$: No activity context found. Skip logging driver event.
26/01/16 13:09:05 WARN DriverActivityLogging$: No activity context found. Skip logging driver event.
26/01/16 13:09:05 INFO InMemoryFileIndex: Start listing leaf files and directories. Size of Paths: 1; threshold: 32
26/01/16 13:09:05 WARN DriverActivityLogging$: No activity context found. Skip logging driver event.
26/01/16 13:09:05 INFO InMemoryFileIndex: Start listing leaf files and directories. Size of Paths: 0; threshold: 32
26/01/16 13:09:05 INFO InMemoryFileIndex: It took 15 ms to list leaf files for 1 paths.
26/01/16 13:09:05 INFO InMemoryFileIndex: [ES-1349004] 940.0 KiB bytes allocated for InMemoryFileIndex.refresh0
26/01/16 13:09:05 INFO LogInterceptor: RPC spark.connect.SparkConnectService/ExecutePlan (116612358) [ExecutePlanResponse]: sessionId: a9408e72-f784-4414-a94c-48a15c61a2a5, serverSideSessionId: 26b20359-cf6e-401c-83bf-84c101c974f2, operationId: 39147498-2835-4eec-9c32-a9a79e74ca90, responseId: 0b05d280-20e3-4cae-9c69-0a9458d8c22a
26/01/16 13:09:05 INFO LogInterceptor: RPC spark.connect.SparkConnectService/ExecutePlan (116612358) [ExecutePlanResponse]: sessionId: a9408e72-f784-4414-a94c-48a15c61a2a5, serverSideSessionId: 26b20359-cf6e-401c-83bf-84c101c974f2, operationId: 39147498-2835-4eec-9c32-a9a79e74ca90, responseId: 3c717589-b7d7-40fe-a1c6-08ff0d7cb73a
26/01/16 13:09:05 INFO SparkContext: Starting job: Spark Connect - session_id: "a9408e72-f784-4414-a94c-48a15c61a2a5"
user_context {
  user_id: "141038968383667"
  user_name: "c0711894@vale.co...
26/01/16 13:09:05 INFO DAGScheduler: Got job 93 (Spark Connect - session_id: "a9408e72-f784-4414-a94c-48a15c61a2a5"
user_context {
  user_id: "141038968383667"
  user_name: "c0711894@vale.co...) with 1 output partitions
26/01/16 13:09:05 INFO DAGScheduler: Final stage: ResultStage 93 (Spark Connect - session_id: "a9408e72-f784-4414-a94c-48a15c61a2a5"
user_context {
  user_id: "141038968383667"
  user_name: "c0711894@vale.co...)
26/01/16 13:09:05 INFO DAGScheduler: Parents of final stage: List()
26/01/16 13:09:05 INFO DAGScheduler: Missing parents: List()
26/01/16 13:09:05 INFO DAGScheduler: Submitting ResultStage 93 (MapPartitionsRDD[193] at Spark Connect - session_id: "a9408e72-f784-4414-a94c-48a15c61a2a5"
user_context {
  user_id: "141038968383667"
  user_name: "c0711894@vale.co...), which has no missing parents
26/01/16 13:09:05 INFO DAGScheduler: Submitting 1 missing tasks from ResultStage 93 (MapPartitionsRDD[193] at Spark Connect - session_id: "a9408e72-f784-4414-a94c-48a15c61a2a5"
user_context {
  user_id: "141038968383667"
  user_name: "c0711894@vale.co...) (first 15 tasks are for partitions Vector(0))
26/01/16 13:09:05 INFO TaskSchedulerImpl: Adding task set 93.0 with 1 tasks resource profile 0
26/01/16 13:09:05 INFO TaskSetManager: TaskSet 93.0 using PreferredLocationsV1
26/01/16 13:09:05 INFO FairSchedulableBuilder: Added task set TaskSet_93.0 tasks to pool 1768568637510
26/01/16 13:09:05 INFO TaskSetManager: Starting task 0.0 in stage 93.0 (TID 96) (10.139.64.10,executor 0, partition 0, PROCESS_LOCAL, 
26/01/16 13:09:05 INFO MemoryStore: Block broadcast_96 stored as values in memory (estimated size 128.4 KiB, free 3.3 GiB)
26/01/16 13:09:05 INFO MemoryStore: Block broadcast_96_piece0 stored as bytes in memory (estimated size 52.5 KiB, free 3.3 GiB)
26/01/16 13:09:05 INFO SparkContext: Created broadcast 96 from broadcast at TaskSetManager.scala:848
26/01/16 13:09:05 INFO TaskSetManager: Finished task 0.0 in stage 93.0 (TID 96) in 51 ms on 10.139.64.10 (executor 0) (1/1)
26/01/16 13:09:05 INFO TaskSchedulerImpl: Removed TaskSet 93.0 whose tasks have all completed, from pool 1768568637510
26/01/16 13:09:05 INFO DAGScheduler: ResultStage 93 (Spark Connect - session_id: "a9408e72-f784-4414-a94c-48a15c61a2a5"
user_context {
  user_id: "141038968383667"
  user_name: "c0711894@vale.co...) finished in 57 ms
26/01/16 13:09:05 INFO DAGScheduler: Job 93 is finished. Cancelling potential speculative or zombie tasks for this job
26/01/16 13:09:05 INFO TaskSchedulerImpl: Canceling stage 93
26/01/16 13:09:05 INFO TaskSchedulerImpl: Killing all running tasks in stage 93: Stage finished
26/01/16 13:09:05 INFO DAGScheduler: Job 93 finished: Spark Connect - session_id: "a9408e72-f784-4414-a94c-48a15c61a2a5"
user_context {
  user_id: "141038968383667"
  user_name: "c0711894@vale.co..., took 65.260854 ms
26/01/16 13:09:05 WARN DataSource: org.apache.spark.sql.sources.DataSourceRegister: com.google.cloud.spark.bigquery.BigQueryRelationProvider Unable to get public no-arg constructor
26/01/16 13:09:05 INFO DbfsReflectionUtilsImpl: Resolved DBFS path InputUri=/Workspace ResolvedPath=abfss://root@dbstoragekduswqmgjq5rc.dfs.core.windows.net/116288240407984/Workspace
26/01/16 13:09:06 WARN DriverActivityLogging$: No activity context found. Skip logging driver event.
26/01/16 13:09:06 WARN DriverActivityLogging$: No activity context found. Skip logging driver event.
26/01/16 13:09:06 WARN DriverActivityLogging$: No activity context found. Skip logging driver event.
26/01/16 13:09:06 INFO InMemoryFileIndex: Start listing leaf files and directories. Size of Paths: 1; threshold: 32
26/01/16 13:09:06 WARN DriverActivityLogging$: No activity context found. Skip logging driver event.
26/01/16 13:09:06 INFO InMemoryFileIndex: Start listing leaf files and directories. Size of Paths: 0; threshold: 32
26/01/16 13:09:06 INFO InMemoryFileIndex: It took 16 ms to list leaf files for 1 paths.
26/01/16 13:09:06 INFO InMemoryFileIndex: [ES-1349004] 945.2 KiB bytes allocated for InMemoryFileIndex.refresh0
26/01/16 13:09:06 INFO SparkContext: Starting job: Spark Connect - session_id: "a9408e72-f784-4414-a94c-48a15c61a2a5"
user_context {
  user_id: "141038968383667"
  user_name: "c0711894@vale.co...
26/01/16 13:09:06 INFO DAGScheduler: Got job 94 (Spark Connect - session_id: "a9408e72-f784-4414-a94c-48a15c61a2a5"
user_context {
  user_id: "141038968383667"
  user_name: "c0711894@vale.co...) with 1 output partitions
26/01/16 13:09:06 INFO DAGScheduler: Final stage: ResultStage 94 (Spark Connect - session_id: "a9408e72-f784-4414-a94c-48a15c61a2a5"
user_context {
  user_id: "141038968383667"
  user_name: "c0711894@vale.co...)
26/01/16 13:09:06 INFO DAGScheduler: Parents of final stage: List()
26/01/16 13:09:06 INFO DAGScheduler: Missing parents: List()
26/01/16 13:09:06 INFO DAGScheduler: Submitting ResultStage 94 (MapPartitionsRDD[195] at Spark Connect - session_id: "a9408e72-f784-4414-a94c-48a15c61a2a5"
user_context {
  user_id: "141038968383667"
  user_name: "c0711894@vale.co...), which has no missing parents
26/01/16 13:09:06 INFO DAGScheduler: Submitting 1 missing tasks from ResultStage 94 (MapPartitionsRDD[195] at Spark Connect - session_id: "a9408e72-f784-4414-a94c-48a15c61a2a5"
user_context {
  user_id: "141038968383667"
  user_name: "c0711894@vale.co...) (first 15 tasks are for partitions Vector(0))
26/01/16 13:09:06 INFO TaskSchedulerImpl: Adding task set 94.0 with 1 tasks resource profile 0
26/01/16 13:09:06 INFO TaskSetManager: TaskSet 94.0 using PreferredLocationsV1
26/01/16 13:09:06 INFO FairSchedulableBuilder: Added task set TaskSet_94.0 tasks to pool 1768568637510
26/01/16 13:09:06 INFO TaskSetManager: Starting task 0.0 in stage 94.0 (TID 97) (10.139.64.10,executor 0, partition 0, PROCESS_LOCAL, 
26/01/16 13:09:06 INFO MemoryStore: Block broadcast_97 stored as values in memory (estimated size 128.4 KiB, free 3.3 GiB)
26/01/16 13:09:06 INFO MemoryStore: Block broadcast_97_piece0 stored as bytes in memory (estimated size 52.5 KiB, free 3.3 GiB)
26/01/16 13:09:06 INFO SparkContext: Created broadcast 97 from broadcast at TaskSetManager.scala:848
26/01/16 13:09:06 INFO TaskSetManager: Finished task 0.0 in stage 94.0 (TID 97) in 46 ms on 10.139.64.10 (executor 0) (1/1)
26/01/16 13:09:06 INFO TaskSchedulerImpl: Removed TaskSet 94.0 whose tasks have all completed, from pool 1768568637510
26/01/16 13:09:06 INFO DAGScheduler: ResultStage 94 (Spark Connect - session_id: "a9408e72-f784-4414-a94c-48a15c61a2a5"
user_context {
  user_id: "141038968383667"
  user_name: "c0711894@vale.co...) finished in 58 ms
26/01/16 13:09:06 INFO DAGScheduler: Job 94 is finished. Cancelling potential speculative or zombie tasks for this job
26/01/16 13:09:06 INFO TaskSchedulerImpl: Canceling stage 94
26/01/16 13:09:06 INFO TaskSchedulerImpl: Killing all running tasks in stage 94: Stage finished
26/01/16 13:09:06 INFO DAGScheduler: Job 94 finished: Spark Connect - session_id: "a9408e72-f784-4414-a94c-48a15c61a2a5"
user_context {
  user_id: "141038968383667"
  user_name: "c0711894@vale.co..., took 65.238454 ms
26/01/16 13:09:06 WARN DataSource: org.apache.spark.sql.sources.DataSourceRegister: com.google.cloud.spark.bigquery.BigQueryRelationProvider Unable to get public no-arg constructor
26/01/16 13:09:06 INFO DbfsReflectionUtilsImpl: Resolved DBFS path InputUri=/Workspace ResolvedPath=abfss://root@dbstoragekduswqmgjq5rc.dfs.core.windows.net/116288240407984/Workspace
26/01/16 13:09:06 WARN DriverActivityLogging$: No activity context found. Skip logging driver event.
26/01/16 13:09:06 WARN DriverActivityLogging$: No activity context found. Skip logging driver event.
26/01/16 13:09:06 WARN DriverActivityLogging$: No activity context found. Skip logging driver event.
26/01/16 13:09:06 INFO InMemoryFileIndex: Start listing leaf files and directories. Size of Paths: 1; threshold: 32
26/01/16 13:09:06 WARN DriverActivityLogging$: No activity context found. Skip logging driver event.
26/01/16 13:09:06 INFO InMemoryFileIndex: Start listing leaf files and directories. Size of Paths: 0; threshold: 32
26/01/16 13:09:06 INFO InMemoryFileIndex: It took 20 ms to list leaf files for 1 paths.
26/01/16 13:09:06 INFO InMemoryFileIndex: [ES-1349004] 938.4 KiB bytes allocated for InMemoryFileIndex.refresh0
26/01/16 13:09:06 INFO SparkContext: Starting job: Spark Connect - session_id: "a9408e72-f784-4414-a94c-48a15c61a2a5"
user_context {
  user_id: "141038968383667"
  user_name: "c0711894@vale.co...
26/01/16 13:09:06 INFO DAGScheduler: Got job 95 (Spark Connect - session_id: "a9408e72-f784-4414-a94c-48a15c61a2a5"
user_context {
  user_id: "141038968383667"
  user_name: "c0711894@vale.co...) with 1 output partitions
26/01/16 13:09:06 INFO DAGScheduler: Final stage: ResultStage 95 (Spark Connect - session_id: "a9408e72-f784-4414-a94c-48a15c61a2a5"
user_context {
  user_id: "141038968383667"
  user_name: "c0711894@vale.co...)
26/01/16 13:09:06 INFO DAGScheduler: Parents of final stage: List()
26/01/16 13:09:06 INFO DAGScheduler: Missing parents: List()
26/01/16 13:09:06 INFO DAGScheduler: Submitting ResultStage 95 (MapPartitionsRDD[197] at Spark Connect - session_id: "a9408e72-f784-4414-a94c-48a15c61a2a5"
user_context {
  user_id: "141038968383667"
  user_name: "c0711894@vale.co...), which has no missing parents
26/01/16 13:09:06 INFO DAGScheduler: Submitting 1 missing tasks from ResultStage 95 (MapPartitionsRDD[197] at Spark Connect - session_id: "a9408e72-f784-4414-a94c-48a15c61a2a5"
user_context {
  user_id: "141038968383667"
  user_name: "c0711894@vale.co...) (first 15 tasks are for partitions Vector(0))
26/01/16 13:09:06 INFO TaskSchedulerImpl: Adding task set 95.0 with 1 tasks resource profile 0
26/01/16 13:09:06 INFO TaskSetManager: TaskSet 95.0 using PreferredLocationsV1
26/01/16 13:09:06 INFO FairSchedulableBuilder: Added task set TaskSet_95.0 tasks to pool 1768568637510
26/01/16 13:09:06 INFO TaskSetManager: Starting task 0.0 in stage 95.0 (TID 98) (10.139.64.10,executor 0, partition 0, PROCESS_LOCAL, 
26/01/16 13:09:06 INFO MemoryStore: Block broadcast_98 stored as values in memory (estimated size 128.4 KiB, free 3.3 GiB)
26/01/16 13:09:06 INFO MemoryStore: Block broadcast_98_piece0 stored as bytes in memory (estimated size 52.5 KiB, free 3.3 GiB)
26/01/16 13:09:06 INFO SparkContext: Created broadcast 98 from broadcast at TaskSetManager.scala:848
26/01/16 13:09:06 INFO TaskSetManager: Finished task 0.0 in stage 95.0 (TID 98) in 48 ms on 10.139.64.10 (executor 0) (1/1)
26/01/16 13:09:06 INFO TaskSchedulerImpl: Removed TaskSet 95.0 whose tasks have all completed, from pool 1768568637510
26/01/16 13:09:06 INFO DAGScheduler: ResultStage 95 (Spark Connect - session_id: "a9408e72-f784-4414-a94c-48a15c61a2a5"
user_context {
  user_id: "141038968383667"
  user_name: "c0711894@vale.co...) finished in 56 ms
26/01/16 13:09:06 INFO DAGScheduler: Job 95 is finished. Cancelling potential speculative or zombie tasks for this job
26/01/16 13:09:06 INFO TaskSchedulerImpl: Canceling stage 95
26/01/16 13:09:06 INFO TaskSchedulerImpl: Killing all running tasks in stage 95: Stage finished
26/01/16 13:09:06 INFO DAGScheduler: Job 95 finished: Spark Connect - session_id: "a9408e72-f784-4414-a94c-48a15c61a2a5"
user_context {
  user_id: "141038968383667"
  user_name: "c0711894@vale.co..., took 60.55475 ms
26/01/16 13:09:06 WARN DataSource: org.apache.spark.sql.sources.DataSourceRegister: com.google.cloud.spark.bigquery.BigQueryRelationProvider Unable to get public no-arg constructor
26/01/16 13:09:06 INFO DbfsReflectionUtilsImpl: Resolved DBFS path InputUri=/Workspace ResolvedPath=abfss://root@dbstoragekduswqmgjq5rc.dfs.core.windows.net/116288240407984/Workspace
26/01/16 13:09:06 WARN DriverActivityLogging$: No activity context found. Skip logging driver event.
26/01/16 13:09:06 WARN DriverActivityLogging$: No activity context found. Skip logging driver event.
26/01/16 13:09:06 WARN DriverActivityLogging$: No activity context found. Skip logging driver event.
26/01/16 13:09:06 INFO InMemoryFileIndex: Start listing leaf files and directories. Size of Paths: 1; threshold: 32
26/01/16 13:09:06 WARN DriverActivityLogging$: No activity context found. Skip logging driver event.
26/01/16 13:09:06 INFO InMemoryFileIndex: Start listing leaf files and directories. Size of Paths: 0; threshold: 32
26/01/16 13:09:06 INFO InMemoryFileIndex: It took 22 ms to list leaf files for 1 paths.
26/01/16 13:09:06 INFO InMemoryFileIndex: [ES-1349004] 934.9 KiB bytes allocated for InMemoryFileIndex.refresh0
26/01/16 13:09:06 INFO SparkContext: Starting job: Spark Connect - session_id: "a9408e72-f784-4414-a94c-48a15c61a2a5"
user_context {
  user_id: "141038968383667"
  user_name: "c0711894@vale.co...
26/01/16 13:09:06 INFO DAGScheduler: Got job 96 (Spark Connect - session_id: "a9408e72-f784-4414-a94c-48a15c61a2a5"
user_context {
  user_id: "141038968383667"
  user_name: "c0711894@vale.co...) with 1 output partitions
26/01/16 13:09:06 INFO DAGScheduler: Final stage: ResultStage 96 (Spark Connect - session_id: "a9408e72-f784-4414-a94c-48a15c61a2a5"
user_context {
  user_id: "141038968383667"
  user_name: "c0711894@vale.co...)
26/01/16 13:09:06 INFO DAGScheduler: Parents of final stage: List()
26/01/16 13:09:06 INFO DAGScheduler: Missing parents: List()
26/01/16 13:09:06 INFO DAGScheduler: Submitting ResultStage 96 (MapPartitionsRDD[199] at Spark Connect - session_id: "a9408e72-f784-4414-a94c-48a15c61a2a5"
user_context {
  user_id: "141038968383667"
  user_name: "c0711894@vale.co...), which has no missing parents
26/01/16 13:09:06 INFO DAGScheduler: Submitting 1 missing tasks from ResultStage 96 (MapPartitionsRDD[199] at Spark Connect - session_id: "a9408e72-f784-4414-a94c-48a15c61a2a5"
user_context {
  user_id: "141038968383667"
  user_name: "c0711894@vale.co...) (first 15 tasks are for partitions Vector(0))
26/01/16 13:09:06 INFO TaskSchedulerImpl: Adding task set 96.0 with 1 tasks resource profile 0
26/01/16 13:09:06 INFO TaskSetManager: TaskSet 96.0 using PreferredLocationsV1
26/01/16 13:09:06 INFO FairSchedulableBuilder: Added task set TaskSet_96.0 tasks to pool 1768568637510
26/01/16 13:09:06 INFO TaskSetManager: Starting task 0.0 in stage 96.0 (TID 99) (10.139.64.10,executor 0, partition 0, PROCESS_LOCAL, 
26/01/16 13:09:06 INFO MemoryStore: Block broadcast_99 stored as values in memory (estimated size 128.4 KiB, free 3.3 GiB)
26/01/16 13:09:06 INFO MemoryStore: Block broadcast_99_piece0 stored as bytes in memory (estimated size 52.5 KiB, free 3.3 GiB)
26/01/16 13:09:06 INFO SparkContext: Created broadcast 99 from broadcast at TaskSetManager.scala:848
26/01/16 13:09:06 INFO TaskSetManager: Finished task 0.0 in stage 96.0 (TID 99) in 72 ms on 10.139.64.10 (executor 0) (1/1)
26/01/16 13:09:06 INFO TaskSchedulerImpl: Removed TaskSet 96.0 whose tasks have all completed, from pool 1768568637510
26/01/16 13:09:06 INFO DAGScheduler: ResultStage 96 (Spark Connect - session_id: "a9408e72-f784-4414-a94c-48a15c61a2a5"
user_context {
  user_id: "141038968383667"
  user_name: "c0711894@vale.co...) finished in 78 ms
26/01/16 13:09:06 INFO DAGScheduler: Job 96 is finished. Cancelling potential speculative or zombie tasks for this job
26/01/16 13:09:06 INFO TaskSchedulerImpl: Canceling stage 96
26/01/16 13:09:06 INFO TaskSchedulerImpl: Killing all running tasks in stage 96: Stage finished
26/01/16 13:09:06 INFO DAGScheduler: Job 96 finished: Spark Connect - session_id: "a9408e72-f784-4414-a94c-48a15c61a2a5"
user_context {
  user_id: "141038968383667"
  user_name: "c0711894@vale.co..., took 90.138275 ms
26/01/16 13:09:06 WARN DataSource: org.apache.spark.sql.sources.DataSourceRegister: com.google.cloud.spark.bigquery.BigQueryRelationProvider Unable to get public no-arg constructor
26/01/16 13:09:06 INFO DbfsReflectionUtilsImpl: Resolved DBFS path InputUri=/Workspace ResolvedPath=abfss://root@dbstoragekduswqmgjq5rc.dfs.core.windows.net/116288240407984/Workspace
26/01/16 13:09:06 WARN DriverActivityLogging$: No activity context found. Skip logging driver event.
26/01/16 13:09:06 WARN DriverActivityLogging$: No activity context found. Skip logging driver event.
26/01/16 13:09:06 WARN DriverActivityLogging$: No activity context found. Skip logging driver event.
26/01/16 13:09:06 INFO InMemoryFileIndex: Start listing leaf files and directories. Size of Paths: 1; threshold: 32
26/01/16 13:09:06 WARN DriverActivityLogging$: No activity context found. Skip logging driver event.
26/01/16 13:09:06 INFO InMemoryFileIndex: Start listing leaf files and directories. Size of Paths: 0; threshold: 32
26/01/16 13:09:06 INFO InMemoryFileIndex: It took 17 ms to list leaf files for 1 paths.
26/01/16 13:09:06 INFO InMemoryFileIndex: [ES-1349004] 937.3 KiB bytes allocated for InMemoryFileIndex.refresh0
26/01/16 13:09:06 INFO SparkContext: Starting job: Spark Connect - session_id: "a9408e72-f784-4414-a94c-48a15c61a2a5"
user_context {
  user_id: "141038968383667"
  user_name: "c0711894@vale.co...
26/01/16 13:09:06 INFO DAGScheduler: Got job 97 (Spark Connect - session_id: "a9408e72-f784-4414-a94c-48a15c61a2a5"
user_context {
  user_id: "141038968383667"
  user_name: "c0711894@vale.co...) with 1 output partitions
26/01/16 13:09:06 INFO DAGScheduler: Final stage: ResultStage 97 (Spark Connect - session_id: "a9408e72-f784-4414-a94c-48a15c61a2a5"
user_context {
  user_id: "141038968383667"
  user_name: "c0711894@vale.co...)
26/01/16 13:09:06 INFO DAGScheduler: Parents of final stage: List()
26/01/16 13:09:06 INFO DAGScheduler: Missing parents: List()
26/01/16 13:09:06 INFO DAGScheduler: Submitting ResultStage 97 (MapPartitionsRDD[201] at Spark Connect - session_id: "a9408e72-f784-4414-a94c-48a15c61a2a5"
user_context {
  user_id: "141038968383667"
  user_name: "c0711894@vale.co...), which has no missing parents
26/01/16 13:09:06 INFO DAGScheduler: Submitting 1 missing tasks from ResultStage 97 (MapPartitionsRDD[201] at Spark Connect - session_id: "a9408e72-f784-4414-a94c-48a15c61a2a5"
user_context {
  user_id: "141038968383667"
  user_name: "c0711894@vale.co...) (first 15 tasks are for partitions Vector(0))
26/01/16 13:09:06 INFO TaskSchedulerImpl: Adding task set 97.0 with 1 tasks resource profile 0
26/01/16 13:09:06 INFO TaskSetManager: TaskSet 97.0 using PreferredLocationsV1
26/01/16 13:09:06 INFO FairSchedulableBuilder: Added task set TaskSet_97.0 tasks to pool 1768568637510
26/01/16 13:09:06 INFO TaskSetManager: Starting task 0.0 in stage 97.0 (TID 100) (10.139.64.10,executor 0, partition 0, PROCESS_LOCAL, 
26/01/16 13:09:06 INFO MemoryStore: Block broadcast_100 stored as values in memory (estimated size 128.4 KiB, free 3.3 GiB)
26/01/16 13:09:06 INFO MemoryStore: Block broadcast_100_piece0 stored as bytes in memory (estimated size 52.5 KiB, free 3.3 GiB)
26/01/16 13:09:06 INFO SparkContext: Created broadcast 100 from broadcast at TaskSetManager.scala:848
26/01/16 13:09:06 INFO TaskSetManager: Finished task 0.0 in stage 97.0 (TID 100) in 52 ms on 10.139.64.10 (executor 0) (1/1)
26/01/16 13:09:06 INFO TaskSchedulerImpl: Removed TaskSet 97.0 whose tasks have all completed, from pool 1768568637510
26/01/16 13:09:06 INFO DAGScheduler: ResultStage 97 (Spark Connect - session_id: "a9408e72-f784-4414-a94c-48a15c61a2a5"
user_context {
  user_id: "141038968383667"
  user_name: "c0711894@vale.co...) finished in 59 ms
26/01/16 13:09:06 INFO DAGScheduler: Job 97 is finished. Cancelling potential speculative or zombie tasks for this job
26/01/16 13:09:06 INFO TaskSchedulerImpl: Canceling stage 97
26/01/16 13:09:06 INFO TaskSchedulerImpl: Killing all running tasks in stage 97: Stage finished
26/01/16 13:09:06 INFO DAGScheduler: Job 97 finished: Spark Connect - session_id: "a9408e72-f784-4414-a94c-48a15c61a2a5"
user_context {
  user_id: "141038968383667"
  user_name: "c0711894@vale.co..., took 61.889151 ms
26/01/16 13:09:06 WARN DataSource: org.apache.spark.sql.sources.DataSourceRegister: com.google.cloud.spark.bigquery.BigQueryRelationProvider Unable to get public no-arg constructor
26/01/16 13:09:06 INFO DbfsReflectionUtilsImpl: Resolved DBFS path InputUri=/Workspace ResolvedPath=abfss://root@dbstoragekduswqmgjq5rc.dfs.core.windows.net/116288240407984/Workspace
26/01/16 13:09:06 WARN DriverActivityLogging$: No activity context found. Skip logging driver event.
26/01/16 13:09:06 WARN DriverActivityLogging$: No activity context found. Skip logging driver event.
26/01/16 13:09:06 WARN DriverActivityLogging$: No activity context found. Skip logging driver event.
26/01/16 13:09:06 INFO InMemoryFileIndex: Start listing leaf files and directories. Size of Paths: 1; threshold: 32
26/01/16 13:09:06 WARN DriverActivityLogging$: No activity context found. Skip logging driver event.
26/01/16 13:09:06 INFO InMemoryFileIndex: Start listing leaf files and directories. Size of Paths: 0; threshold: 32
26/01/16 13:09:06 INFO InMemoryFileIndex: It took 16 ms to list leaf files for 1 paths.
26/01/16 13:09:06 INFO InMemoryFileIndex: [ES-1349004] 932.6 KiB bytes allocated for InMemoryFileIndex.refresh0
26/01/16 13:09:06 INFO SparkContext: Starting job: Spark Connect - session_id: "a9408e72-f784-4414-a94c-48a15c61a2a5"
user_context {
  user_id: "141038968383667"
  user_name: "c0711894@vale.co...
26/01/16 13:09:06 INFO DAGScheduler: Got job 98 (Spark Connect - session_id: "a9408e72-f784-4414-a94c-48a15c61a2a5"
user_context {
  user_id: "141038968383667"
  user_name: "c0711894@vale.co...) with 1 output partitions
26/01/16 13:09:06 INFO DAGScheduler: Final stage: ResultStage 98 (Spark Connect - session_id: "a9408e72-f784-4414-a94c-48a15c61a2a5"
user_context {
  user_id: "141038968383667"
  user_name: "c0711894@vale.co...)
26/01/16 13:09:06 INFO DAGScheduler: Parents of final stage: List()
26/01/16 13:09:06 INFO DAGScheduler: Missing parents: List()
26/01/16 13:09:06 INFO DAGScheduler: Submitting ResultStage 98 (MapPartitionsRDD[203] at Spark Connect - session_id: "a9408e72-f784-4414-a94c-48a15c61a2a5"
user_context {
  user_id: "141038968383667"
  user_name: "c0711894@vale.co...), which has no missing parents
26/01/16 13:09:06 INFO DAGScheduler: Submitting 1 missing tasks from ResultStage 98 (MapPartitionsRDD[203] at Spark Connect - session_id: "a9408e72-f784-4414-a94c-48a15c61a2a5"
user_context {
  user_id: "141038968383667"
  user_name: "c0711894@vale.co...) (first 15 tasks are for partitions Vector(0))
26/01/16 13:09:06 INFO TaskSchedulerImpl: Adding task set 98.0 with 1 tasks resource profile 0
26/01/16 13:09:06 INFO TaskSetManager: TaskSet 98.0 using PreferredLocationsV1
26/01/16 13:09:06 INFO FairSchedulableBuilder: Added task set TaskSet_98.0 tasks to pool 1768568637510
26/01/16 13:09:06 INFO TaskSetManager: Starting task 0.0 in stage 98.0 (TID 101) (10.139.64.10,executor 0, partition 0, PROCESS_LOCAL, 
26/01/16 13:09:06 INFO MemoryStore: Block broadcast_101 stored as values in memory (estimated size 128.4 KiB, free 3.3 GiB)
26/01/16 13:09:06 INFO MemoryStore: Block broadcast_101_piece0 stored as bytes in memory (estimated size 52.5 KiB, free 3.3 GiB)
26/01/16 13:09:06 INFO SparkContext: Created broadcast 101 from broadcast at TaskSetManager.scala:848
26/01/16 13:09:06 INFO TaskSetManager: Finished task 0.0 in stage 98.0 (TID 101) in 48 ms on 10.139.64.10 (executor 0) (1/1)
26/01/16 13:09:06 INFO TaskSchedulerImpl: Removed TaskSet 98.0 whose tasks have all completed, from pool 1768568637510
26/01/16 13:09:06 INFO DAGScheduler: ResultStage 98 (Spark Connect - session_id: "a9408e72-f784-4414-a94c-48a15c61a2a5"
user_context {
  user_id: "141038968383667"
  user_name: "c0711894@vale.co...) finished in 53 ms
26/01/16 13:09:06 INFO DAGScheduler: Job 98 is finished. Cancelling potential speculative or zombie tasks for this job
26/01/16 13:09:06 INFO TaskSchedulerImpl: Canceling stage 98
26/01/16 13:09:06 INFO TaskSchedulerImpl: Killing all running tasks in stage 98: Stage finished
26/01/16 13:09:06 INFO DAGScheduler: Job 98 finished: Spark Connect - session_id: "a9408e72-f784-4414-a94c-48a15c61a2a5"
user_context {
  user_id: "141038968383667"
  user_name: "c0711894@vale.co..., took 56.927947 ms
26/01/16 13:09:06 WARN DataSource: org.apache.spark.sql.sources.DataSourceRegister: com.google.cloud.spark.bigquery.BigQueryRelationProvider Unable to get public no-arg constructor
26/01/16 13:09:06 INFO DbfsReflectionUtilsImpl: Resolved DBFS path InputUri=/Workspace ResolvedPath=abfss://root@dbstoragekduswqmgjq5rc.dfs.core.windows.net/116288240407984/Workspace
26/01/16 13:09:06 WARN DriverActivityLogging$: No activity context found. Skip logging driver event.
26/01/16 13:09:06 WARN DriverActivityLogging$: No activity context found. Skip logging driver event.
26/01/16 13:09:06 WARN DriverActivityLogging$: No activity context found. Skip logging driver event.
26/01/16 13:09:06 INFO InMemoryFileIndex: Start listing leaf files and directories. Size of Paths: 1; threshold: 32
26/01/16 13:09:06 WARN DriverActivityLogging$: No activity context found. Skip logging driver event.
26/01/16 13:09:06 INFO InMemoryFileIndex: Start listing leaf files and directories. Size of Paths: 0; threshold: 32
26/01/16 13:09:06 INFO InMemoryFileIndex: It took 20 ms to list leaf files for 1 paths.
26/01/16 13:09:06 INFO InMemoryFileIndex: [ES-1349004] 941.1 KiB bytes allocated for InMemoryFileIndex.refresh0
26/01/16 13:09:06 INFO SparkContext: Starting job: Spark Connect - session_id: "a9408e72-f784-4414-a94c-48a15c61a2a5"
user_context {
  user_id: "141038968383667"
  user_name: "c0711894@vale.co...
26/01/16 13:09:06 INFO DAGScheduler: Got job 99 (Spark Connect - session_id: "a9408e72-f784-4414-a94c-48a15c61a2a5"
user_context {
  user_id: "141038968383667"
  user_name: "c0711894@vale.co...) with 1 output partitions
26/01/16 13:09:06 INFO DAGScheduler: Final stage: ResultStage 99 (Spark Connect - session_id: "a9408e72-f784-4414-a94c-48a15c61a2a5"
user_context {
  user_id: "141038968383667"
  user_name: "c0711894@vale.co...)
26/01/16 13:09:06 INFO DAGScheduler: Parents of final stage: List()
26/01/16 13:09:06 INFO DAGScheduler: Missing parents: List()
26/01/16 13:09:06 INFO DAGScheduler: Submitting ResultStage 99 (MapPartitionsRDD[205] at Spark Connect - session_id: "a9408e72-f784-4414-a94c-48a15c61a2a5"
user_context {
  user_id: "141038968383667"
  user_name: "c0711894@vale.co...), which has no missing parents
26/01/16 13:09:06 INFO DAGScheduler: Submitting 1 missing tasks from ResultStage 99 (MapPartitionsRDD[205] at Spark Connect - session_id: "a9408e72-f784-4414-a94c-48a15c61a2a5"
user_context {
  user_id: "141038968383667"
  user_name: "c0711894@vale.co...) (first 15 tasks are for partitions Vector(0))
26/01/16 13:09:06 INFO TaskSchedulerImpl: Adding task set 99.0 with 1 tasks resource profile 0
26/01/16 13:09:06 INFO TaskSetManager: TaskSet 99.0 using PreferredLocationsV1
26/01/16 13:09:06 INFO FairSchedulableBuilder: Added task set TaskSet_99.0 tasks to pool 1768568637510
26/01/16 13:09:06 INFO TaskSetManager: Starting task 0.0 in stage 99.0 (TID 102) (10.139.64.10,executor 0, partition 0, PROCESS_LOCAL, 
26/01/16 13:09:06 INFO MemoryStore: Block broadcast_102 stored as values in memory (estimated size 128.4 KiB, free 3.3 GiB)
26/01/16 13:09:06 INFO MemoryStore: Block broadcast_102_piece0 stored as bytes in memory (estimated size 52.5 KiB, free 3.3 GiB)
26/01/16 13:09:06 INFO SparkContext: Created broadcast 102 from broadcast at TaskSetManager.scala:848
26/01/16 13:09:06 INFO TaskSetManager: Finished task 0.0 in stage 99.0 (TID 102) in 45 ms on 10.139.64.10 (executor 0) (1/1)
26/01/16 13:09:06 INFO TaskSchedulerImpl: Removed TaskSet 99.0 whose tasks have all completed, from pool 1768568637510
26/01/16 13:09:06 INFO DAGScheduler: ResultStage 99 (Spark Connect - session_id: "a9408e72-f784-4414-a94c-48a15c61a2a5"
user_context {
  user_id: "141038968383667"
  user_name: "c0711894@vale.co...) finished in 56 ms
26/01/16 13:09:06 INFO DAGScheduler: Job 99 is finished. Cancelling potential speculative or zombie tasks for this job
26/01/16 13:09:06 INFO TaskSchedulerImpl: Canceling stage 99
26/01/16 13:09:06 INFO TaskSchedulerImpl: Killing all running tasks in stage 99: Stage finished
26/01/16 13:09:06 INFO DAGScheduler: Job 99 finished: Spark Connect - session_id: "a9408e72-f784-4414-a94c-48a15c61a2a5"
user_context {
  user_id: "141038968383667"
  user_name: "c0711894@vale.co..., took 60.17365 ms
26/01/16 13:09:06 WARN DataSource: org.apache.spark.sql.sources.DataSourceRegister: com.google.cloud.spark.bigquery.BigQueryRelationProvider Unable to get public no-arg constructor
26/01/16 13:09:06 INFO DbfsReflectionUtilsImpl: Resolved DBFS path InputUri=/Workspace ResolvedPath=abfss://root@dbstoragekduswqmgjq5rc.dfs.core.windows.net/116288240407984/Workspace
26/01/16 13:09:06 WARN DriverActivityLogging$: No activity context found. Skip logging driver event.
26/01/16 13:09:06 WARN DriverActivityLogging$: No activity context found. Skip logging driver event.
26/01/16 13:09:06 WARN DriverActivityLogging$: No activity context found. Skip logging driver event.
26/01/16 13:09:06 INFO InMemoryFileIndex: Start listing leaf files and directories. Size of Paths: 1; threshold: 32
26/01/16 13:09:06 WARN DriverActivityLogging$: No activity context found. Skip logging driver event.
26/01/16 13:09:06 INFO InMemoryFileIndex: Start listing leaf files and directories. Size of Paths: 0; threshold: 32
26/01/16 13:09:06 INFO InMemoryFileIndex: It took 17 ms to list leaf files for 1 paths.
26/01/16 13:09:06 INFO InMemoryFileIndex: [ES-1349004] 930.6 KiB bytes allocated for InMemoryFileIndex.refresh0
26/01/16 13:09:07 INFO SparkContext: Starting job: Spark Connect - session_id: "a9408e72-f784-4414-a94c-48a15c61a2a5"
user_context {
  user_id: "141038968383667"
  user_name: "c0711894@vale.co...
26/01/16 13:09:07 INFO DAGScheduler: Got job 100 (Spark Connect - session_id: "a9408e72-f784-4414-a94c-48a15c61a2a5"
user_context {
  user_id: "141038968383667"
  user_name: "c0711894@vale.co...) with 1 output partitions
26/01/16 13:09:07 INFO DAGScheduler: Final stage: ResultStage 100 (Spark Connect - session_id: "a9408e72-f784-4414-a94c-48a15c61a2a5"
user_context {
  user_id: "141038968383667"
  user_name: "c0711894@vale.co...)
26/01/16 13:09:07 INFO DAGScheduler: Parents of final stage: List()
26/01/16 13:09:07 INFO DAGScheduler: Missing parents: List()
26/01/16 13:09:07 INFO DAGScheduler: Submitting ResultStage 100 (MapPartitionsRDD[207] at Spark Connect - session_id: "a9408e72-f784-4414-a94c-48a15c61a2a5"
user_context {
  user_id: "141038968383667"
  user_name: "c0711894@vale.co...), which has no missing parents
26/01/16 13:09:07 INFO DAGScheduler: Submitting 1 missing tasks from ResultStage 100 (MapPartitionsRDD[207] at Spark Connect - session_id: "a9408e72-f784-4414-a94c-48a15c61a2a5"
user_context {
  user_id: "141038968383667"
  user_name: "c0711894@vale.co...) (first 15 tasks are for partitions Vector(0))
26/01/16 13:09:07 INFO TaskSchedulerImpl: Adding task set 100.0 with 1 tasks resource profile 0
26/01/16 13:09:07 INFO TaskSetManager: TaskSet 100.0 using PreferredLocationsV1
26/01/16 13:09:07 INFO FairSchedulableBuilder: Added task set TaskSet_100.0 tasks to pool 1768568637510
26/01/16 13:09:07 INFO TaskSetManager: Starting task 0.0 in stage 100.0 (TID 103) (10.139.64.10,executor 0, partition 0, PROCESS_LOCAL, 
26/01/16 13:09:07 INFO MemoryStore: Block broadcast_103 stored as values in memory (estimated size 128.4 KiB, free 3.3 GiB)
26/01/16 13:09:07 INFO MemoryStore: Block broadcast_103_piece0 stored as bytes in memory (estimated size 52.5 KiB, free 3.3 GiB)
26/01/16 13:09:07 INFO SparkContext: Created broadcast 103 from broadcast at TaskSetManager.scala:848
26/01/16 13:09:07 INFO TaskSetManager: Finished task 0.0 in stage 100.0 (TID 103) in 65 ms on 10.139.64.10 (executor 0) (1/1)
26/01/16 13:09:07 INFO TaskSchedulerImpl: Removed TaskSet 100.0 whose tasks have all completed, from pool 1768568637510
26/01/16 13:09:07 INFO DAGScheduler: ResultStage 100 (Spark Connect - session_id: "a9408e72-f784-4414-a94c-48a15c61a2a5"
user_context {
  user_id: "141038968383667"
  user_name: "c0711894@vale.co...) finished in 78 ms
26/01/16 13:09:07 INFO DAGScheduler: Job 100 is finished. Cancelling potential speculative or zombie tasks for this job
26/01/16 13:09:07 INFO TaskSchedulerImpl: Canceling stage 100
26/01/16 13:09:07 INFO TaskSchedulerImpl: Killing all running tasks in stage 100: Stage finished
26/01/16 13:09:07 INFO DAGScheduler: Job 100 finished: Spark Connect - session_id: "a9408e72-f784-4414-a94c-48a15c61a2a5"
user_context {
  user_id: "141038968383667"
  user_name: "c0711894@vale.co..., took 82.472569 ms
26/01/16 13:09:07 WARN DataSource: org.apache.spark.sql.sources.DataSourceRegister: com.google.cloud.spark.bigquery.BigQueryRelationProvider Unable to get public no-arg constructor
26/01/16 13:09:07 INFO DbfsReflectionUtilsImpl: Resolved DBFS path InputUri=/Workspace ResolvedPath=abfss://root@dbstoragekduswqmgjq5rc.dfs.core.windows.net/116288240407984/Workspace
26/01/16 13:09:07 WARN DriverActivityLogging$: No activity context found. Skip logging driver event.
26/01/16 13:09:07 WARN DriverActivityLogging$: No activity context found. Skip logging driver event.
26/01/16 13:09:07 WARN DriverActivityLogging$: No activity context found. Skip logging driver event.
26/01/16 13:09:07 INFO InMemoryFileIndex: Start listing leaf files and directories. Size of Paths: 1; threshold: 32
26/01/16 13:09:07 WARN DriverActivityLogging$: No activity context found. Skip logging driver event.
26/01/16 13:09:07 INFO InMemoryFileIndex: Start listing leaf files and directories. Size of Paths: 0; threshold: 32
26/01/16 13:09:07 INFO InMemoryFileIndex: It took 20 ms to list leaf files for 1 paths.
26/01/16 13:09:07 INFO InMemoryFileIndex: [ES-1349004] 931.8 KiB bytes allocated for InMemoryFileIndex.refresh0
26/01/16 13:09:07 INFO SparkContext: Starting job: Spark Connect - session_id: "a9408e72-f784-4414-a94c-48a15c61a2a5"
user_context {
  user_id: "141038968383667"
  user_name: "c0711894@vale.co...
26/01/16 13:09:07 INFO DAGScheduler: Got job 101 (Spark Connect - session_id: "a9408e72-f784-4414-a94c-48a15c61a2a5"
user_context {
  user_id: "141038968383667"
  user_name: "c0711894@vale.co...) with 1 output partitions
26/01/16 13:09:07 INFO DAGScheduler: Final stage: ResultStage 101 (Spark Connect - session_id: "a9408e72-f784-4414-a94c-48a15c61a2a5"
user_context {
  user_id: "141038968383667"
  user_name: "c0711894@vale.co...)
26/01/16 13:09:07 INFO DAGScheduler: Parents of final stage: List()
26/01/16 13:09:07 INFO DAGScheduler: Missing parents: List()
26/01/16 13:09:07 INFO DAGScheduler: Submitting ResultStage 101 (MapPartitionsRDD[209] at Spark Connect - session_id: "a9408e72-f784-4414-a94c-48a15c61a2a5"
user_context {
  user_id: "141038968383667"
  user_name: "c0711894@vale.co...), which has no missing parents
26/01/16 13:09:07 INFO DAGScheduler: Submitting 1 missing tasks from ResultStage 101 (MapPartitionsRDD[209] at Spark Connect - session_id: "a9408e72-f784-4414-a94c-48a15c61a2a5"
user_context {
  user_id: "141038968383667"
  user_name: "c0711894@vale.co...) (first 15 tasks are for partitions Vector(0))
26/01/16 13:09:07 INFO TaskSchedulerImpl: Adding task set 101.0 with 1 tasks resource profile 0
26/01/16 13:09:07 INFO TaskSetManager: TaskSet 101.0 using PreferredLocationsV1
26/01/16 13:09:07 INFO FairSchedulableBuilder: Added task set TaskSet_101.0 tasks to pool 1768568637510
26/01/16 13:09:07 INFO TaskSetManager: Starting task 0.0 in stage 101.0 (TID 104) (10.139.64.10,executor 0, partition 0, PROCESS_LOCAL, 
26/01/16 13:09:07 INFO MemoryStore: Block broadcast_104 stored as values in memory (estimated size 128.4 KiB, free 3.3 GiB)
26/01/16 13:09:07 INFO MemoryStore: Block broadcast_104_piece0 stored as bytes in memory (estimated size 52.5 KiB, free 3.3 GiB)
26/01/16 13:09:07 INFO SparkContext: Created broadcast 104 from broadcast at TaskSetManager.scala:848
26/01/16 13:09:07 INFO TaskSetManager: Finished task 0.0 in stage 101.0 (TID 104) in 44 ms on 10.139.64.10 (executor 0) (1/1)
26/01/16 13:09:07 INFO TaskSchedulerImpl: Removed TaskSet 101.0 whose tasks have all completed, from pool 1768568637510
26/01/16 13:09:07 INFO DAGScheduler: ResultStage 101 (Spark Connect - session_id: "a9408e72-f784-4414-a94c-48a15c61a2a5"
user_context {
  user_id: "141038968383667"
  user_name: "c0711894@vale.co...) finished in 52 ms
26/01/16 13:09:07 INFO DAGScheduler: Job 101 is finished. Cancelling potential speculative or zombie tasks for this job
26/01/16 13:09:07 INFO TaskSchedulerImpl: Canceling stage 101
26/01/16 13:09:07 INFO TaskSchedulerImpl: Killing all running tasks in stage 101: Stage finished
26/01/16 13:09:07 INFO DAGScheduler: Job 101 finished: Spark Connect - session_id: "a9408e72-f784-4414-a94c-48a15c61a2a5"
user_context {
  user_id: "141038968383667"
  user_name: "c0711894@vale.co..., took 57.942948 ms
26/01/16 13:09:07 WARN DataSource: org.apache.spark.sql.sources.DataSourceRegister: com.google.cloud.spark.bigquery.BigQueryRelationProvider Unable to get public no-arg constructor
26/01/16 13:09:07 INFO DbfsReflectionUtilsImpl: Resolved DBFS path InputUri=/Workspace ResolvedPath=abfss://root@dbstoragekduswqmgjq5rc.dfs.core.windows.net/116288240407984/Workspace
26/01/16 13:09:07 WARN DriverActivityLogging$: No activity context found. Skip logging driver event.
26/01/16 13:09:07 WARN DriverActivityLogging$: No activity context found. Skip logging driver event.
26/01/16 13:09:07 WARN DriverActivityLogging$: No activity context found. Skip logging driver event.
26/01/16 13:09:07 INFO InMemoryFileIndex: Start listing leaf files and directories. Size of Paths: 1; threshold: 32
26/01/16 13:09:07 WARN DriverActivityLogging$: No activity context found. Skip logging driver event.
26/01/16 13:09:07 INFO InMemoryFileIndex: Start listing leaf files and directories. Size of Paths: 0; threshold: 32
26/01/16 13:09:07 INFO InMemoryFileIndex: It took 16 ms to list leaf files for 1 paths.
26/01/16 13:09:07 INFO InMemoryFileIndex: [ES-1349004] 929.5 KiB bytes allocated for InMemoryFileIndex.refresh0
26/01/16 13:09:07 INFO SparkContext: Starting job: Spark Connect - session_id: "a9408e72-f784-4414-a94c-48a15c61a2a5"
user_context {
  user_id: "141038968383667"
  user_name: "c0711894@vale.co...
26/01/16 13:09:07 INFO DAGScheduler: Got job 102 (Spark Connect - session_id: "a9408e72-f784-4414-a94c-48a15c61a2a5"
user_context {
  user_id: "141038968383667"
  user_name: "c0711894@vale.co...) with 1 output partitions
26/01/16 13:09:07 INFO DAGScheduler: Final stage: ResultStage 102 (Spark Connect - session_id: "a9408e72-f784-4414-a94c-48a15c61a2a5"
user_context {
  user_id: "141038968383667"
  user_name: "c0711894@vale.co...)
26/01/16 13:09:07 INFO DAGScheduler: Parents of final stage: List()
26/01/16 13:09:07 INFO DAGScheduler: Missing parents: List()
26/01/16 13:09:07 INFO DAGScheduler: Submitting ResultStage 102 (MapPartitionsRDD[211] at Spark Connect - session_id: "a9408e72-f784-4414-a94c-48a15c61a2a5"
user_context {
  user_id: "141038968383667"
  user_name: "c0711894@vale.co...), which has no missing parents
26/01/16 13:09:07 INFO DAGScheduler: Submitting 1 missing tasks from ResultStage 102 (MapPartitionsRDD[211] at Spark Connect - session_id: "a9408e72-f784-4414-a94c-48a15c61a2a5"
user_context {
  user_id: "141038968383667"
  user_name: "c0711894@vale.co...) (first 15 tasks are for partitions Vector(0))
26/01/16 13:09:07 INFO TaskSchedulerImpl: Adding task set 102.0 with 1 tasks resource profile 0
26/01/16 13:09:07 INFO TaskSetManager: TaskSet 102.0 using PreferredLocationsV1
26/01/16 13:09:07 INFO FairSchedulableBuilder: Added task set TaskSet_102.0 tasks to pool 1768568637510
26/01/16 13:09:07 INFO TaskSetManager: Starting task 0.0 in stage 102.0 (TID 105) (10.139.64.10,executor 0, partition 0, PROCESS_LOCAL, 
26/01/16 13:09:07 INFO MemoryStore: Block broadcast_105 stored as values in memory (estimated size 128.4 KiB, free 3.3 GiB)
26/01/16 13:09:07 INFO MemoryStore: Block broadcast_105_piece0 stored as bytes in memory (estimated size 52.5 KiB, free 3.3 GiB)
26/01/16 13:09:07 INFO SparkContext: Created broadcast 105 from broadcast at TaskSetManager.scala:848
26/01/16 13:09:07 INFO TaskSetManager: Finished task 0.0 in stage 102.0 (TID 105) in 67 ms on 10.139.64.10 (executor 0) (1/1)
26/01/16 13:09:07 INFO TaskSchedulerImpl: Removed TaskSet 102.0 whose tasks have all completed, from pool 1768568637510
26/01/16 13:09:07 INFO DAGScheduler: ResultStage 102 (Spark Connect - session_id: "a9408e72-f784-4414-a94c-48a15c61a2a5"
user_context {
  user_id: "141038968383667"
  user_name: "c0711894@vale.co...) finished in 76 ms
26/01/16 13:09:07 INFO DAGScheduler: Job 102 is finished. Cancelling potential speculative or zombie tasks for this job
26/01/16 13:09:07 INFO TaskSchedulerImpl: Canceling stage 102
26/01/16 13:09:07 INFO TaskSchedulerImpl: Killing all running tasks in stage 102: Stage finished
26/01/16 13:09:07 INFO DAGScheduler: Job 102 finished: Spark Connect - session_id: "a9408e72-f784-4414-a94c-48a15c61a2a5"
user_context {
  user_id: "141038968383667"
  user_name: "c0711894@vale.co..., took 80.362867 ms
26/01/16 13:09:07 WARN DataSource: org.apache.spark.sql.sources.DataSourceRegister: com.google.cloud.spark.bigquery.BigQueryRelationProvider Unable to get public no-arg constructor
26/01/16 13:09:07 INFO DbfsReflectionUtilsImpl: Resolved DBFS path InputUri=/Workspace ResolvedPath=abfss://root@dbstoragekduswqmgjq5rc.dfs.core.windows.net/116288240407984/Workspace
26/01/16 13:09:07 WARN DriverActivityLogging$: No activity context found. Skip logging driver event.
26/01/16 13:09:07 WARN DriverActivityLogging$: No activity context found. Skip logging driver event.
26/01/16 13:09:07 WARN DriverActivityLogging$: No activity context found. Skip logging driver event.
26/01/16 13:09:07 INFO InMemoryFileIndex: Start listing leaf files and directories. Size of Paths: 1; threshold: 32
26/01/16 13:09:07 WARN DriverActivityLogging$: No activity context found. Skip logging driver event.
26/01/16 13:09:07 INFO InMemoryFileIndex: Start listing leaf files and directories. Size of Paths: 0; threshold: 32
26/01/16 13:09:07 INFO InMemoryFileIndex: It took 18 ms to list leaf files for 1 paths.
26/01/16 13:09:07 INFO InMemoryFileIndex: [ES-1349004] 933.5 KiB bytes allocated for InMemoryFileIndex.refresh0
26/01/16 13:09:07 INFO SparkContext: Starting job: Spark Connect - session_id: "a9408e72-f784-4414-a94c-48a15c61a2a5"
user_context {
  user_id: "141038968383667"
  user_name: "c0711894@vale.co...
26/01/16 13:09:07 INFO DAGScheduler: Got job 103 (Spark Connect - session_id: "a9408e72-f784-4414-a94c-48a15c61a2a5"
user_context {
  user_id: "141038968383667"
  user_name: "c0711894@vale.co...) with 1 output partitions
26/01/16 13:09:07 INFO DAGScheduler: Final stage: ResultStage 103 (Spark Connect - session_id: "a9408e72-f784-4414-a94c-48a15c61a2a5"
user_context {
  user_id: "141038968383667"
  user_name: "c0711894@vale.co...)
26/01/16 13:09:07 INFO DAGScheduler: Parents of final stage: List()
26/01/16 13:09:07 INFO DAGScheduler: Missing parents: List()
26/01/16 13:09:07 INFO DAGScheduler: Submitting ResultStage 103 (MapPartitionsRDD[213] at Spark Connect - session_id: "a9408e72-f784-4414-a94c-48a15c61a2a5"
user_context {
  user_id: "141038968383667"
  user_name: "c0711894@vale.co...), which has no missing parents
26/01/16 13:09:07 INFO DAGScheduler: Submitting 1 missing tasks from ResultStage 103 (MapPartitionsRDD[213] at Spark Connect - session_id: "a9408e72-f784-4414-a94c-48a15c61a2a5"
user_context {
  user_id: "141038968383667"
  user_name: "c0711894@vale.co...) (first 15 tasks are for partitions Vector(0))
26/01/16 13:09:07 INFO TaskSchedulerImpl: Adding task set 103.0 with 1 tasks resource profile 0
26/01/16 13:09:07 INFO TaskSetManager: TaskSet 103.0 using PreferredLocationsV1
26/01/16 13:09:07 INFO FairSchedulableBuilder: Added task set TaskSet_103.0 tasks to pool 1768568637510
26/01/16 13:09:07 INFO TaskSetManager: Starting task 0.0 in stage 103.0 (TID 106) (10.139.64.10,executor 0, partition 0, PROCESS_LOCAL, 
26/01/16 13:09:07 INFO MemoryStore: Block broadcast_106 stored as values in memory (estimated size 128.4 KiB, free 3.3 GiB)
26/01/16 13:09:07 INFO MemoryStore: Block broadcast_106_piece0 stored as bytes in memory (estimated size 52.5 KiB, free 3.3 GiB)
26/01/16 13:09:07 INFO SparkContext: Created broadcast 106 from broadcast at TaskSetManager.scala:848
26/01/16 13:09:07 INFO TaskSetManager: Finished task 0.0 in stage 103.0 (TID 106) in 46 ms on 10.139.64.10 (executor 0) (1/1)
26/01/16 13:09:07 INFO TaskSchedulerImpl: Removed TaskSet 103.0 whose tasks have all completed, from pool 1768568637510
26/01/16 13:09:07 INFO DAGScheduler: ResultStage 103 (Spark Connect - session_id: "a9408e72-f784-4414-a94c-48a15c61a2a5"
user_context {
  user_id: "141038968383667"
  user_name: "c0711894@vale.co...) finished in 49 ms
26/01/16 13:09:07 INFO DAGScheduler: Job 103 is finished. Cancelling potential speculative or zombie tasks for this job
26/01/16 13:09:07 INFO TaskSchedulerImpl: Canceling stage 103
26/01/16 13:09:07 INFO TaskSchedulerImpl: Killing all running tasks in stage 103: Stage finished
26/01/16 13:09:07 INFO DAGScheduler: Job 103 finished: Spark Connect - session_id: "a9408e72-f784-4414-a94c-48a15c61a2a5"
user_context {
  user_id: "141038968383667"
  user_name: "c0711894@vale.co..., took 52.930443 ms
26/01/16 13:09:07 WARN DataSource: org.apache.spark.sql.sources.DataSourceRegister: com.google.cloud.spark.bigquery.BigQueryRelationProvider Unable to get public no-arg constructor
26/01/16 13:09:07 INFO DbfsReflectionUtilsImpl: Resolved DBFS path InputUri=/Workspace ResolvedPath=abfss://root@dbstoragekduswqmgjq5rc.dfs.core.windows.net/116288240407984/Workspace
26/01/16 13:09:07 WARN DriverActivityLogging$: No activity context found. Skip logging driver event.
26/01/16 13:09:07 WARN DriverActivityLogging$: No activity context found. Skip logging driver event.
26/01/16 13:09:07 WARN DriverActivityLogging$: No activity context found. Skip logging driver event.
26/01/16 13:09:07 INFO InMemoryFileIndex: Start listing leaf files and directories. Size of Paths: 1; threshold: 32
26/01/16 13:09:07 WARN DriverActivityLogging$: No activity context found. Skip logging driver event.
26/01/16 13:09:07 INFO InMemoryFileIndex: Start listing leaf files and directories. Size of Paths: 0; threshold: 32
26/01/16 13:09:07 INFO InMemoryFileIndex: It took 17 ms to list leaf files for 1 paths.
26/01/16 13:09:07 INFO InMemoryFileIndex: [ES-1349004] 932.4 KiB bytes allocated for InMemoryFileIndex.refresh0
26/01/16 13:09:07 INFO SparkContext: Starting job: Spark Connect - session_id: "a9408e72-f784-4414-a94c-48a15c61a2a5"
user_context {
  user_id: "141038968383667"
  user_name: "c0711894@vale.co...
26/01/16 13:09:07 INFO DAGScheduler: Got job 104 (Spark Connect - session_id: "a9408e72-f784-4414-a94c-48a15c61a2a5"
user_context {
  user_id: "141038968383667"
  user_name: "c0711894@vale.co...) with 1 output partitions
26/01/16 13:09:07 INFO DAGScheduler: Final stage: ResultStage 104 (Spark Connect - session_id: "a9408e72-f784-4414-a94c-48a15c61a2a5"
user_context {
  user_id: "141038968383667"
  user_name: "c0711894@vale.co...)
26/01/16 13:09:07 INFO DAGScheduler: Parents of final stage: List()
26/01/16 13:09:07 INFO DAGScheduler: Missing parents: List()
26/01/16 13:09:07 INFO DAGScheduler: Submitting ResultStage 104 (MapPartitionsRDD[215] at Spark Connect - session_id: "a9408e72-f784-4414-a94c-48a15c61a2a5"
user_context {
  user_id: "141038968383667"
  user_name: "c0711894@vale.co...), which has no missing parents
26/01/16 13:09:07 INFO DAGScheduler: Submitting 1 missing tasks from ResultStage 104 (MapPartitionsRDD[215] at Spark Connect - session_id: "a9408e72-f784-4414-a94c-48a15c61a2a5"
user_context {
  user_id: "141038968383667"
  user_name: "c0711894@vale.co...) (first 15 tasks are for partitions Vector(0))
26/01/16 13:09:07 INFO TaskSchedulerImpl: Adding task set 104.0 with 1 tasks resource profile 0
26/01/16 13:09:07 INFO TaskSetManager: TaskSet 104.0 using PreferredLocationsV1
26/01/16 13:09:07 WARN FairSchedulableBuilder: A job was submitted with scheduler pool 1768568637510, which has not been configured. This can happen when the file that pools are read from isn't set, or when that file doesn't contain 1768568637510. Created 1768568637510 with default configuration (schedulingMode: FIFO, minShare: 0, weight: 1
26/01/16 13:09:07 INFO FairSchedulableBuilder: Added task set TaskSet_104.0 tasks to pool 1768568637510
26/01/16 13:09:07 INFO TaskSetManager: Starting task 0.0 in stage 104.0 (TID 107) (10.139.64.10,executor 0, partition 0, PROCESS_LOCAL, 
26/01/16 13:09:07 INFO MemoryStore: Block broadcast_107 stored as values in memory (estimated size 128.4 KiB, free 3.3 GiB)
26/01/16 13:09:07 INFO MemoryStore: Block broadcast_107_piece0 stored as bytes in memory (estimated size 52.5 KiB, free 3.3 GiB)
26/01/16 13:09:07 INFO SparkContext: Created broadcast 107 from broadcast at TaskSetManager.scala:848
26/01/16 13:09:07 INFO TaskSetManager: Finished task 0.0 in stage 104.0 (TID 107) in 53 ms on 10.139.64.10 (executor 0) (1/1)
26/01/16 13:09:07 INFO TaskSchedulerImpl: Removed TaskSet 104.0 whose tasks have all completed, from pool 1768568637510
26/01/16 13:09:07 INFO DAGScheduler: ResultStage 104 (Spark Connect - session_id: "a9408e72-f784-4414-a94c-48a15c61a2a5"
user_context {
  user_id: "141038968383667"
  user_name: "c0711894@vale.co...) finished in 58 ms
26/01/16 13:09:07 INFO DAGScheduler: Job 104 is finished. Cancelling potential speculative or zombie tasks for this job
26/01/16 13:09:07 INFO TaskSchedulerImpl: Canceling stage 104
26/01/16 13:09:07 INFO TaskSchedulerImpl: Killing all running tasks in stage 104: Stage finished
26/01/16 13:09:07 INFO DAGScheduler: Job 104 finished: Spark Connect - session_id: "a9408e72-f784-4414-a94c-48a15c61a2a5"
user_context {
  user_id: "141038968383667"
  user_name: "c0711894@vale.co..., took 61.422551 ms
26/01/16 13:09:07 WARN DataSource: org.apache.spark.sql.sources.DataSourceRegister: com.google.cloud.spark.bigquery.BigQueryRelationProvider Unable to get public no-arg constructor
26/01/16 13:09:07 INFO DbfsReflectionUtilsImpl: Resolved DBFS path InputUri=/Workspace ResolvedPath=abfss://root@dbstoragekduswqmgjq5rc.dfs.core.windows.net/116288240407984/Workspace
26/01/16 13:09:07 WARN DriverActivityLogging$: No activity context found. Skip logging driver event.
26/01/16 13:09:07 WARN DriverActivityLogging$: No activity context found. Skip logging driver event.
26/01/16 13:09:07 WARN DriverActivityLogging$: No activity context found. Skip logging driver event.
26/01/16 13:09:07 INFO InMemoryFileIndex: Start listing leaf files and directories. Size of Paths: 1; threshold: 32
26/01/16 13:09:07 WARN DriverActivityLogging$: No activity context found. Skip logging driver event.
26/01/16 13:09:07 INFO InMemoryFileIndex: Start listing leaf files and directories. Size of Paths: 0; threshold: 32
26/01/16 13:09:07 INFO InMemoryFileIndex: It took 15 ms to list leaf files for 1 paths.
26/01/16 13:09:07 INFO InMemoryFileIndex: [ES-1349004] 933.1 KiB bytes allocated for InMemoryFileIndex.refresh0
26/01/16 13:09:07 INFO SparkContext: Starting job: Spark Connect - session_id: "a9408e72-f784-4414-a94c-48a15c61a2a5"
user_context {
  user_id: "141038968383667"
  user_name: "c0711894@vale.co...
26/01/16 13:09:07 INFO DAGScheduler: Got job 105 (Spark Connect - session_id: "a9408e72-f784-4414-a94c-48a15c61a2a5"
user_context {
  user_id: "141038968383667"
  user_name: "c0711894@vale.co...) with 1 output partitions
26/01/16 13:09:07 INFO DAGScheduler: Final stage: ResultStage 105 (Spark Connect - session_id: "a9408e72-f784-4414-a94c-48a15c61a2a5"
user_context {
  user_id: "141038968383667"
  user_name: "c0711894@vale.co...)
26/01/16 13:09:07 INFO DAGScheduler: Parents of final stage: List()
26/01/16 13:09:07 INFO DAGScheduler: Missing parents: List()
26/01/16 13:09:07 INFO DAGScheduler: Submitting ResultStage 105 (MapPartitionsRDD[217] at Spark Connect - session_id: "a9408e72-f784-4414-a94c-48a15c61a2a5"
user_context {
  user_id: "141038968383667"
  user_name: "c0711894@vale.co...), which has no missing parents
26/01/16 13:09:07 INFO DAGScheduler: Submitting 1 missing tasks from ResultStage 105 (MapPartitionsRDD[217] at Spark Connect - session_id: "a9408e72-f784-4414-a94c-48a15c61a2a5"
user_context {
  user_id: "141038968383667"
  user_name: "c0711894@vale.co...) (first 15 tasks are for partitions Vector(0))
26/01/16 13:09:07 INFO TaskSchedulerImpl: Adding task set 105.0 with 1 tasks resource profile 0
26/01/16 13:09:07 INFO TaskSetManager: TaskSet 105.0 using PreferredLocationsV1
26/01/16 13:09:07 INFO FairSchedulableBuilder: Added task set TaskSet_105.0 tasks to pool 1768568637510
26/01/16 13:09:07 INFO TaskSetManager: Starting task 0.0 in stage 105.0 (TID 108) (10.139.64.10,executor 0, partition 0, PROCESS_LOCAL, 
26/01/16 13:09:07 INFO MemoryStore: Block broadcast_108 stored as values in memory (estimated size 128.4 KiB, free 3.3 GiB)
26/01/16 13:09:07 INFO MemoryStore: Block broadcast_108_piece0 stored as bytes in memory (estimated size 52.5 KiB, free 3.3 GiB)
26/01/16 13:09:07 INFO SparkContext: Created broadcast 108 from broadcast at TaskSetManager.scala:848
26/01/16 13:09:07 INFO TaskSetManager: Finished task 0.0 in stage 105.0 (TID 108) in 46 ms on 10.139.64.10 (executor 0) (1/1)
26/01/16 13:09:07 INFO TaskSchedulerImpl: Removed TaskSet 105.0 whose tasks have all completed, from pool 1768568637510
26/01/16 13:09:07 INFO DAGScheduler: ResultStage 105 (Spark Connect - session_id: "a9408e72-f784-4414-a94c-48a15c61a2a5"
user_context {
  user_id: "141038968383667"
  user_name: "c0711894@vale.co...) finished in 51 ms
26/01/16 13:09:07 INFO DAGScheduler: Job 105 is finished. Cancelling potential speculative or zombie tasks for this job
26/01/16 13:09:07 INFO TaskSchedulerImpl: Canceling stage 105
26/01/16 13:09:07 INFO TaskSchedulerImpl: Killing all running tasks in stage 105: Stage finished
26/01/16 13:09:07 INFO DAGScheduler: Job 105 finished: Spark Connect - session_id: "a9408e72-f784-4414-a94c-48a15c61a2a5"
user_context {
  user_id: "141038968383667"
  user_name: "c0711894@vale.co..., took 57.219147 ms
26/01/16 13:09:07 WARN DataSource: org.apache.spark.sql.sources.DataSourceRegister: com.google.cloud.spark.bigquery.BigQueryRelationProvider Unable to get public no-arg constructor
26/01/16 13:09:07 INFO DbfsReflectionUtilsImpl: Resolved DBFS path InputUri=/Workspace ResolvedPath=abfss://root@dbstoragekduswqmgjq5rc.dfs.core.windows.net/116288240407984/Workspace
26/01/16 13:09:07 WARN DriverActivityLogging$: No activity context found. Skip logging driver event.
26/01/16 13:09:07 WARN DriverActivityLogging$: No activity context found. Skip logging driver event.
26/01/16 13:09:07 WARN DriverActivityLogging$: No activity context found. Skip logging driver event.
26/01/16 13:09:07 INFO InMemoryFileIndex: Start listing leaf files and directories. Size of Paths: 1; threshold: 32
26/01/16 13:09:07 WARN DriverActivityLogging$: No activity context found. Skip logging driver event.
26/01/16 13:09:07 INFO InMemoryFileIndex: Start listing leaf files and directories. Size of Paths: 0; threshold: 32
26/01/16 13:09:07 INFO InMemoryFileIndex: It took 17 ms to list leaf files for 1 paths.
26/01/16 13:09:07 INFO InMemoryFileIndex: [ES-1349004] 932.3 KiB bytes allocated for InMemoryFileIndex.refresh0
26/01/16 13:09:07 INFO SparkContext: Starting job: Spark Connect - session_id: "a9408e72-f784-4414-a94c-48a15c61a2a5"
user_context {
  user_id: "141038968383667"
  user_name: "c0711894@vale.co...
26/01/16 13:09:07 INFO DAGScheduler: Got job 106 (Spark Connect - session_id: "a9408e72-f784-4414-a94c-48a15c61a2a5"
user_context {
  user_id: "141038968383667"
  user_name: "c0711894@vale.co...) with 1 output partitions
26/01/16 13:09:07 INFO DAGScheduler: Final stage: ResultStage 106 (Spark Connect - session_id: "a9408e72-f784-4414-a94c-48a15c61a2a5"
user_context {
  user_id: "141038968383667"
  user_name: "c0711894@vale.co...)
26/01/16 13:09:07 INFO DAGScheduler: Parents of final stage: List()
26/01/16 13:09:07 INFO DAGScheduler: Missing parents: List()
26/01/16 13:09:07 INFO LogInterceptor: RPC spark.connect.SparkConnectService/ExecutePlan (116612358) [ExecutePlanResponse]: sessionId: a9408e72-f784-4414-a94c-48a15c61a2a5, serverSideSessionId: 26b20359-cf6e-401c-83bf-84c101c974f2, operationId: 39147498-2835-4eec-9c32-a9a79e74ca90, responseId: e848c7de-52b2-4e32-b1fa-a0f566e207ea
26/01/16 13:09:07 INFO DAGScheduler: Submitting ResultStage 106 (MapPartitionsRDD[219] at Spark Connect - session_id: "a9408e72-f784-4414-a94c-48a15c61a2a5"
user_context {
  user_id: "141038968383667"
  user_name: "c0711894@vale.co...), which has no missing parents
26/01/16 13:09:07 INFO LogInterceptor: RPC spark.connect.SparkConnectService/ExecutePlan (116612358) [ExecutePlanResponse]: sessionId: a9408e72-f784-4414-a94c-48a15c61a2a5, serverSideSessionId: 26b20359-cf6e-401c-83bf-84c101c974f2, operationId: 39147498-2835-4eec-9c32-a9a79e74ca90, responseId: 5e7e2251-24e5-4c6f-a5eb-e88ccd9e7764
26/01/16 13:09:07 INFO DAGScheduler: Submitting 1 missing tasks from ResultStage 106 (MapPartitionsRDD[219] at Spark Connect - session_id: "a9408e72-f784-4414-a94c-48a15c61a2a5"
user_context {
  user_id: "141038968383667"
  user_name: "c0711894@vale.co...) (first 15 tasks are for partitions Vector(0))
26/01/16 13:09:07 INFO TaskSchedulerImpl: Adding task set 106.0 with 1 tasks resource profile 0
26/01/16 13:09:07 INFO TaskSetManager: TaskSet 106.0 using PreferredLocationsV1
26/01/16 13:09:07 INFO FairSchedulableBuilder: Added task set TaskSet_106.0 tasks to pool 1768568637510
26/01/16 13:09:07 INFO TaskSetManager: Starting task 0.0 in stage 106.0 (TID 109) (10.139.64.10,executor 0, partition 0, PROCESS_LOCAL, 
26/01/16 13:09:07 INFO MemoryStore: Block broadcast_109 stored as values in memory (estimated size 128.4 KiB, free 3.3 GiB)
26/01/16 13:09:07 INFO MemoryStore: Block broadcast_109_piece0 stored as bytes in memory (estimated size 52.5 KiB, free 3.3 GiB)
26/01/16 13:09:07 INFO SparkContext: Created broadcast 109 from broadcast at TaskSetManager.scala:848
26/01/16 13:09:07 INFO TaskSetManager: Finished task 0.0 in stage 106.0 (TID 109) in 43 ms on 10.139.64.10 (executor 0) (1/1)
26/01/16 13:09:07 INFO TaskSchedulerImpl: Removed TaskSet 106.0 whose tasks have all completed, from pool 1768568637510
26/01/16 13:09:07 INFO DAGScheduler: ResultStage 106 (Spark Connect - session_id: "a9408e72-f784-4414-a94c-48a15c61a2a5"
user_context {
  user_id: "141038968383667"
  user_name: "c0711894@vale.co...) finished in 49 ms
26/01/16 13:09:07 INFO DAGScheduler: Job 106 is finished. Cancelling potential speculative or zombie tasks for this job
26/01/16 13:09:07 INFO TaskSchedulerImpl: Canceling stage 106
26/01/16 13:09:07 INFO TaskSchedulerImpl: Killing all running tasks in stage 106: Stage finished
26/01/16 13:09:07 INFO DAGScheduler: Job 106 finished: Spark Connect - session_id: "a9408e72-f784-4414-a94c-48a15c61a2a5"
user_context {
  user_id: "141038968383667"
  user_name: "c0711894@vale.co..., took 54.696345 ms
26/01/16 13:09:08 INFO HiveUnityCatalogCheckRule: Collecting SQL actions took 2.711502 ms.
26/01/16 13:09:08 INFO DbfsReflectionUtilsImpl: Resolved DBFS path InputUri=/Workspace ResolvedPath=abfss://root@dbstoragekduswqmgjq5rc.dfs.core.windows.net/116288240407984/Workspace
26/01/16 13:09:08 INFO HiveCheckPermissions: Computed permissions to check in 7.647906 milliseconds
26/01/16 13:09:08 INFO HiveCheckPermissions: Checking all permissions took 7.733406 milliseconds
26/01/16 13:09:08 INFO QueryPlanningTracker: Query phase analysis took 6s before execution.
26/01/16 13:09:08 INFO LogInterceptor: RPC spark.connect.SparkConnectService/ExecutePlan (116612358) [ExecutePlanResponse]: sessionId: a9408e72-f784-4414-a94c-48a15c61a2a5, serverSideSessionId: 26b20359-cf6e-401c-83bf-84c101c974f2, operationId: 39147498-2835-4eec-9c32-a9a79e74ca90, responseId: 7be1ef4a-7d2d-40ca-899f-8ec0eeb552e7
26/01/16 13:09:08 INFO LogInterceptor: RPC spark.connect.SparkConnectService/ExecutePlan (116612358) [ExecutePlanResponse]: sessionId: a9408e72-f784-4414-a94c-48a15c61a2a5, serverSideSessionId: 26b20359-cf6e-401c-83bf-84c101c974f2, operationId: 39147498-2835-4eec-9c32-a9a79e74ca90, responseId: d1ab1f9f-c023-4f88-be2d-fe25d2d0781e
26/01/16 13:09:08 INFO LogInterceptor: RPC spark.connect.SparkConnectService/ExecutePlan (116612358) [ExecutePlanResponse]: sessionId: a9408e72-f784-4414-a94c-48a15c61a2a5, serverSideSessionId: 26b20359-cf6e-401c-83bf-84c101c974f2, operationId: 39147498-2835-4eec-9c32-a9a79e74ca90, responseId: 94e30897-1dc1-4246-9376-edc59a34ff80
26/01/16 13:09:08 INFO QueryAnalyzedPlanSizeLogger$: Total number of expressions in the analyzed plan: 674, computed in 0 ms.
26/01/16 13:09:08 INFO QueryPlanningTracker: Query phase analysis took 0s before execution.
26/01/16 13:09:08 INFO QueryPlanningTracker: Query phase optimization took 0s before execution.
26/01/16 13:09:08 INFO QueryPlanningTracker: Query phase planning took 0s before execution.
26/01/16 13:09:08 INFO QueryPlanningTracker: Query phase planning took 0s before execution.
26/01/16 13:09:08 INFO ClusterLoadMonitor: Added query with execution ID:4. Current active queries:1
26/01/16 13:09:08 INFO ClusterLoadAvgHelper: Current cluster load: 1, Old Ema: 0.0, New Ema: 1.0 
26/01/16 13:09:09 INFO QueryPlanningTracker: Query phase planning took 0s before execution.
26/01/16 13:09:09 INFO QueryPlanningTracker: Query phase planning took 0s before execution.
26/01/16 13:09:09 INFO QueryPlanningTracker: Query phase planning took 0s before execution.
26/01/16 13:09:09 INFO QueryPlanningTracker: Query phase planning took 0s before execution.
26/01/16 13:09:09 INFO QueryPlanningTracker: Query phase planning took 0s before execution.
26/01/16 13:09:09 INFO QueryPlanningTracker: Query phase planning took 0s before execution.
26/01/16 13:09:09 INFO QueryPlanningTracker: Query phase planning took 0s before execution.
26/01/16 13:09:09 INFO QueryPlanningTracker: Query phase planning took 0s before execution.
26/01/16 13:09:09 INFO QueryPlanningTracker: Query phase planning took 0s before execution.
26/01/16 13:09:09 INFO QueryPlanningTracker: Query phase planning took 0s before execution.
26/01/16 13:09:09 INFO QueryPlanningTracker: Query phase planning took 0s before execution.
26/01/16 13:09:09 INFO QueryPlanningTracker: Query phase planning took 0s before execution.
26/01/16 13:09:09 INFO QueryPlanningTracker: Query phase planning took 0s before execution.
26/01/16 13:09:09 INFO QueryPlanningTracker: Query phase planning took 0s before execution.
26/01/16 13:09:09 INFO QueryPlanningTracker: Query phase planning took 0s before execution.
26/01/16 13:09:09 INFO QueryPlanningTracker: Query phase planning took 0s before execution.
26/01/16 13:09:09 INFO QueryPlanningTracker: Query phase planning took 0s before execution.
26/01/16 13:09:09 INFO QueryPlanningTracker: Query phase planning took 0s before execution.
26/01/16 13:09:09 INFO QueryPlanningTracker: Query phase planning took 0s before execution.
26/01/16 13:09:09 INFO QueryPlanningTracker: Query phase planning took 0s before execution.
26/01/16 13:09:09 INFO QueryPlanningTracker: Query phase planning took 0s before execution.
26/01/16 13:09:09 INFO QueryPlanningTracker: Query phase planning took 0s before execution.
26/01/16 13:09:09 INFO QueryPlanningTracker: Query phase planning took 0s before execution.
26/01/16 13:09:09 INFO QueryPlanningTracker: Query phase planning took 0s before execution.
26/01/16 13:09:09 INFO QueryPlanningTracker: Query phase planning took 0s before execution.
26/01/16 13:09:09 INFO QueryPlanningTracker: Query phase planning took 0s before execution.
26/01/16 13:09:09 INFO QueryPlanningTracker: Query phase planning took 0s before execution.
26/01/16 13:09:09 INFO QueryPlanningTracker: Query phase planning took 0s before execution.
26/01/16 13:09:09 INFO QueryPlanningTracker: Query phase planning took 0s before execution.
26/01/16 13:09:09 INFO QueryPlanningTracker: Query phase planning took 0s before execution.
26/01/16 13:09:09 INFO QueryPlanningTracker: Query phase planning took 0s before execution.
26/01/16 13:09:09 INFO QueryPlanningTracker: Query phase planning took 0s before execution.
26/01/16 13:09:09 INFO QueryPlanningTracker: Query phase planning took 0s before execution.
26/01/16 13:09:09 INFO QueryPlanningTracker: Query phase planning took 0s before execution.
26/01/16 13:09:09 INFO QueryPlanningTracker: Query phase planning took 0s before execution.
26/01/16 13:09:09 INFO QueryPlanningTracker: Query phase planning took 0s before execution.
26/01/16 13:09:09 INFO QueryPlanningTracker: Query phase planning took 0s before execution.
26/01/16 13:09:09 INFO QueryPlanningTracker: Query phase planning took 0s before execution.
26/01/16 13:09:09 INFO QueryPlanningTracker: Query phase planning took 0s before execution.
26/01/16 13:09:09 INFO QueryPlanningTracker: Query phase planning took 0s before execution.
26/01/16 13:09:09 INFO QueryPlanningTracker: Query phase planning took 0s before execution.
26/01/16 13:09:09 INFO QueryPlanningTracker: Query phase planning took 0s before execution.
26/01/16 13:09:09 INFO QueryPlanningTracker: Query phase planning took 0s before execution.
26/01/16 13:09:09 INFO QueryPlanningTracker: Query phase planning took 0s before execution.
26/01/16 13:09:09 INFO QueryPlanningTracker: Query phase planning took 0s before execution.
26/01/16 13:09:09 INFO QueryPlanningTracker: Query phase planning took 0s before execution.
26/01/16 13:09:09 INFO QueryPlanningTracker: Query phase planning took 0s before execution.
26/01/16 13:09:09 INFO QueryPlanningTracker: Query phase planning took 0s before execution.
26/01/16 13:09:09 INFO QueryPlanningTracker: Query phase planning took 0s before execution.
26/01/16 13:09:09 INFO QueryPlanningTracker: Query phase planning took 0s before execution.
26/01/16 13:09:09 INFO QueryPlanningTracker: Query phase planning took 0s before execution.
26/01/16 13:09:09 INFO QueryPlanningTracker: Query phase planning took 0s before execution.
26/01/16 13:09:09 INFO QueryPlanningTracker: Query phase planning took 0s before execution.
26/01/16 13:09:09 INFO QueryPlanningTracker: Query phase planning took 0s before execution.
26/01/16 13:09:09 INFO QueryPlanningTracker: Query phase planning took 0s before execution.
26/01/16 13:09:09 INFO QueryPlanningTracker: Query phase planning took 0s before execution.
26/01/16 13:09:09 INFO QueryPlanningTracker: Query phase planning took 0s before execution.
26/01/16 13:09:09 INFO QueryPlanningTracker: Query phase planning took 0s before execution.
26/01/16 13:09:09 INFO QueryPlanningTracker: Query phase planning took 0s before execution.
26/01/16 13:09:09 INFO QueryPlanningTracker: Query phase planning took 0s before execution.
26/01/16 13:09:09 INFO QueryPlanningTracker: Query phase planning took 0s before execution.
26/01/16 13:09:09 INFO QueryPlanningTracker: Query phase planning took 0s before execution.
26/01/16 13:09:09 INFO QueryPlanningTracker: Query phase planning took 0s before execution.
26/01/16 13:09:09 INFO QueryPlanningTracker: Query phase planning took 0s before execution.
26/01/16 13:09:09 INFO CodeGenerator: Code generated in 51.595043 ms
26/01/16 13:09:09 INFO CodeGenerator: Code generated in 48.957441 ms
26/01/16 13:09:09 INFO CodeGenerator: Code generated in 55.459846 ms
26/01/16 13:09:09 INFO CodeGenerator: Code generated in 54.912746 ms
26/01/16 13:09:09 INFO CodeGenerator: Code generated in 65.610454 ms
26/01/16 13:09:09 INFO CodeGenerator: Code generated in 73.12016 ms
26/01/16 13:09:09 INFO CodeGenerator: Code generated in 79.860466 ms
26/01/16 13:09:09 INFO CodeGenerator: Code generated in 59.83815 ms
26/01/16 13:09:09 INFO CodeGenerator: Code generated in 41.705134 ms
26/01/16 13:09:09 INFO MemoryStore: Block broadcast_110 stored as values in memory (estimated size 325.0 KiB, free 3.3 GiB)
26/01/16 13:09:09 INFO MemoryStore: Block broadcast_111 stored as values in memory (estimated size 325.0 KiB, free 3.3 GiB)
26/01/16 13:09:09 INFO MemoryStore: Block broadcast_114 stored as values in memory (estimated size 325.0 KiB, free 3.3 GiB)
26/01/16 13:09:09 INFO MemoryStore: Block broadcast_116 stored as values in memory (estimated size 325.0 KiB, free 3.3 GiB)
26/01/16 13:09:09 INFO MemoryStore: Block broadcast_113 stored as values in memory (estimated size 325.0 KiB, free 3.3 GiB)
26/01/16 13:09:09 INFO MemoryStore: Block broadcast_110_piece0 stored as bytes in memory (estimated size 27.3 KiB, free 3.3 GiB)
26/01/16 13:09:09 INFO MemoryStore: Block broadcast_111_piece0 stored as bytes in memory (estimated size 27.3 KiB, free 3.3 GiB)
26/01/16 13:09:09 INFO MemoryStore: Block broadcast_113_piece0 stored as bytes in memory (estimated size 27.3 KiB, free 3.3 GiB)
26/01/16 13:09:09 INFO SparkContext: Created broadcast 110 from Spark Connect - session_id: "a9408e72-f784-4414-a94c-48a15c61a2a5"
user_context {
  user_id: "141038968383667"
  user_name: "c0711894@vale.co...
26/01/16 13:09:09 INFO SparkContext: Created broadcast 111 from Spark Connect - session_id: "a9408e72-f784-4414-a94c-48a15c61a2a5"
user_context {
  user_id: "141038968383667"
  user_name: "c0711894@vale.co...
26/01/16 13:09:09 INFO SparkContext: Created broadcast 113 from Spark Connect - session_id: "a9408e72-f784-4414-a94c-48a15c61a2a5"
user_context {
  user_id: "141038968383667"
  user_name: "c0711894@vale.co...
26/01/16 13:09:09 INFO MemoryStore: Block broadcast_116_piece0 stored as bytes in memory (estimated size 27.3 KiB, free 3.3 GiB)
26/01/16 13:09:09 INFO MemoryStore: Block broadcast_112 stored as values in memory (estimated size 325.0 KiB, free 3.3 GiB)
26/01/16 13:09:09 INFO SparkContext: Created broadcast 116 from Spark Connect - session_id: "a9408e72-f784-4414-a94c-48a15c61a2a5"
user_context {
  user_id: "141038968383667"
  user_name: "c0711894@vale.co...
26/01/16 13:09:09 INFO MemoryStore: Block broadcast_112_piece0 stored as bytes in memory (estimated size 27.3 KiB, free 3.3 GiB)
26/01/16 13:09:09 INFO MemoryStore: Block broadcast_115 stored as values in memory (estimated size 325.0 KiB, free 3.3 GiB)
26/01/16 13:09:09 INFO MemoryStore: Block broadcast_114_piece0 stored as bytes in memory (estimated size 27.3 KiB, free 3.3 GiB)
26/01/16 13:09:09 INFO MemoryStore: Block broadcast_115_piece0 stored as bytes in memory (estimated size 27.3 KiB, free 3.3 GiB)
26/01/16 13:09:09 INFO SparkContext: Created broadcast 114 from Spark Connect - session_id: "a9408e72-f784-4414-a94c-48a15c61a2a5"
user_context {
  user_id: "141038968383667"
  user_name: "c0711894@vale.co...
26/01/16 13:09:09 INFO SparkContext: Created broadcast 112 from Spark Connect - session_id: "a9408e72-f784-4414-a94c-48a15c61a2a5"
user_context {
  user_id: "141038968383667"
  user_name: "c0711894@vale.co...
26/01/16 13:09:09 INFO MemoryStore: Block broadcast_117 stored as values in memory (estimated size 325.0 KiB, free 3.3 GiB)
26/01/16 13:09:09 INFO MemoryStore: Block broadcast_118 stored as values in memory (estimated size 325.0 KiB, free 3.3 GiB)
26/01/16 13:09:09 INFO SparkContext: Created broadcast 115 from Spark Connect - session_id: "a9408e72-f784-4414-a94c-48a15c61a2a5"
user_context {
  user_id: "141038968383667"
  user_name: "c0711894@vale.co...
26/01/16 13:09:09 INFO MemoryStore: Block broadcast_117_piece0 stored as bytes in memory (estimated size 27.3 KiB, free 3.3 GiB)
26/01/16 13:09:09 INFO CodeGenerator: Code generated in 23.80742 ms
26/01/16 13:09:09 INFO MemoryStore: Block broadcast_118_piece0 stored as bytes in memory (estimated size 27.3 KiB, free 3.3 GiB)
26/01/16 13:09:09 INFO CodeGenerator: Code generated in 99.395082 ms
26/01/16 13:09:09 INFO SparkContext: Created broadcast 117 from Spark Connect - session_id: "a9408e72-f784-4414-a94c-48a15c61a2a5"
user_context {
  user_id: "141038968383667"
  user_name: "c0711894@vale.co...
26/01/16 13:09:09 INFO CodeGenerator: Code generated in 188.505256 ms
26/01/16 13:09:09 INFO SparkContext: Created broadcast 118 from Spark Connect - session_id: "a9408e72-f784-4414-a94c-48a15c61a2a5"
user_context {
  user_id: "141038968383667"
  user_name: "c0711894@vale.co...
26/01/16 13:09:09 INFO MemoryStore: Block broadcast_119 stored as values in memory (estimated size 325.0 KiB, free 3.3 GiB)
26/01/16 13:09:09 INFO CodeGenerator: Code generated in 163.742636 ms
26/01/16 13:09:09 INFO CodeGenerator: Code generated in 162.607635 ms
26/01/16 13:09:09 INFO CodeGenerator: Code generated in 110.709892 ms
26/01/16 13:09:09 INFO CodeGenerator: Code generated in 132.137409 ms
26/01/16 13:09:09 INFO CodeGenerator: Code generated in 132.27411 ms
26/01/16 13:09:09 INFO MemoryStore: Block broadcast_121 stored as values in memory (estimated size 325.0 KiB, free 3.3 GiB)
26/01/16 13:09:09 INFO MemoryStore: Block broadcast_121_piece0 stored as bytes in memory (estimated size 27.5 KiB, free 3.3 GiB)
26/01/16 13:09:09 INFO MemoryStore: Block broadcast_122 stored as values in memory (estimated size 325.0 KiB, free 3.3 GiB)
26/01/16 13:09:09 INFO MemoryStore: Block broadcast_120 stored as values in memory (estimated size 325.0 KiB, free 3.3 GiB)
26/01/16 13:09:09 INFO MemoryStore: Block broadcast_122_piece0 stored as bytes in memory (estimated size 27.5 KiB, free 3.3 GiB)
26/01/16 13:09:09 INFO CodeGenerator: Code generated in 148.674223 ms
26/01/16 13:09:09 INFO SparkContext: Created broadcast 121 from Spark Connect - session_id: "a9408e72-f784-4414-a94c-48a15c61a2a5"
user_context {
  user_id: "141038968383667"
  user_name: "c0711894@vale.co...
26/01/16 13:09:09 INFO SparkContext: Created broadcast 122 from Spark Connect - session_id: "a9408e72-f784-4414-a94c-48a15c61a2a5"
user_context {
  user_id: "141038968383667"
  user_name: "c0711894@vale.co...
26/01/16 13:09:09 INFO MemoryStore: Block broadcast_124 stored as values in memory (estimated size 325.0 KiB, free 3.3 GiB)
26/01/16 13:09:09 INFO MemoryStore: Block broadcast_124_piece0 stored as bytes in memory (estimated size 27.3 KiB, free 3.3 GiB)
26/01/16 13:09:09 INFO MemoryStore: Block broadcast_120_piece0 stored as bytes in memory (estimated size 27.3 KiB, free 3.3 GiB)
26/01/16 13:09:09 INFO CodeGenerator: Code generated in 189.980957 ms
26/01/16 13:09:09 INFO MemoryStore: Block broadcast_119_piece0 stored as bytes in memory (estimated size 27.3 KiB, free 3.3 GiB)
26/01/16 13:09:09 INFO SparkContext: Created broadcast 119 from Spark Connect - session_id: "a9408e72-f784-4414-a94c-48a15c61a2a5"
user_context {
  user_id: "141038968383667"
  user_name: "c0711894@vale.co...
26/01/16 13:09:09 INFO MemoryStore: Block broadcast_123 stored as values in memory (estimated size 325.0 KiB, free 3.3 GiB)
26/01/16 13:09:09 INFO FileSourceScanExec: Planning scan with bin packing, max size: 134217728 bytes, open cost is considered as scanning 4194304 bytes.
26/01/16 13:09:09 INFO FileSourceScanExec: Planning scan with bin packing, max size: 134217728 bytes, open cost is considered as scanning 4194304 bytes.
26/01/16 13:09:09 INFO FileSourceScanExec: Planning scan with bin packing, max size: 134217728 bytes, open cost is considered as scanning 4194304 bytes.
26/01/16 13:09:09 INFO FileSourceScanExec: Planning scan with bin packing, max size: 134217728 bytes, open cost is considered as scanning 4194304 bytes.
26/01/16 13:09:09 INFO SparkContext: Created broadcast 120 from Spark Connect - session_id: "a9408e72-f784-4414-a94c-48a15c61a2a5"
user_context {
  user_id: "141038968383667"
  user_name: "c0711894@vale.co...
26/01/16 13:09:09 INFO FileSourceScanExec: Planning scan with bin packing, max size: 134217728 bytes, open cost is considered as scanning 4194304 bytes.
26/01/16 13:09:09 INFO FileSourceScanExec: Planning scan with bin packing, max size: 134217728 bytes, open cost is considered as scanning 4194304 bytes.
26/01/16 13:09:09 INFO SparkContext: Created broadcast 124 from Spark Connect - session_id: "a9408e72-f784-4414-a94c-48a15c61a2a5"
user_context {
  user_id: "141038968383667"
  user_name: "c0711894@vale.co...
26/01/16 13:09:09 INFO FileSourceScanExec: Planning scan with bin packing, max size: 134217728 bytes, open cost is considered as scanning 4194304 bytes.
26/01/16 13:09:09 INFO FileSourceScanExec: Planning scan with bin packing, max size: 134217728 bytes, open cost is considered as scanning 4194304 bytes.
26/01/16 13:09:09 INFO FileSourceScanExec: Planning scan with bin packing, max size: 134217728 bytes, open cost is considered as scanning 4194304 bytes.
26/01/16 13:09:09 INFO MemoryStore: Block broadcast_127 stored as values in memory (estimated size 325.0 KiB, free 3.3 GiB)
26/01/16 13:09:09 INFO MemoryStore: Block broadcast_123_piece0 stored as bytes in memory (estimated size 27.3 KiB, free 3.3 GiB)
26/01/16 13:09:09 INFO MemoryStore: Block broadcast_126 stored as values in memory (estimated size 325.0 KiB, free 3.3 GiB)
26/01/16 13:09:09 INFO FileSourceScanExec: Planning scan with bin packing, max size: 134217728 bytes, open cost is considered as scanning 4194304 bytes.
26/01/16 13:09:09 INFO MemoryStore: Block broadcast_125 stored as values in memory (estimated size 325.0 KiB, free 3.3 GiB)
26/01/16 13:09:09 INFO SparkContext: Created broadcast 123 from Spark Connect - session_id: "a9408e72-f784-4414-a94c-48a15c61a2a5"
user_context {
  user_id: "141038968383667"
  user_name: "c0711894@vale.co...
26/01/16 13:09:09 INFO FileSourceScanExec: Planning scan with bin packing, max size: 134217728 bytes, open cost is considered as scanning 4194304 bytes.
26/01/16 13:09:09 INFO MemoryStore: Block broadcast_125_piece0 stored as bytes in memory (estimated size 27.3 KiB, free 3.3 GiB)
26/01/16 13:09:09 INFO SparkContext: Created broadcast 125 from Spark Connect - session_id: "a9408e72-f784-4414-a94c-48a15c61a2a5"
user_context {
  user_id: "141038968383667"
  user_name: "c0711894@vale.co...
26/01/16 13:09:09 INFO FileSourceScanExec: Planning scan with bin packing, max size: 134217728 bytes, open cost is considered as scanning 4194304 bytes.
26/01/16 13:09:09 INFO MemoryStore: Block broadcast_127_piece0 stored as bytes in memory (estimated size 27.8 KiB, free 3.3 GiB)
26/01/16 13:09:09 INFO SparkContext: Created broadcast 127 from Spark Connect - session_id: "a9408e72-f784-4414-a94c-48a15c61a2a5"
user_context {
  user_id: "141038968383667"
  user_name: "c0711894@vale.co...
26/01/16 13:09:09 INFO MemoryStore: Block broadcast_126_piece0 stored as bytes in memory (estimated size 27.3 KiB, free 3.3 GiB)
26/01/16 13:09:09 INFO FileSourceScanExec: Planning scan with bin packing, max size: 134217728 bytes, open cost is considered as scanning 4194304 bytes.
26/01/16 13:09:09 INFO SparkContext: Created broadcast 126 from Spark Connect - session_id: "a9408e72-f784-4414-a94c-48a15c61a2a5"
user_context {
  user_id: "141038968383667"
  user_name: "c0711894@vale.co...
26/01/16 13:09:09 INFO FileSourceScanExec: Planning scan with bin packing, max size: 134217728 bytes, open cost is considered as scanning 4194304 bytes.
26/01/16 13:09:09 INFO FileSourceScanExec: Planning scan with bin packing, max size: 134217728 bytes, open cost is considered as scanning 4194304 bytes.
26/01/16 13:09:09 INFO FileSourceScanExec: Planning scan with bin packing, max size: 134217728 bytes, open cost is considered as scanning 4194304 bytes.
26/01/16 13:09:09 INFO FileSourceScanExec: Planning scan with bin packing, max size: 134217728 bytes, open cost is considered as scanning 4194304 bytes.
26/01/16 13:09:09 INFO FileSourceScanExec: Planning scan with bin packing, max size: 134217728 bytes, open cost is considered as scanning 4194304 bytes.
26/01/16 13:09:09 INFO CodeGenerator: Code generated in 109.11779 ms
26/01/16 13:09:09 INFO MemoryStore: Block broadcast_128 stored as values in memory (estimated size 325.0 KiB, free 3.3 GiB)
26/01/16 13:09:09 INFO CodeGenerator: Code generated in 54.870946 ms
26/01/16 13:09:09 INFO MemoryStore: Block broadcast_128_piece0 stored as bytes in memory (estimated size 27.3 KiB, free 3.3 GiB)
26/01/16 13:09:09 INFO SparkContext: Created broadcast 128 from Spark Connect - session_id: "a9408e72-f784-4414-a94c-48a15c61a2a5"
user_context {
  user_id: "141038968383667"
  user_name: "c0711894@vale.co...
26/01/16 13:09:10 INFO FileSourceScanExec: Planning scan with bin packing, max size: 134217728 bytes, open cost is considered as scanning 4194304 bytes.
26/01/16 13:09:10 INFO MemoryStore: Block broadcast_129 stored as values in memory (estimated size 325.0 KiB, free 3.3 GiB)
26/01/16 13:09:10 INFO MemoryStore: Block broadcast_129_piece0 stored as bytes in memory (estimated size 27.3 KiB, free 3.3 GiB)
26/01/16 13:09:10 INFO SparkContext: Created broadcast 129 from Spark Connect - session_id: "a9408e72-f784-4414-a94c-48a15c61a2a5"
user_context {
  user_id: "141038968383667"
  user_name: "c0711894@vale.co...
26/01/16 13:09:10 INFO CodeGenerator: Code generated in 48.66624 ms
26/01/16 13:09:10 INFO FileSourceScanExec: Planning scan with bin packing, max size: 134217728 bytes, open cost is considered as scanning 4194304 bytes.
26/01/16 13:09:10 INFO CodeGenerator: Code generated in 39.303533 ms
26/01/16 13:09:10 INFO CodeGenerator: Code generated in 61.380251 ms
26/01/16 13:09:10 INFO CodeGenerator: Code generated in 20.612017 ms
26/01/16 13:09:10 INFO CodeGenerator: Code generated in 60.35205 ms
26/01/16 13:09:10 INFO MemoryStore: Block broadcast_131 stored as values in memory (estimated size 325.0 KiB, free 3.3 GiB)
26/01/16 13:09:10 INFO CodeGenerator: Code generated in 61.745151 ms
26/01/16 13:09:10 INFO MemoryStore: Block broadcast_131_piece0 stored as bytes in memory (estimated size 27.4 KiB, free 3.3 GiB)
26/01/16 13:09:10 INFO SparkContext: Created broadcast 131 from Spark Connect - session_id: "a9408e72-f784-4414-a94c-48a15c61a2a5"
user_context {
  user_id: "141038968383667"
  user_name: "c0711894@vale.co...
26/01/16 13:09:10 INFO MemoryStore: Block broadcast_134 stored as values in memory (estimated size 325.0 KiB, free 3.3 GiB)
26/01/16 13:09:10 INFO MemoryStore: Block broadcast_130 stored as values in memory (estimated size 325.0 KiB, free 3.3 GiB)
26/01/16 13:09:10 INFO MemoryStore: Block broadcast_135 stored as values in memory (estimated size 325.0 KiB, free 3.3 GiB)
26/01/16 13:09:10 INFO FileSourceScanExec: Planning scan with bin packing, max size: 134217728 bytes, open cost is considered as scanning 4194304 bytes.
26/01/16 13:09:10 INFO MemoryStore: Block broadcast_133 stored as values in memory (estimated size 325.0 KiB, free 3.3 GiB)
26/01/16 13:09:10 INFO MemoryStore: Block broadcast_130_piece0 stored as bytes in memory (estimated size 27.3 KiB, free 3.3 GiB)
26/01/16 13:09:10 INFO MemoryStore: Block broadcast_133_piece0 stored as bytes in memory (estimated size 27.4 KiB, free 3.3 GiB)
26/01/16 13:09:10 INFO SparkContext: Created broadcast 133 from Spark Connect - session_id: "a9408e72-f784-4414-a94c-48a15c61a2a5"
user_context {
  user_id: "141038968383667"
  user_name: "c0711894@vale.co...
26/01/16 13:09:10 INFO FileSourceScanExec: Planning scan with bin packing, max size: 134217728 bytes, open cost is considered as scanning 4194304 bytes.
26/01/16 13:09:10 INFO MemoryStore: Block broadcast_132 stored as values in memory (estimated size 325.0 KiB, free 3.3 GiB)
26/01/16 13:09:10 INFO MemoryStore: Block broadcast_132_piece0 stored as bytes in memory (estimated size 27.3 KiB, free 3.3 GiB)
26/01/16 13:09:10 INFO CodeGenerator: Code generated in 71.318559 ms
26/01/16 13:09:10 INFO MemoryStore: Block broadcast_134_piece0 stored as bytes in memory (estimated size 27.3 KiB, free 3.3 GiB)
26/01/16 13:09:10 INFO MemoryStore: Block broadcast_135_piece0 stored as bytes in memory (estimated size 27.4 KiB, free 3.3 GiB)
26/01/16 13:09:10 INFO SparkContext: Created broadcast 134 from Spark Connect - session_id: "a9408e72-f784-4414-a94c-48a15c61a2a5"
user_context {
  user_id: "141038968383667"
  user_name: "c0711894@vale.co...
26/01/16 13:09:10 INFO SparkContext: Created broadcast 135 from Spark Connect - session_id: "a9408e72-f784-4414-a94c-48a15c61a2a5"
user_context {
  user_id: "141038968383667"
  user_name: "c0711894@vale.co...
26/01/16 13:09:10 INFO FileSourceScanExec: Planning scan with bin packing, max size: 134217728 bytes, open cost is considered as scanning 4194304 bytes.
26/01/16 13:09:10 INFO SparkContext: Created broadcast 130 from Spark Connect - session_id: "a9408e72-f784-4414-a94c-48a15c61a2a5"
user_context {
  user_id: "141038968383667"
  user_name: "c0711894@vale.co...
26/01/16 13:09:10 INFO FileSourceScanExec: Planning scan with bin packing, max size: 134217728 bytes, open cost is considered as scanning 4194304 bytes.
26/01/16 13:09:10 INFO SparkContext: Created broadcast 132 from Spark Connect - session_id: "a9408e72-f784-4414-a94c-48a15c61a2a5"
user_context {
  user_id: "141038968383667"
  user_name: "c0711894@vale.co...
26/01/16 13:09:10 INFO FileSourceScanExec: Planning scan with bin packing, max size: 134217728 bytes, open cost is considered as scanning 4194304 bytes.
26/01/16 13:09:10 INFO FileSourceScanExec: Planning scan with bin packing, max size: 134217728 bytes, open cost is considered as scanning 4194304 bytes.
26/01/16 13:09:10 INFO CodeGenerator: Code generated in 124.679703 ms
26/01/16 13:09:10 INFO CodeGenerator: Code generated in 53.798345 ms
26/01/16 13:09:10 INFO MemoryStore: Block broadcast_136 stored as values in memory (estimated size 325.0 KiB, free 3.3 GiB)
26/01/16 13:09:10 INFO MemoryStore: Block broadcast_137 stored as values in memory (estimated size 325.0 KiB, free 3.3 GiB)
26/01/16 13:09:10 INFO MemoryStore: Block broadcast_137_piece0 stored as bytes in memory (estimated size 27.4 KiB, free 3.3 GiB)
26/01/16 13:09:10 INFO MemoryUsageTracker: GC notification:
 Name: PS Scavenge,
 Action: end of minor GC,
 Cause: Allocation Failure
 StartTime: 312637
 Duration: 64
26/01/16 13:09:10 INFO SparkContext: Created broadcast 137 from Spark Connect - session_id: "a9408e72-f784-4414-a94c-48a15c61a2a5"
user_context {
  user_id: "141038968383667"
  user_name: "c0711894@vale.co...
26/01/16 13:09:10 INFO MemoryStore: Block broadcast_138 stored as values in memory (estimated size 325.0 KiB, free 3.3 GiB)
26/01/16 13:09:10 INFO CodeGenerator: Code generated in 141.030317 ms
26/01/16 13:09:10 INFO LogInterceptor: RPC spark.connect.SparkConnectService/ExecutePlan (116612358) [ExecutePlanResponse]: sessionId: a9408e72-f784-4414-a94c-48a15c61a2a5, serverSideSessionId: 26b20359-cf6e-401c-83bf-84c101c974f2, operationId: 39147498-2835-4eec-9c32-a9a79e74ca90, responseId: 5bbbb3ab-bc44-44fc-83c9-7876a73b2e41
26/01/16 13:09:10 INFO CodeGenerator: Code generated in 196.345362 ms
26/01/16 13:09:10 INFO MemoryStore: Block broadcast_136_piece0 stored as bytes in memory (estimated size 27.5 KiB, free 3.3 GiB)
26/01/16 13:09:10 INFO MemoryStore: Block broadcast_139 stored as values in memory (estimated size 325.0 KiB, free 3.3 GiB)
26/01/16 13:09:10 INFO SparkContext: Created broadcast 136 from Spark Connect - session_id: "a9408e72-f784-4414-a94c-48a15c61a2a5"
user_context {
  user_id: "141038968383667"
  user_name: "c0711894@vale.co...
26/01/16 13:09:10 INFO MemoryStore: Block broadcast_138_piece0 stored as bytes in memory (estimated size 27.3 KiB, free 3.3 GiB)
26/01/16 13:09:10 INFO SparkContext: Created broadcast 138 from Spark Connect - session_id: "a9408e72-f784-4414-a94c-48a15c61a2a5"
user_context {
  user_id: "141038968383667"
  user_name: "c0711894@vale.co...
26/01/16 13:09:10 INFO MemoryStore: Block broadcast_139_piece0 stored as bytes in memory (estimated size 27.7 KiB, free 3.3 GiB)
26/01/16 13:09:10 INFO SparkContext: Created broadcast 139 from Spark Connect - session_id: "a9408e72-f784-4414-a94c-48a15c61a2a5"
user_context {
  user_id: "141038968383667"
  user_name: "c0711894@vale.co...
26/01/16 13:09:10 INFO CodeGenerator: Code generated in 87.663373 ms
26/01/16 13:09:10 INFO MemoryStore: Block broadcast_140 stored as values in memory (estimated size 325.0 KiB, free 3.3 GiB)
26/01/16 13:09:10 INFO FileSourceScanExec: Planning scan with bin packing, max size: 134217728 bytes, open cost is considered as scanning 4194304 bytes.
26/01/16 13:09:10 INFO FileSourceScanExec: Planning scan with bin packing, max size: 134217728 bytes, open cost is considered as scanning 4194304 bytes.
26/01/16 13:09:10 INFO FileSourceScanExec: Planning scan with bin packing, max size: 134217728 bytes, open cost is considered as scanning 4194304 bytes.
26/01/16 13:09:10 INFO MemoryStore: Block broadcast_140_piece0 stored as bytes in memory (estimated size 27.3 KiB, free 3.3 GiB)
26/01/16 13:09:10 WARN JupyterKernelListener: Received Jupyter debug message with unknown command: null
26/01/16 13:09:10 INFO SparkContext: Created broadcast 140 from Spark Connect - session_id: "a9408e72-f784-4414-a94c-48a15c61a2a5"
user_context {
  user_id: "141038968383667"
  user_name: "c0711894@vale.co...
26/01/16 13:09:10 INFO FileSourceScanExec: Planning scan with bin packing, max size: 134217728 bytes, open cost is considered as scanning 4194304 bytes.
26/01/16 13:09:10 INFO FileSourceScanExec: Planning scan with bin packing, max size: 134217728 bytes, open cost is considered as scanning 4194304 bytes.
26/01/16 13:09:10 INFO CodeGenerator: Code generated in 148.683923 ms
26/01/16 13:09:10 INFO DAGScheduler: Registering RDD 316 (Spark Connect - session_id: "a9408e72-f784-4414-a94c-48a15c61a2a5"
user_context {
  user_id: "141038968383667"
  user_name: "c0711894@vale.co...) as input to shuffle 22
26/01/16 13:09:10 INFO MemoryStore: Block broadcast_141 stored as values in memory (estimated size 325.0 KiB, free 3.3 GiB)
26/01/16 13:09:10 INFO MemoryStore: Block broadcast_141_piece0 stored as bytes in memory (estimated size 27.6 KiB, free 3.3 GiB)
26/01/16 13:09:10 INFO SparkContext: Created broadcast 141 from Spark Connect - session_id: "a9408e72-f784-4414-a94c-48a15c61a2a5"
user_context {
  user_id: "141038968383667"
  user_name: "c0711894@vale.co...
26/01/16 13:09:10 INFO DAGScheduler: Got map stage job 107 (Spark Connect - session_id: "a9408e72-f784-4414-a94c-48a15c61a2a5"
user_context {
  user_id: "141038968383667"
  user_name: "c0711894@vale.co...) with 1 output partitions
26/01/16 13:09:10 INFO DAGScheduler: Final stage: ShuffleMapStage 107 (Spark Connect - session_id: "a9408e72-f784-4414-a94c-48a15c61a2a5"
user_context {
  user_id: "141038968383667"
  user_name: "c0711894@vale.co...)
26/01/16 13:09:10 INFO DAGScheduler: Parents of final stage: List()
26/01/16 13:09:10 INFO DAGScheduler: Missing parents: List()
26/01/16 13:09:10 INFO DAGScheduler: Submitting ShuffleMapStage 107 (MapPartitionsRDD[316] at Spark Connect - session_id: "a9408e72-f784-4414-a94c-48a15c61a2a5"
user_context {
  user_id: "141038968383667"
  user_name: "c0711894@vale.co...), which has no missing parents
26/01/16 13:09:10 INFO FileSourceScanExec: Planning scan with bin packing, max size: 134217728 bytes, open cost is considered as scanning 4194304 bytes.
26/01/16 13:09:10 INFO DAGScheduler: Submitting 1 missing tasks from ShuffleMapStage 107 (MapPartitionsRDD[316] at Spark Connect - session_id: "a9408e72-f784-4414-a94c-48a15c61a2a5"
user_context {
  user_id: "141038968383667"
  user_name: "c0711894@vale.co...) (first 15 tasks are for partitions Vector(0))
26/01/16 13:09:10 INFO TaskSchedulerImpl: Adding task set 107.0 with 1 tasks resource profile 0
26/01/16 13:09:10 INFO TaskSetManager: TaskSet 107.0 using PreferredLocationsV1
26/01/16 13:09:10 INFO FairSchedulableBuilder: Added task set TaskSet_107.0 tasks to pool 1768568637510
26/01/16 13:09:10 INFO TaskSetManager: Starting task 0.0 in stage 107.0 (TID 110) (10.139.64.10,executor 0, partition 0, PROCESS_LOCAL, 
26/01/16 13:09:10 INFO DAGScheduler: Registering RDD 240 (Spark Connect - session_id: "a9408e72-f784-4414-a94c-48a15c61a2a5"
user_context {
  user_id: "141038968383667"
  user_name: "c0711894@vale.co...) as input to shuffle 4
26/01/16 13:09:10 INFO DAGScheduler: Got map stage job 108 (Spark Connect - session_id: "a9408e72-f784-4414-a94c-48a15c61a2a5"
user_context {
  user_id: "141038968383667"
  user_name: "c0711894@vale.co...) with 1 output partitions
26/01/16 13:09:10 INFO DAGScheduler: Final stage: ShuffleMapStage 108 (Spark Connect - session_id: "a9408e72-f784-4414-a94c-48a15c61a2a5"
user_context {
  user_id: "141038968383667"
  user_name: "c0711894@vale.co...)
26/01/16 13:09:10 INFO DAGScheduler: Parents of final stage: List()
26/01/16 13:09:10 INFO DAGScheduler: Missing parents: List()
26/01/16 13:09:10 INFO DAGScheduler: Submitting ShuffleMapStage 108 (MapPartitionsRDD[240] at Spark Connect - session_id: "a9408e72-f784-4414-a94c-48a15c61a2a5"
user_context {
  user_id: "141038968383667"
  user_name: "c0711894@vale.co...), which has no missing parents
26/01/16 13:09:10 INFO MemoryStore: Block broadcast_142 stored as values in memory (estimated size 250.8 KiB, free 3.3 GiB)
26/01/16 13:09:10 INFO DAGScheduler: Submitting 1 missing tasks from ShuffleMapStage 108 (MapPartitionsRDD[240] at Spark Connect - session_id: "a9408e72-f784-4414-a94c-48a15c61a2a5"
user_context {
  user_id: "141038968383667"
  user_name: "c0711894@vale.co...) (first 15 tasks are for partitions Vector(0))
26/01/16 13:09:10 INFO TaskSchedulerImpl: Adding task set 108.0 with 1 tasks resource profile 0
26/01/16 13:09:10 INFO TaskSetManager: TaskSet 108.0 using PreferredLocationsV1
26/01/16 13:09:10 INFO MemoryStore: Block broadcast_142_piece0 stored as bytes in memory (estimated size 93.6 KiB, free 3.3 GiB)
26/01/16 13:09:10 INFO SparkContext: Created broadcast 142 from broadcast at TaskSetManager.scala:848
26/01/16 13:09:10 INFO FairSchedulableBuilder: Added task set TaskSet_108.0 tasks to pool 1768568637510
26/01/16 13:09:10 INFO DAGScheduler: Registering RDD 238 (Spark Connect - session_id: "a9408e72-f784-4414-a94c-48a15c61a2a5"
user_context {
  user_id: "141038968383667"
  user_name: "c0711894@vale.co...) as input to shuffle 5
26/01/16 13:09:10 INFO TaskSetManager: Starting task 0.0 in stage 108.0 (TID 111) (10.139.64.10,executor 0, partition 0, PROCESS_LOCAL, 
26/01/16 13:09:10 INFO DAGScheduler: Got map stage job 109 (Spark Connect - session_id: "a9408e72-f784-4414-a94c-48a15c61a2a5"
user_context {
  user_id: "141038968383667"
  user_name: "c0711894@vale.co...) with 1 output partitions
26/01/16 13:09:10 INFO DAGScheduler: Final stage: ShuffleMapStage 109 (Spark Connect - session_id: "a9408e72-f784-4414-a94c-48a15c61a2a5"
user_context {
  user_id: "141038968383667"
  user_name: "c0711894@vale.co...)
26/01/16 13:09:10 INFO DAGScheduler: Parents of final stage: List()
26/01/16 13:09:10 INFO MemoryStore: Block broadcast_143 stored as values in memory (estimated size 257.0 KiB, free 3.3 GiB)
26/01/16 13:09:10 INFO MemoryStore: Block broadcast_143_piece0 stored as bytes in memory (estimated size 94.4 KiB, free 3.3 GiB)
26/01/16 13:09:10 INFO SparkContext: Created broadcast 143 from broadcast at TaskSetManager.scala:848
26/01/16 13:09:10 INFO DAGScheduler: Missing parents: List()
26/01/16 13:09:10 INFO DAGScheduler: Submitting ShuffleMapStage 109 (MapPartitionsRDD[238] at Spark Connect - session_id: "a9408e72-f784-4414-a94c-48a15c61a2a5"
user_context {
  user_id: "141038968383667"
  user_name: "c0711894@vale.co...), which has no missing parents
26/01/16 13:09:10 INFO DAGScheduler: Submitting 1 missing tasks from ShuffleMapStage 109 (MapPartitionsRDD[238] at Spark Connect - session_id: "a9408e72-f784-4414-a94c-48a15c61a2a5"
user_context {
  user_id: "141038968383667"
  user_name: "c0711894@vale.co...) (first 15 tasks are for partitions Vector(0))
26/01/16 13:09:10 INFO TaskSchedulerImpl: Adding task set 109.0 with 1 tasks resource profile 0
26/01/16 13:09:10 INFO TaskSetManager: TaskSet 109.0 using PreferredLocationsV1
26/01/16 13:09:10 INFO FairSchedulableBuilder: Added task set TaskSet_109.0 tasks to pool 1768568637510
26/01/16 13:09:10 INFO DAGScheduler: Registering RDD 319 (Spark Connect - session_id: "a9408e72-f784-4414-a94c-48a15c61a2a5"
user_context {
  user_id: "141038968383667"
  user_name: "c0711894@vale.co...) as input to shuffle 23
26/01/16 13:09:10 INFO DAGScheduler: Got map stage job 112 (Spark Connect - session_id: "a9408e72-f784-4414-a94c-48a15c61a2a5"
user_context {
  user_id: "141038968383667"
  user_name: "c0711894@vale.co...) with 1 output partitions
26/01/16 13:09:10 INFO TaskSetManager: Starting task 0.0 in stage 109.0 (TID 112) (10.139.64.10,executor 0, partition 0, PROCESS_LOCAL, 
26/01/16 13:09:10 INFO DAGScheduler: Final stage: ShuffleMapStage 110 (Spark Connect - session_id: "a9408e72-f784-4414-a94c-48a15c61a2a5"
user_context {
  user_id: "141038968383667"
  user_name: "c0711894@vale.co...)
26/01/16 13:09:10 INFO DAGScheduler: Parents of final stage: List()
26/01/16 13:09:10 INFO DAGScheduler: Missing parents: List()
26/01/16 13:09:10 INFO MemoryStore: Block broadcast_144 stored as values in memory (estimated size 251.2 KiB, free 3.3 GiB)
26/01/16 13:09:10 INFO MemoryStore: Block broadcast_144_piece0 stored as bytes in memory (estimated size 93.7 KiB, free 3.3 GiB)
26/01/16 13:09:10 INFO SparkContext: Created broadcast 144 from broadcast at TaskSetManager.scala:848
26/01/16 13:09:10 INFO DAGScheduler: Submitting ShuffleMapStage 110 (MapPartitionsRDD[319] at Spark Connect - session_id: "a9408e72-f784-4414-a94c-48a15c61a2a5"
user_context {
  user_id: "141038968383667"
  user_name: "c0711894@vale.co...), which has no missing parents
26/01/16 13:09:10 INFO DAGScheduler: Submitting 1 missing tasks from ShuffleMapStage 110 (MapPartitionsRDD[319] at Spark Connect - session_id: "a9408e72-f784-4414-a94c-48a15c61a2a5"
user_context {
  user_id: "141038968383667"
  user_name: "c0711894@vale.co...) (first 15 tasks are for partitions Vector(0))
26/01/16 13:09:10 INFO TaskSchedulerImpl: Adding task set 110.0 with 1 tasks resource profile 0
26/01/16 13:09:10 INFO TaskSetManager: TaskSet 110.0 using PreferredLocationsV1
26/01/16 13:09:10 INFO FairSchedulableBuilder: Added task set TaskSet_110.0 tasks to pool 1768568637510
26/01/16 13:09:10 INFO DAGScheduler: Registering RDD 299 (Spark Connect - session_id: "a9408e72-f784-4414-a94c-48a15c61a2a5"
user_context {
  user_id: "141038968383667"
  user_name: "c0711894@vale.co...) as input to shuffle 19
26/01/16 13:09:10 INFO TaskSetManager: Starting task 0.0 in stage 110.0 (TID 113) (10.139.64.10,executor 0, partition 0, PROCESS_LOCAL, 
26/01/16 13:09:10 INFO MemoryStore: Block broadcast_145 stored as values in memory (estimated size 250.8 KiB, free 3.3 GiB)
26/01/16 13:09:10 INFO DAGScheduler: Got map stage job 113 (Spark Connect - session_id: "a9408e72-f784-4414-a94c-48a15c61a2a5"
user_context {
  user_id: "141038968383667"
  user_name: "c0711894@vale.co...) with 1 output partitions
26/01/16 13:09:10 INFO DAGScheduler: Final stage: ShuffleMapStage 111 (Spark Connect - session_id: "a9408e72-f784-4414-a94c-48a15c61a2a5"
user_context {
  user_id: "141038968383667"
  user_name: "c0711894@vale.co...)
26/01/16 13:09:10 INFO DAGScheduler: Parents of final stage: List()
26/01/16 13:09:10 INFO DAGScheduler: Missing parents: List()
26/01/16 13:09:10 INFO MemoryStore: Block broadcast_145_piece0 stored as bytes in memory (estimated size 93.5 KiB, free 3.3 GiB)
26/01/16 13:09:10 INFO DAGScheduler: Submitting ShuffleMapStage 111 (MapPartitionsRDD[299] at Spark Connect - session_id: "a9408e72-f784-4414-a94c-48a15c61a2a5"
user_context {
  user_id: "141038968383667"
  user_name: "c0711894@vale.co...), which has no missing parents
26/01/16 13:09:10 INFO SparkContext: Created broadcast 145 from broadcast at TaskSetManager.scala:848
26/01/16 13:09:10 INFO DAGScheduler: Submitting 1 missing tasks from ShuffleMapStage 111 (MapPartitionsRDD[299] at Spark Connect - session_id: "a9408e72-f784-4414-a94c-48a15c61a2a5"
user_context {
  user_id: "141038968383667"
  user_name: "c0711894@vale.co...) (first 15 tasks are for partitions Vector(0))
26/01/16 13:09:10 INFO TaskSchedulerImpl: Adding task set 111.0 with 1 tasks resource profile 0
26/01/16 13:09:10 INFO TaskSetManager: TaskSet 111.0 using PreferredLocationsV1
26/01/16 13:09:10 INFO FairSchedulableBuilder: Added task set TaskSet_111.0 tasks to pool 1768568637510
26/01/16 13:09:10 INFO DAGScheduler: Registering RDD 283 (Spark Connect - session_id: "a9408e72-f784-4414-a94c-48a15c61a2a5"
user_context {
  user_id: "141038968383667"
  user_name: "c0711894@vale.co...) as input to shuffle 12
26/01/16 13:09:10 INFO DAGScheduler: Got map stage job 114 (Spark Connect - session_id: "a9408e72-f784-4414-a94c-48a15c61a2a5"
user_context {
  user_id: "141038968383667"
  user_name: "c0711894@vale.co...) with 1 output partitions
26/01/16 13:09:10 INFO DAGScheduler: Final stage: ShuffleMapStage 112 (Spark Connect - session_id: "a9408e72-f784-4414-a94c-48a15c61a2a5"
user_context {
  user_id: "141038968383667"
  user_name: "c0711894@vale.co...)
26/01/16 13:09:10 INFO DAGScheduler: Parents of final stage: List()
26/01/16 13:09:10 INFO DAGScheduler: Missing parents: List()
26/01/16 13:09:10 INFO DAGScheduler: Submitting ShuffleMapStage 112 (MapPartitionsRDD[283] at Spark Connect - session_id: "a9408e72-f784-4414-a94c-48a15c61a2a5"
user_context {
  user_id: "141038968383667"
  user_name: "c0711894@vale.co...), which has no missing parents
26/01/16 13:09:10 INFO DAGScheduler: Submitting 1 missing tasks from ShuffleMapStage 112 (MapPartitionsRDD[283] at Spark Connect - session_id: "a9408e72-f784-4414-a94c-48a15c61a2a5"
user_context {
  user_id: "141038968383667"
  user_name: "c0711894@vale.co...) (first 15 tasks are for partitions Vector(0))
26/01/16 13:09:10 INFO TaskSchedulerImpl: Adding task set 112.0 with 1 tasks resource profile 0
26/01/16 13:09:10 INFO TaskSetManager: TaskSet 112.0 using PreferredLocationsV1
26/01/16 13:09:10 INFO FairSchedulableBuilder: Added task set TaskSet_112.0 tasks to pool 1768568637510
26/01/16 13:09:10 INFO DAGScheduler: Registering RDD 253 (Spark Connect - session_id: "a9408e72-f784-4414-a94c-48a15c61a2a5"
user_context {
  user_id: "141038968383667"
  user_name: "c0711894@vale.co...) as input to shuffle 3
26/01/16 13:09:10 INFO DAGScheduler: Got map stage job 111 (Spark Connect - session_id: "a9408e72-f784-4414-a94c-48a15c61a2a5"
user_context {
  user_id: "141038968383667"
  user_name: "c0711894@vale.co...) with 1 output partitions
26/01/16 13:09:10 INFO DAGScheduler: Final stage: ShuffleMapStage 113 (Spark Connect - session_id: "a9408e72-f784-4414-a94c-48a15c61a2a5"
user_context {
  user_id: "141038968383667"
  user_name: "c0711894@vale.co...)
26/01/16 13:09:10 INFO DAGScheduler: Parents of final stage: List()
26/01/16 13:09:10 INFO DAGScheduler: Missing parents: List()
26/01/16 13:09:10 INFO DAGScheduler: Submitting ShuffleMapStage 113 (MapPartitionsRDD[253] at Spark Connect - session_id: "a9408e72-f784-4414-a94c-48a15c61a2a5"
user_context {
  user_id: "141038968383667"
  user_name: "c0711894@vale.co...), which has no missing parents
26/01/16 13:09:10 INFO DAGScheduler: Submitting 1 missing tasks from ShuffleMapStage 113 (MapPartitionsRDD[253] at Spark Connect - session_id: "a9408e72-f784-4414-a94c-48a15c61a2a5"
user_context {
  user_id: "141038968383667"
  user_name: "c0711894@vale.co...) (first 15 tasks are for partitions Vector(0))
26/01/16 13:09:10 INFO TaskSchedulerImpl: Adding task set 113.0 with 1 tasks resource profile 0
26/01/16 13:09:10 INFO TaskSetManager: TaskSet 113.0 using PreferredLocationsV1
26/01/16 13:09:10 INFO FairSchedulableBuilder: Added task set TaskSet_113.0 tasks to pool 1768568637510
26/01/16 13:09:10 INFO DAGScheduler: Registering RDD 236 (Spark Connect - session_id: "a9408e72-f784-4414-a94c-48a15c61a2a5"
user_context {
  user_id: "141038968383667"
  user_name: "c0711894@vale.co...) as input to shuffle 1
26/01/16 13:09:10 INFO DAGScheduler: Got map stage job 115 (Spark Connect - session_id: "a9408e72-f784-4414-a94c-48a15c61a2a5"
user_context {
  user_id: "141038968383667"
  user_name: "c0711894@vale.co...) with 1 output partitions
26/01/16 13:09:10 INFO DAGScheduler: Final stage: ShuffleMapStage 114 (Spark Connect - session_id: "a9408e72-f784-4414-a94c-48a15c61a2a5"
user_context {
  user_id: "141038968383667"
  user_name: "c0711894@vale.co...)
26/01/16 13:09:10 INFO DAGScheduler: Parents of final stage: List()
26/01/16 13:09:10 INFO DAGScheduler: Missing parents: List()
26/01/16 13:09:10 INFO DAGScheduler: Submitting ShuffleMapStage 114 (MapPartitionsRDD[236] at Spark Connect - session_id: "a9408e72-f784-4414-a94c-48a15c61a2a5"
user_context {
  user_id: "141038968383667"
  user_name: "c0711894@vale.co...), which has no missing parents
26/01/16 13:09:10 INFO DAGScheduler: Submitting 1 missing tasks from ShuffleMapStage 114 (MapPartitionsRDD[236] at Spark Connect - session_id: "a9408e72-f784-4414-a94c-48a15c61a2a5"
user_context {
  user_id: "141038968383667"
  user_name: "c0711894@vale.co...) (first 15 tasks are for partitions Vector(0))
26/01/16 13:09:10 INFO TaskSchedulerImpl: Adding task set 114.0 with 1 tasks resource profile 0
26/01/16 13:09:10 INFO TaskSetManager: TaskSet 114.0 using PreferredLocationsV1
26/01/16 13:09:10 INFO FairSchedulableBuilder: Added task set TaskSet_114.0 tasks to pool 1768568637510
26/01/16 13:09:10 INFO DAGScheduler: Registering RDD 288 (Spark Connect - session_id: "a9408e72-f784-4414-a94c-48a15c61a2a5"
user_context {
  user_id: "141038968383667"
  user_name: "c0711894@vale.co...) as input to shuffle 15
26/01/16 13:09:10 INFO DAGScheduler: Got map stage job 116 (Spark Connect - session_id: "a9408e72-f784-4414-a94c-48a15c61a2a5"
user_context {
  user_id: "141038968383667"
  user_name: "c0711894@vale.co...) with 1 output partitions
26/01/16 13:09:10 INFO DAGScheduler: Final stage: ShuffleMapStage 115 (Spark Connect - session_id: "a9408e72-f784-4414-a94c-48a15c61a2a5"
user_context {
  user_id: "141038968383667"
  user_name: "c0711894@vale.co...)
26/01/16 13:09:10 INFO DAGScheduler: Parents of final stage: List()
26/01/16 13:09:10 INFO DAGScheduler: Missing parents: List()
26/01/16 13:09:10 INFO DAGScheduler: Submitting ShuffleMapStage 115 (MapPartitionsRDD[288] at Spark Connect - session_id: "a9408e72-f784-4414-a94c-48a15c61a2a5"
user_context {
  user_id: "141038968383667"
  user_name: "c0711894@vale.co...), which has no missing parents
26/01/16 13:09:10 INFO DAGScheduler: Submitting 1 missing tasks from ShuffleMapStage 115 (MapPartitionsRDD[288] at Spark Connect - session_id: "a9408e72-f784-4414-a94c-48a15c61a2a5"
user_context {
  user_id: "141038968383667"
  user_name: "c0711894@vale.co...) (first 15 tasks are for partitions Vector(0))
26/01/16 13:09:10 INFO TaskSchedulerImpl: Adding task set 115.0 with 1 tasks resource profile 0
26/01/16 13:09:10 INFO TaskSetManager: TaskSet 115.0 using PreferredLocationsV1
26/01/16 13:09:10 INFO FairSchedulableBuilder: Added task set TaskSet_115.0 tasks to pool 1768568637510
26/01/16 13:09:10 INFO DAGScheduler: Registering RDD 252 (Spark Connect - session_id: "a9408e72-f784-4414-a94c-48a15c61a2a5"
user_context {
  user_id: "141038968383667"
  user_name: "c0711894@vale.co...) as input to shuffle 2
26/01/16 13:09:10 INFO DAGScheduler: Got map stage job 110 (Spark Connect - session_id: "a9408e72-f784-4414-a94c-48a15c61a2a5"
user_context {
  user_id: "141038968383667"
  user_name: "c0711894@vale.co...) with 1 output partitions
26/01/16 13:09:10 INFO DAGScheduler: Final stage: ShuffleMapStage 116 (Spark Connect - session_id: "a9408e72-f784-4414-a94c-48a15c61a2a5"
user_context {
  user_id: "141038968383667"
  user_name: "c0711894@vale.co...)
26/01/16 13:09:10 INFO DAGScheduler: Parents of final stage: List()
26/01/16 13:09:10 INFO DAGScheduler: Missing parents: List()
26/01/16 13:09:10 INFO DAGScheduler: Submitting ShuffleMapStage 116 (MapPartitionsRDD[252] at Spark Connect - session_id: "a9408e72-f784-4414-a94c-48a15c61a2a5"
user_context {
  user_id: "141038968383667"
  user_name: "c0711894@vale.co...), which has no missing parents
26/01/16 13:09:10 INFO DAGScheduler: Submitting 1 missing tasks from ShuffleMapStage 116 (MapPartitionsRDD[252] at Spark Connect - session_id: "a9408e72-f784-4414-a94c-48a15c61a2a5"
user_context {
  user_id: "141038968383667"
  user_name: "c0711894@vale.co...) (first 15 tasks are for partitions Vector(0))
26/01/16 13:09:10 INFO TaskSchedulerImpl: Adding task set 116.0 with 1 tasks resource profile 0
26/01/16 13:09:10 INFO TaskSetManager: TaskSet 116.0 using PreferredLocationsV1
26/01/16 13:09:10 INFO FairSchedulableBuilder: Added task set TaskSet_116.0 tasks to pool 1768568637510
26/01/16 13:09:10 INFO DAGScheduler: Registering RDD 271 (Spark Connect - session_id: "a9408e72-f784-4414-a94c-48a15c61a2a5"
user_context {
  user_id: "141038968383667"
  user_name: "c0711894@vale.co...) as input to shuffle 7
26/01/16 13:09:10 INFO DAGScheduler: Got map stage job 118 (Spark Connect - session_id: "a9408e72-f784-4414-a94c-48a15c61a2a5"
user_context {
  user_id: "141038968383667"
  user_name: "c0711894@vale.co...) with 1 output partitions
26/01/16 13:09:10 INFO DAGScheduler: Final stage: ShuffleMapStage 117 (Spark Connect - session_id: "a9408e72-f784-4414-a94c-48a15c61a2a5"
user_context {
  user_id: "141038968383667"
  user_name: "c0711894@vale.co...)
26/01/16 13:09:10 INFO DAGScheduler: Parents of final stage: List()
26/01/16 13:09:10 INFO DAGScheduler: Missing parents: List()
26/01/16 13:09:10 INFO DAGScheduler: Submitting ShuffleMapStage 117 (MapPartitionsRDD[271] at Spark Connect - session_id: "a9408e72-f784-4414-a94c-48a15c61a2a5"
user_context {
  user_id: "141038968383667"
  user_name: "c0711894@vale.co...), which has no missing parents
26/01/16 13:09:10 INFO DAGScheduler: Submitting 1 missing tasks from ShuffleMapStage 117 (MapPartitionsRDD[271] at Spark Connect - session_id: "a9408e72-f784-4414-a94c-48a15c61a2a5"
user_context {
  user_id: "141038968383667"
  user_name: "c0711894@vale.co...) (first 15 tasks are for partitions Vector(0))
26/01/16 13:09:10 INFO TaskSchedulerImpl: Adding task set 117.0 with 1 tasks resource profile 0
26/01/16 13:09:10 INFO TaskSetManager: TaskSet 117.0 using PreferredLocationsV1
26/01/16 13:09:10 INFO FairSchedulableBuilder: Added task set TaskSet_117.0 tasks to pool 1768568637510
26/01/16 13:09:10 INFO DAGScheduler: Registering RDD 244 (Spark Connect - session_id: "a9408e72-f784-4414-a94c-48a15c61a2a5"
user_context {
  user_id: "141038968383667"
  user_name: "c0711894@vale.co...) as input to shuffle 0
26/01/16 13:09:10 INFO DAGScheduler: Got map stage job 117 (Spark Connect - session_id: "a9408e72-f784-4414-a94c-48a15c61a2a5"
user_context {
  user_id: "141038968383667"
  user_name: "c0711894@vale.co...) with 1 output partitions
26/01/16 13:09:10 INFO DAGScheduler: Final stage: ShuffleMapStage 118 (Spark Connect - session_id: "a9408e72-f784-4414-a94c-48a15c61a2a5"
user_context {
  user_id: "141038968383667"
  user_name: "c0711894@vale.co...)
26/01/16 13:09:10 INFO DAGScheduler: Parents of final stage: List()
26/01/16 13:09:10 INFO DAGScheduler: Missing parents: List()
26/01/16 13:09:10 INFO DAGScheduler: Submitting ShuffleMapStage 118 (MapPartitionsRDD[244] at Spark Connect - session_id: "a9408e72-f784-4414-a94c-48a15c61a2a5"
user_context {
  user_id: "141038968383667"
  user_name: "c0711894@vale.co...), which has no missing parents
26/01/16 13:09:10 INFO DAGScheduler: Submitting 1 missing tasks from ShuffleMapStage 118 (MapPartitionsRDD[244] at Spark Connect - session_id: "a9408e72-f784-4414-a94c-48a15c61a2a5"
user_context {
  user_id: "141038968383667"
  user_name: "c0711894@vale.co...) (first 15 tasks are for partitions Vector(0))
26/01/16 13:09:10 INFO TaskSchedulerImpl: Adding task set 118.0 with 1 tasks resource profile 0
26/01/16 13:09:10 INFO TaskSetManager: TaskSet 118.0 using PreferredLocationsV1
26/01/16 13:09:10 INFO FairSchedulableBuilder: Added task set TaskSet_118.0 tasks to pool 1768568637510
26/01/16 13:09:10 INFO DAGScheduler: Registering RDD 291 (Spark Connect - session_id: "a9408e72-f784-4414-a94c-48a15c61a2a5"
user_context {
  user_id: "141038968383667"
  user_name: "c0711894@vale.co...) as input to shuffle 17
26/01/16 13:09:10 INFO DAGScheduler: Got map stage job 119 (Spark Connect - session_id: "a9408e72-f784-4414-a94c-48a15c61a2a5"
user_context {
  user_id: "141038968383667"
  user_name: "c0711894@vale.co...) with 1 output partitions
26/01/16 13:09:10 INFO DAGScheduler: Final stage: ShuffleMapStage 119 (Spark Connect - session_id: "a9408e72-f784-4414-a94c-48a15c61a2a5"
user_context {
  user_id: "141038968383667"
  user_name: "c0711894@vale.co...)
26/01/16 13:09:10 INFO DAGScheduler: Parents of final stage: List()
26/01/16 13:09:10 INFO DAGScheduler: Missing parents: List()
26/01/16 13:09:10 INFO DAGScheduler: Submitting ShuffleMapStage 119 (MapPartitionsRDD[291] at Spark Connect - session_id: "a9408e72-f784-4414-a94c-48a15c61a2a5"
user_context {
  user_id: "141038968383667"
  user_name: "c0711894@vale.co...), which has no missing parents
26/01/16 13:09:10 INFO DAGScheduler: Submitting 1 missing tasks from ShuffleMapStage 119 (MapPartitionsRDD[291] at Spark Connect - session_id: "a9408e72-f784-4414-a94c-48a15c61a2a5"
user_context {
  user_id: "141038968383667"
  user_name: "c0711894@vale.co...) (first 15 tasks are for partitions Vector(0))
26/01/16 13:09:10 INFO TaskSchedulerImpl: Adding task set 119.0 with 1 tasks resource profile 0
26/01/16 13:09:10 INFO TaskSetManager: TaskSet 119.0 using PreferredLocationsV1
26/01/16 13:09:10 INFO FairSchedulableBuilder: Added task set TaskSet_119.0 tasks to pool 1768568637510
26/01/16 13:09:10 INFO DAGScheduler: Registering RDD 304 (Spark Connect - session_id: "a9408e72-f784-4414-a94c-48a15c61a2a5"
user_context {
  user_id: "141038968383667"
  user_name: "c0711894@vale.co...) as input to shuffle 20
26/01/16 13:09:10 INFO DAGScheduler: Got map stage job 120 (Spark Connect - session_id: "a9408e72-f784-4414-a94c-48a15c61a2a5"
user_context {
  user_id: "141038968383667"
  user_name: "c0711894@vale.co...) with 1 output partitions
26/01/16 13:09:10 INFO DAGScheduler: Final stage: ShuffleMapStage 120 (Spark Connect - session_id: "a9408e72-f784-4414-a94c-48a15c61a2a5"
user_context {
  user_id: "141038968383667"
  user_name: "c0711894@vale.co...)
26/01/16 13:09:10 INFO DAGScheduler: Parents of final stage: List()
26/01/16 13:09:10 INFO DAGScheduler: Missing parents: List()
26/01/16 13:09:10 INFO DAGScheduler: Submitting ShuffleMapStage 120 (MapPartitionsRDD[304] at Spark Connect - session_id: "a9408e72-f784-4414-a94c-48a15c61a2a5"
user_context {
  user_id: "141038968383667"
  user_name: "c0711894@vale.co...), which has no missing parents
26/01/16 13:09:10 INFO DAGScheduler: Submitting 1 missing tasks from ShuffleMapStage 120 (MapPartitionsRDD[304] at Spark Connect - session_id: "a9408e72-f784-4414-a94c-48a15c61a2a5"
user_context {
  user_id: "141038968383667"
  user_name: "c0711894@vale.co...) (first 15 tasks are for partitions Vector(0))
26/01/16 13:09:10 INFO TaskSchedulerImpl: Adding task set 120.0 with 1 tasks resource profile 0
26/01/16 13:09:10 INFO TaskSetManager: TaskSet 120.0 using PreferredLocationsV1
26/01/16 13:09:10 INFO FairSchedulableBuilder: Added task set TaskSet_120.0 tasks to pool 1768568637510
26/01/16 13:09:10 INFO DAGScheduler: Registering RDD 329 (Spark Connect - session_id: "a9408e72-f784-4414-a94c-48a15c61a2a5"
user_context {
  user_id: "141038968383667"
  user_name: "c0711894@vale.co...) as input to shuffle 26
26/01/16 13:09:10 INFO DAGScheduler: Got map stage job 121 (Spark Connect - session_id: "a9408e72-f784-4414-a94c-48a15c61a2a5"
user_context {
  user_id: "141038968383667"
  user_name: "c0711894@vale.co...) with 1 output partitions
26/01/16 13:09:10 INFO DAGScheduler: Final stage: ShuffleMapStage 121 (Spark Connect - session_id: "a9408e72-f784-4414-a94c-48a15c61a2a5"
user_context {
  user_id: "141038968383667"
  user_name: "c0711894@vale.co...)
26/01/16 13:09:10 INFO DAGScheduler: Parents of final stage: List()
26/01/16 13:09:10 INFO DAGScheduler: Missing parents: List()
26/01/16 13:09:10 INFO DAGScheduler: Submitting ShuffleMapStage 121 (MapPartitionsRDD[329] at Spark Connect - session_id: "a9408e72-f784-4414-a94c-48a15c61a2a5"
user_context {
  user_id: "141038968383667"
  user_name: "c0711894@vale.co...), which has no missing parents
26/01/16 13:09:10 INFO DAGScheduler: Submitting 1 missing tasks from ShuffleMapStage 121 (MapPartitionsRDD[329] at Spark Connect - session_id: "a9408e72-f784-4414-a94c-48a15c61a2a5"
user_context {
  user_id: "141038968383667"
  user_name: "c0711894@vale.co...) (first 15 tasks are for partitions Vector(0))
26/01/16 13:09:10 INFO TaskSchedulerImpl: Adding task set 121.0 with 1 tasks resource profile 0
26/01/16 13:09:10 INFO TaskSetManager: TaskSet 121.0 using PreferredLocationsV1
26/01/16 13:09:10 INFO FairSchedulableBuilder: Added task set TaskSet_121.0 tasks to pool 1768568637510
26/01/16 13:09:10 INFO DAGScheduler: Registering RDD 278 (Spark Connect - session_id: "a9408e72-f784-4414-a94c-48a15c61a2a5"
user_context {
  user_id: "141038968383667"
  user_name: "c0711894@vale.co...) as input to shuffle 10
26/01/16 13:09:10 INFO DAGScheduler: Got map stage job 122 (Spark Connect - session_id: "a9408e72-f784-4414-a94c-48a15c61a2a5"
user_context {
  user_id: "141038968383667"
  user_name: "c0711894@vale.co...) with 1 output partitions
26/01/16 13:09:10 INFO DAGScheduler: Final stage: ShuffleMapStage 122 (Spark Connect - session_id: "a9408e72-f784-4414-a94c-48a15c61a2a5"
user_context {
  user_id: "141038968383667"
  user_name: "c0711894@vale.co...)
26/01/16 13:09:10 INFO DAGScheduler: Parents of final stage: List()
26/01/16 13:09:10 INFO DAGScheduler: Missing parents: List()
26/01/16 13:09:10 INFO DAGScheduler: Submitting ShuffleMapStage 122 (MapPartitionsRDD[278] at Spark Connect - session_id: "a9408e72-f784-4414-a94c-48a15c61a2a5"
user_context {
  user_id: "141038968383667"
  user_name: "c0711894@vale.co...), which has no missing parents
26/01/16 13:09:10 INFO DAGScheduler: Submitting 1 missing tasks from ShuffleMapStage 122 (MapPartitionsRDD[278] at Spark Connect - session_id: "a9408e72-f784-4414-a94c-48a15c61a2a5"
user_context {
  user_id: "141038968383667"
  user_name: "c0711894@vale.co...) (first 15 tasks are for partitions Vector(0))
26/01/16 13:09:10 INFO TaskSchedulerImpl: Adding task set 122.0 with 1 tasks resource profile 0
26/01/16 13:09:10 INFO TaskSetManager: TaskSet 122.0 using PreferredLocationsV1
26/01/16 13:09:10 INFO FairSchedulableBuilder: Added task set TaskSet_122.0 tasks to pool 1768568637510
26/01/16 13:09:10 INFO DAGScheduler: Registering RDD 289 (Spark Connect - session_id: "a9408e72-f784-4414-a94c-48a15c61a2a5"
user_context {
  user_id: "141038968383667"
  user_name: "c0711894@vale.co...) as input to shuffle 16
26/01/16 13:09:10 INFO DAGScheduler: Got map stage job 123 (Spark Connect - session_id: "a9408e72-f784-4414-a94c-48a15c61a2a5"
user_context {
  user_id: "141038968383667"
  user_name: "c0711894@vale.co...) with 1 output partitions
26/01/16 13:09:10 INFO DAGScheduler: Final stage: ShuffleMapStage 123 (Spark Connect - session_id: "a9408e72-f784-4414-a94c-48a15c61a2a5"
user_context {
  user_id: "141038968383667"
  user_name: "c0711894@vale.co...)
26/01/16 13:09:10 INFO DAGScheduler: Parents of final stage: List()
26/01/16 13:09:10 INFO DAGScheduler: Missing parents: List()
26/01/16 13:09:10 INFO DAGScheduler: Submitting ShuffleMapStage 123 (MapPartitionsRDD[289] at Spark Connect - session_id: "a9408e72-f784-4414-a94c-48a15c61a2a5"
user_context {
  user_id: "141038968383667"
  user_name: "c0711894@vale.co...), which has no missing parents
26/01/16 13:09:10 INFO DAGScheduler: Submitting 1 missing tasks from ShuffleMapStage 123 (MapPartitionsRDD[289] at Spark Connect - session_id: "a9408e72-f784-4414-a94c-48a15c61a2a5"
user_context {
  user_id: "141038968383667"
  user_name: "c0711894@vale.co...) (first 15 tasks are for partitions Vector(0))
26/01/16 13:09:10 INFO TaskSchedulerImpl: Adding task set 123.0 with 1 tasks resource profile 0
26/01/16 13:09:10 INFO TaskSetManager: TaskSet 123.0 using PreferredLocationsV1
26/01/16 13:09:10 INFO FairSchedulableBuilder: Added task set TaskSet_123.0 tasks to pool 1768568637510
26/01/16 13:09:10 INFO DAGScheduler: Registering RDD 321 (Spark Connect - session_id: "a9408e72-f784-4414-a94c-48a15c61a2a5"
user_context {
  user_id: "141038968383667"
  user_name: "c0711894@vale.co...) as input to shuffle 24
26/01/16 13:09:10 INFO DAGScheduler: Got map stage job 124 (Spark Connect - session_id: "a9408e72-f784-4414-a94c-48a15c61a2a5"
user_context {
  user_id: "141038968383667"
  user_name: "c0711894@vale.co...) with 1 output partitions
26/01/16 13:09:10 INFO DAGScheduler: Final stage: ShuffleMapStage 124 (Spark Connect - session_id: "a9408e72-f784-4414-a94c-48a15c61a2a5"
user_context {
  user_id: "141038968383667"
  user_name: "c0711894@vale.co...)
26/01/16 13:09:10 INFO DAGScheduler: Parents of final stage: List()
26/01/16 13:09:10 INFO DAGScheduler: Missing parents: List()
26/01/16 13:09:10 INFO DAGScheduler: Submitting ShuffleMapStage 124 (MapPartitionsRDD[321] at Spark Connect - session_id: "a9408e72-f784-4414-a94c-48a15c61a2a5"
user_context {
  user_id: "141038968383667"
  user_name: "c0711894@vale.co...), which has no missing parents
26/01/16 13:09:10 INFO DAGScheduler: Submitting 1 missing tasks from ShuffleMapStage 124 (MapPartitionsRDD[321] at Spark Connect - session_id: "a9408e72-f784-4414-a94c-48a15c61a2a5"
user_context {
  user_id: "141038968383667"
  user_name: "c0711894@vale.co...) (first 15 tasks are for partitions Vector(0))
26/01/16 13:09:10 INFO TaskSchedulerImpl: Adding task set 124.0 with 1 tasks resource profile 0
26/01/16 13:09:10 INFO TaskSetManager: TaskSet 124.0 using PreferredLocationsV1
26/01/16 13:09:10 INFO FairSchedulableBuilder: Added task set TaskSet_124.0 tasks to pool 1768568637510
26/01/16 13:09:10 INFO DAGScheduler: Registering RDD 295 (Spark Connect - session_id: "a9408e72-f784-4414-a94c-48a15c61a2a5"
user_context {
  user_id: "141038968383667"
  user_name: "c0711894@vale.co...) as input to shuffle 18
26/01/16 13:09:10 INFO DAGScheduler: Got map stage job 126 (Spark Connect - session_id: "a9408e72-f784-4414-a94c-48a15c61a2a5"
user_context {
  user_id: "141038968383667"
  user_name: "c0711894@vale.co...) with 1 output partitions
26/01/16 13:09:10 INFO DAGScheduler: Final stage: ShuffleMapStage 125 (Spark Connect - session_id: "a9408e72-f784-4414-a94c-48a15c61a2a5"
user_context {
  user_id: "141038968383667"
  user_name: "c0711894@vale.co...)
26/01/16 13:09:10 INFO DAGScheduler: Parents of final stage: List()
26/01/16 13:09:10 INFO DAGScheduler: Missing parents: List()
26/01/16 13:09:10 INFO DAGScheduler: Submitting ShuffleMapStage 125 (MapPartitionsRDD[295] at Spark Connect - session_id: "a9408e72-f784-4414-a94c-48a15c61a2a5"
user_context {
  user_id: "141038968383667"
  user_name: "c0711894@vale.co...), which has no missing parents
26/01/16 13:09:10 INFO DAGScheduler: Submitting 1 missing tasks from ShuffleMapStage 125 (MapPartitionsRDD[295] at Spark Connect - session_id: "a9408e72-f784-4414-a94c-48a15c61a2a5"
user_context {
  user_id: "141038968383667"
  user_name: "c0711894@vale.co...) (first 15 tasks are for partitions Vector(0))
26/01/16 13:09:10 INFO TaskSchedulerImpl: Adding task set 125.0 with 1 tasks resource profile 0
26/01/16 13:09:10 INFO TaskSetManager: TaskSet 125.0 using PreferredLocationsV1
26/01/16 13:09:10 INFO FairSchedulableBuilder: Added task set TaskSet_125.0 tasks to pool 1768568637510
26/01/16 13:09:10 INFO DAGScheduler: Registering RDD 314 (Spark Connect - session_id: "a9408e72-f784-4414-a94c-48a15c61a2a5"
user_context {
  user_id: "141038968383667"
  user_name: "c0711894@vale.co...) as input to shuffle 21
26/01/16 13:09:10 INFO DAGScheduler: Got map stage job 127 (Spark Connect - session_id: "a9408e72-f784-4414-a94c-48a15c61a2a5"
user_context {
  user_id: "141038968383667"
  user_name: "c0711894@vale.co...) with 1 output partitions
26/01/16 13:09:10 INFO DAGScheduler: Final stage: ShuffleMapStage 126 (Spark Connect - session_id: "a9408e72-f784-4414-a94c-48a15c61a2a5"
user_context {
  user_id: "141038968383667"
  user_name: "c0711894@vale.co...)
26/01/16 13:09:10 INFO DAGScheduler: Parents of final stage: List()
26/01/16 13:09:10 INFO DAGScheduler: Missing parents: List()
26/01/16 13:09:10 INFO DAGScheduler: Submitting ShuffleMapStage 126 (MapPartitionsRDD[314] at Spark Connect - session_id: "a9408e72-f784-4414-a94c-48a15c61a2a5"
user_context {
  user_id: "141038968383667"
  user_name: "c0711894@vale.co...), which has no missing parents
26/01/16 13:09:10 INFO DAGScheduler: Submitting 1 missing tasks from ShuffleMapStage 126 (MapPartitionsRDD[314] at Spark Connect - session_id: "a9408e72-f784-4414-a94c-48a15c61a2a5"
user_context {
  user_id: "141038968383667"
  user_name: "c0711894@vale.co...) (first 15 tasks are for partitions Vector(0))
26/01/16 13:09:10 INFO TaskSchedulerImpl: Adding task set 126.0 with 1 tasks resource profile 0
26/01/16 13:09:10 INFO TaskSetManager: TaskSet 126.0 using PreferredLocationsV1
26/01/16 13:09:10 INFO FairSchedulableBuilder: Added task set TaskSet_126.0 tasks to pool 1768568637510
26/01/16 13:09:10 INFO DAGScheduler: Registering RDD 263 (Spark Connect - session_id: "a9408e72-f784-4414-a94c-48a15c61a2a5"
user_context {
  user_id: "141038968383667"
  user_name: "c0711894@vale.co...) as input to shuffle 6
26/01/16 13:09:10 INFO DAGScheduler: Got map stage job 128 (Spark Connect - session_id: "a9408e72-f784-4414-a94c-48a15c61a2a5"
user_context {
  user_id: "141038968383667"
  user_name: "c0711894@vale.co...) with 1 output partitions
26/01/16 13:09:10 INFO DAGScheduler: Final stage: ShuffleMapStage 127 (Spark Connect - session_id: "a9408e72-f784-4414-a94c-48a15c61a2a5"
user_context {
  user_id: "141038968383667"
  user_name: "c0711894@vale.co...)
26/01/16 13:09:10 INFO DAGScheduler: Parents of final stage: List()
26/01/16 13:09:10 INFO DAGScheduler: Missing parents: List()
26/01/16 13:09:10 INFO DAGScheduler: Submitting ShuffleMapStage 127 (MapPartitionsRDD[263] at Spark Connect - session_id: "a9408e72-f784-4414-a94c-48a15c61a2a5"
user_context {
  user_id: "141038968383667"
  user_name: "c0711894@vale.co...), which has no missing parents
26/01/16 13:09:10 INFO DAGScheduler: Submitting 1 missing tasks from ShuffleMapStage 127 (MapPartitionsRDD[263] at Spark Connect - session_id: "a9408e72-f784-4414-a94c-48a15c61a2a5"
user_context {
  user_id: "141038968383667"
  user_name: "c0711894@vale.co...) (first 15 tasks are for partitions Vector(0))
26/01/16 13:09:10 INFO TaskSchedulerImpl: Adding task set 127.0 with 1 tasks resource profile 0
26/01/16 13:09:10 INFO TaskSetManager: TaskSet 127.0 using PreferredLocationsV1
26/01/16 13:09:10 INFO FairSchedulableBuilder: Added task set TaskSet_127.0 tasks to pool 1768568637510
26/01/16 13:09:10 INFO DAGScheduler: Registering RDD 280 (Spark Connect - session_id: "a9408e72-f784-4414-a94c-48a15c61a2a5"
user_context {
  user_id: "141038968383667"
  user_name: "c0711894@vale.co...) as input to shuffle 11
26/01/16 13:09:10 INFO DAGScheduler: Got map stage job 130 (Spark Connect - session_id: "a9408e72-f784-4414-a94c-48a15c61a2a5"
user_context {
  user_id: "141038968383667"
  user_name: "c0711894@vale.co...) with 1 output partitions
26/01/16 13:09:10 INFO DAGScheduler: Final stage: ShuffleMapStage 128 (Spark Connect - session_id: "a9408e72-f784-4414-a94c-48a15c61a2a5"
user_context {
  user_id: "141038968383667"
  user_name: "c0711894@vale.co...)
26/01/16 13:09:10 INFO DAGScheduler: Parents of final stage: List()
26/01/16 13:09:10 INFO DAGScheduler: Missing parents: List()
26/01/16 13:09:10 INFO DAGScheduler: Submitting ShuffleMapStage 128 (MapPartitionsRDD[280] at Spark Connect - session_id: "a9408e72-f784-4414-a94c-48a15c61a2a5"
user_context {
  user_id: "141038968383667"
  user_name: "c0711894@vale.co...), which has no missing parents
26/01/16 13:09:10 INFO DAGScheduler: Submitting 1 missing tasks from ShuffleMapStage 128 (MapPartitionsRDD[280] at Spark Connect - session_id: "a9408e72-f784-4414-a94c-48a15c61a2a5"
user_context {
  user_id: "141038968383667"
  user_name: "c0711894@vale.co...) (first 15 tasks are for partitions Vector(0))
26/01/16 13:09:10 INFO TaskSchedulerImpl: Adding task set 128.0 with 1 tasks resource profile 0
26/01/16 13:09:10 INFO TaskSetManager: TaskSet 128.0 using PreferredLocationsV1
26/01/16 13:09:10 INFO FairSchedulableBuilder: Added task set TaskSet_128.0 tasks to pool 1768568637510
26/01/16 13:09:10 INFO DAGScheduler: Registering RDD 276 (Spark Connect - session_id: "a9408e72-f784-4414-a94c-48a15c61a2a5"
user_context {
  user_id: "141038968383667"
  user_name: "c0711894@vale.co...) as input to shuffle 9
26/01/16 13:09:10 INFO DAGScheduler: Got map stage job 131 (Spark Connect - session_id: "a9408e72-f784-4414-a94c-48a15c61a2a5"
user_context {
  user_id: "141038968383667"
  user_name: "c0711894@vale.co...) with 1 output partitions
26/01/16 13:09:10 INFO DAGScheduler: Final stage: ShuffleMapStage 129 (Spark Connect - session_id: "a9408e72-f784-4414-a94c-48a15c61a2a5"
user_context {
  user_id: "141038968383667"
  user_name: "c0711894@vale.co...)
26/01/16 13:09:10 INFO DAGScheduler: Parents of final stage: List()
26/01/16 13:09:10 INFO DAGScheduler: Missing parents: List()
26/01/16 13:09:10 INFO DAGScheduler: Submitting ShuffleMapStage 129 (MapPartitionsRDD[276] at Spark Connect - session_id: "a9408e72-f784-4414-a94c-48a15c61a2a5"
user_context {
  user_id: "141038968383667"
  user_name: "c0711894@vale.co...), which has no missing parents
26/01/16 13:09:10 INFO DAGScheduler: Submitting 1 missing tasks from ShuffleMapStage 129 (MapPartitionsRDD[276] at Spark Connect - session_id: "a9408e72-f784-4414-a94c-48a15c61a2a5"
user_context {
  user_id: "141038968383667"
  user_name: "c0711894@vale.co...) (first 15 tasks are for partitions Vector(0))
26/01/16 13:09:10 INFO TaskSchedulerImpl: Adding task set 129.0 with 1 tasks resource profile 0
26/01/16 13:09:10 INFO TaskSetManager: TaskSet 129.0 using PreferredLocationsV1
26/01/16 13:09:10 INFO FairSchedulableBuilder: Added task set TaskSet_129.0 tasks to pool 1768568637510
26/01/16 13:09:10 INFO DAGScheduler: Registering RDD 284 (Spark Connect - session_id: "a9408e72-f784-4414-a94c-48a15c61a2a5"
user_context {
  user_id: "141038968383667"
  user_name: "c0711894@vale.co...) as input to shuffle 13
26/01/16 13:09:10 INFO DAGScheduler: Got map stage job 125 (Spark Connect - session_id: "a9408e72-f784-4414-a94c-48a15c61a2a5"
user_context {
  user_id: "141038968383667"
  user_name: "c0711894@vale.co...) with 1 output partitions
26/01/16 13:09:10 INFO DAGScheduler: Final stage: ShuffleMapStage 130 (Spark Connect - session_id: "a9408e72-f784-4414-a94c-48a15c61a2a5"
user_context {
  user_id: "141038968383667"
  user_name: "c0711894@vale.co...)
26/01/16 13:09:10 INFO DAGScheduler: Parents of final stage: List()
26/01/16 13:09:10 INFO DAGScheduler: Missing parents: List()
26/01/16 13:09:10 INFO DAGScheduler: Submitting ShuffleMapStage 130 (MapPartitionsRDD[284] at Spark Connect - session_id: "a9408e72-f784-4414-a94c-48a15c61a2a5"
user_context {
  user_id: "141038968383667"
  user_name: "c0711894@vale.co...), which has no missing parents
26/01/16 13:09:10 INFO DAGScheduler: Submitting 1 missing tasks from ShuffleMapStage 130 (MapPartitionsRDD[284] at Spark Connect - session_id: "a9408e72-f784-4414-a94c-48a15c61a2a5"
user_context {
  user_id: "141038968383667"
  user_name: "c0711894@vale.co...) (first 15 tasks are for partitions Vector(0))
26/01/16 13:09:10 INFO TaskSchedulerImpl: Adding task set 130.0 with 1 tasks resource profile 0
26/01/16 13:09:10 INFO TaskSetManager: TaskSet 130.0 using PreferredLocationsV1
26/01/16 13:09:10 INFO FairSchedulableBuilder: Added task set TaskSet_130.0 tasks to pool 1768568637510
26/01/16 13:09:10 INFO DAGScheduler: Registering RDD 287 (Spark Connect - session_id: "a9408e72-f784-4414-a94c-48a15c61a2a5"
user_context {
  user_id: "141038968383667"
  user_name: "c0711894@vale.co...) as input to shuffle 14
26/01/16 13:09:10 INFO DAGScheduler: Got map stage job 129 (Spark Connect - session_id: "a9408e72-f784-4414-a94c-48a15c61a2a5"
user_context {
  user_id: "141038968383667"
  user_name: "c0711894@vale.co...) with 1 output partitions
26/01/16 13:09:10 INFO DAGScheduler: Final stage: ShuffleMapStage 131 (Spark Connect - session_id: "a9408e72-f784-4414-a94c-48a15c61a2a5"
user_context {
  user_id: "141038968383667"
  user_name: "c0711894@vale.co...)
26/01/16 13:09:10 INFO DAGScheduler: Parents of final stage: List()
26/01/16 13:09:10 INFO DAGScheduler: Missing parents: List()
26/01/16 13:09:10 INFO DAGScheduler: Submitting ShuffleMapStage 131 (MapPartitionsRDD[287] at Spark Connect - session_id: "a9408e72-f784-4414-a94c-48a15c61a2a5"
user_context {
  user_id: "141038968383667"
  user_name: "c0711894@vale.co...), which has no missing parents
26/01/16 13:09:10 INFO DAGScheduler: Submitting 1 missing tasks from ShuffleMapStage 131 (MapPartitionsRDD[287] at Spark Connect - session_id: "a9408e72-f784-4414-a94c-48a15c61a2a5"
user_context {
  user_id: "141038968383667"
  user_name: "c0711894@vale.co...) (first 15 tasks are for partitions Vector(0))
26/01/16 13:09:10 INFO TaskSchedulerImpl: Adding task set 131.0 with 1 tasks resource profile 0
26/01/16 13:09:10 INFO TaskSetManager: TaskSet 131.0 using PreferredLocationsV1
26/01/16 13:09:10 INFO FairSchedulableBuilder: Added task set TaskSet_131.0 tasks to pool 1768568637510
26/01/16 13:09:10 INFO DAGScheduler: Registering RDD 273 (Spark Connect - session_id: "a9408e72-f784-4414-a94c-48a15c61a2a5"
user_context {
  user_id: "141038968383667"
  user_name: "c0711894@vale.co...) as input to shuffle 8
26/01/16 13:09:10 INFO DAGScheduler: Got map stage job 132 (Spark Connect - session_id: "a9408e72-f784-4414-a94c-48a15c61a2a5"
user_context {
  user_id: "141038968383667"
  user_name: "c0711894@vale.co...) with 1 output partitions
26/01/16 13:09:10 INFO DAGScheduler: Final stage: ShuffleMapStage 132 (Spark Connect - session_id: "a9408e72-f784-4414-a94c-48a15c61a2a5"
user_context {
  user_id: "141038968383667"
  user_name: "c0711894@vale.co...)
26/01/16 13:09:10 INFO DAGScheduler: Parents of final stage: List()
26/01/16 13:09:10 INFO DAGScheduler: Missing parents: List()
26/01/16 13:09:10 INFO TaskSetManager: Starting task 0.0 in stage 116.0 (TID 114) (10.139.64.10,executor 0, partition 0, PROCESS_LOCAL, 
26/01/16 13:09:10 INFO TaskSetManager: Finished task 0.0 in stage 109.0 (TID 112) in 438 ms on 10.139.64.10 (executor 0) (1/1)
26/01/16 13:09:10 INFO MemoryStore: Block broadcast_146 stored as values in memory (estimated size 250.8 KiB, free 3.3 GiB)
26/01/16 13:09:10 INFO TaskSchedulerImpl: Removed TaskSet 109.0 whose tasks have all completed, from pool 1768568637510
26/01/16 13:09:10 INFO TaskSetManager: Finished task 0.0 in stage 107.0 (TID 110) in 476 ms on 10.139.64.10 (executor 0) (1/1)
26/01/16 13:09:10 INFO TaskSchedulerImpl: Removed TaskSet 107.0 whose tasks have all completed, from pool 1768568637510
26/01/16 13:09:10 INFO MemoryStore: Block broadcast_146_piece0 stored as bytes in memory (estimated size 93.5 KiB, free 3.3 GiB)
26/01/16 13:09:10 INFO TaskSetManager: Starting task 0.0 in stage 113.0 (TID 115) (10.139.64.10,executor 0, partition 0, PROCESS_LOCAL, 
26/01/16 13:09:10 INFO TaskSetManager: Starting task 0.0 in stage 111.0 (TID 116) (10.139.64.10,executor 0, partition 0, PROCESS_LOCAL, 
26/01/16 13:09:10 INFO SparkContext: Created broadcast 146 from broadcast at TaskSetManager.scala:848
26/01/16 13:09:10 INFO MemoryStore: Block broadcast_147 stored as values in memory (estimated size 250.8 KiB, free 3.3 GiB)
26/01/16 13:09:10 INFO MemoryStore: Block broadcast_147_piece0 stored as bytes in memory (estimated size 93.6 KiB, free 3.3 GiB)
26/01/16 13:09:10 INFO SparkContext: Created broadcast 147 from broadcast at TaskSetManager.scala:848
26/01/16 13:09:10 INFO MemoryStore: Block broadcast_148 stored as values in memory (estimated size 250.8 KiB, free 3.3 GiB)
26/01/16 13:09:10 INFO TaskSetManager: Finished task 0.0 in stage 110.0 (TID 113) in 418 ms on 10.139.64.10 (executor 0) (1/1)
26/01/16 13:09:10 INFO TaskSchedulerImpl: Removed TaskSet 110.0 whose tasks have all completed, from pool 1768568637510
26/01/16 13:09:10 INFO MemoryStore: Block broadcast_148_piece0 stored as bytes in memory (estimated size 93.5 KiB, free 3.3 GiB)
26/01/16 13:09:10 INFO SparkContext: Created broadcast 148 from broadcast at TaskSetManager.scala:848
26/01/16 13:09:10 INFO DAGScheduler: Submitting ShuffleMapStage 132 (MapPartitionsRDD[273] at Spark Connect - session_id: "a9408e72-f784-4414-a94c-48a15c61a2a5"
user_context {
  user_id: "141038968383667"
  user_name: "c0711894@vale.co...), which has no missing parents
26/01/16 13:09:10 INFO DAGScheduler: Submitting 1 missing tasks from ShuffleMapStage 132 (MapPartitionsRDD[273] at Spark Connect - session_id: "a9408e72-f784-4414-a94c-48a15c61a2a5"
user_context {
  user_id: "141038968383667"
  user_name: "c0711894@vale.co...) (first 15 tasks are for partitions Vector(0))
26/01/16 13:09:10 INFO TaskSchedulerImpl: Adding task set 132.0 with 1 tasks resource profile 0
26/01/16 13:09:10 INFO TaskSetManager: TaskSet 132.0 using PreferredLocationsV1
26/01/16 13:09:10 INFO FairSchedulableBuilder: Added task set TaskSet_132.0 tasks to pool 1768568637510
26/01/16 13:09:10 INFO DAGScheduler: Registering RDD 323 (Spark Connect - session_id: "a9408e72-f784-4414-a94c-48a15c61a2a5"
user_context {
  user_id: "141038968383667"
  user_name: "c0711894@vale.co...) as input to shuffle 25
26/01/16 13:09:10 INFO DAGScheduler: Got map stage job 133 (Spark Connect - session_id: "a9408e72-f784-4414-a94c-48a15c61a2a5"
user_context {
  user_id: "141038968383667"
  user_name: "c0711894@vale.co...) with 1 output partitions
26/01/16 13:09:10 INFO DAGScheduler: Final stage: ShuffleMapStage 133 (Spark Connect - session_id: "a9408e72-f784-4414-a94c-48a15c61a2a5"
user_context {
  user_id: "141038968383667"
  user_name: "c0711894@vale.co...)
26/01/16 13:09:10 INFO DAGScheduler: Parents of final stage: List()
26/01/16 13:09:10 INFO DAGScheduler: Missing parents: List()
26/01/16 13:09:10 INFO DAGScheduler: Submitting ShuffleMapStage 133 (MapPartitionsRDD[323] at Spark Connect - session_id: "a9408e72-f784-4414-a94c-48a15c61a2a5"
user_context {
  user_id: "141038968383667"
  user_name: "c0711894@vale.co...), which has no missing parents
26/01/16 13:09:10 INFO DAGScheduler: Submitting 1 missing tasks from ShuffleMapStage 133 (MapPartitionsRDD[323] at Spark Connect - session_id: "a9408e72-f784-4414-a94c-48a15c61a2a5"
user_context {
  user_id: "141038968383667"
  user_name: "c0711894@vale.co...) (first 15 tasks are for partitions Vector(0))
26/01/16 13:09:10 INFO TaskSchedulerImpl: Adding task set 133.0 with 1 tasks resource profile 0
26/01/16 13:09:10 INFO TaskSetManager: TaskSet 133.0 using PreferredLocationsV1
26/01/16 13:09:10 INFO FairSchedulableBuilder: Added task set TaskSet_133.0 tasks to pool 1768568637510
26/01/16 13:09:10 INFO DAGScheduler: Registering RDD 337 (Spark Connect - session_id: "a9408e72-f784-4414-a94c-48a15c61a2a5"
user_context {
  user_id: "141038968383667"
  user_name: "c0711894@vale.co...) as input to shuffle 28
26/01/16 13:09:10 INFO DAGScheduler: Got map stage job 134 (Spark Connect - session_id: "a9408e72-f784-4414-a94c-48a15c61a2a5"
user_context {
  user_id: "141038968383667"
  user_name: "c0711894@vale.co...) with 1 output partitions
26/01/16 13:09:10 INFO DAGScheduler: Final stage: ShuffleMapStage 134 (Spark Connect - session_id: "a9408e72-f784-4414-a94c-48a15c61a2a5"
user_context {
  user_id: "141038968383667"
  user_name: "c0711894@vale.co...)
26/01/16 13:09:10 INFO DAGScheduler: Parents of final stage: List()
26/01/16 13:09:10 INFO DAGScheduler: Missing parents: List()
26/01/16 13:09:10 INFO DAGScheduler: Submitting ShuffleMapStage 134 (MapPartitionsRDD[337] at Spark Connect - session_id: "a9408e72-f784-4414-a94c-48a15c61a2a5"
user_context {
  user_id: "141038968383667"
  user_name: "c0711894@vale.co...), which has no missing parents
26/01/16 13:09:10 INFO TaskSetManager: Starting task 0.0 in stage 112.0 (TID 117) (10.139.64.10,executor 0, partition 0, PROCESS_LOCAL, 
26/01/16 13:09:10 INFO TaskSetManager: Finished task 0.0 in stage 108.0 (TID 111) in 494 ms on 10.139.64.10 (executor 0) (1/1)
26/01/16 13:09:10 INFO TaskSchedulerImpl: Removed TaskSet 108.0 whose tasks have all completed, from pool 1768568637510
26/01/16 13:09:10 INFO MemoryStore: Block broadcast_149 stored as values in memory (estimated size 261.3 KiB, free 3.3 GiB)
26/01/16 13:09:10 INFO MemoryStore: Block broadcast_149_piece0 stored as bytes in memory (estimated size 95.7 KiB, free 3.3 GiB)
26/01/16 13:09:10 INFO SparkContext: Created broadcast 149 from broadcast at TaskSetManager.scala:848
26/01/16 13:09:10 INFO DAGScheduler: Submitting 1 missing tasks from ShuffleMapStage 134 (MapPartitionsRDD[337] at Spark Connect - session_id: "a9408e72-f784-4414-a94c-48a15c61a2a5"
user_context {
  user_id: "141038968383667"
  user_name: "c0711894@vale.co...) (first 15 tasks are for partitions Vector(0))
26/01/16 13:09:10 INFO TaskSchedulerImpl: Adding task set 134.0 with 1 tasks resource profile 0
26/01/16 13:09:10 INFO TaskSetManager: TaskSet 134.0 using PreferredLocationsV1
26/01/16 13:09:10 INFO FairSchedulableBuilder: Added task set TaskSet_134.0 tasks to pool 1768568637510
26/01/16 13:09:10 INFO DAGScheduler: Registering RDD 335 (Spark Connect - session_id: "a9408e72-f784-4414-a94c-48a15c61a2a5"
user_context {
  user_id: "141038968383667"
  user_name: "c0711894@vale.co...) as input to shuffle 27
26/01/16 13:09:10 INFO DAGScheduler: Got map stage job 135 (Spark Connect - session_id: "a9408e72-f784-4414-a94c-48a15c61a2a5"
user_context {
  user_id: "141038968383667"
  user_name: "c0711894@vale.co...) with 1 output partitions
26/01/16 13:09:10 INFO DAGScheduler: Final stage: ShuffleMapStage 135 (Spark Connect - session_id: "a9408e72-f784-4414-a94c-48a15c61a2a5"
user_context {
  user_id: "141038968383667"
  user_name: "c0711894@vale.co...)
26/01/16 13:09:10 INFO DAGScheduler: Parents of final stage: List()
26/01/16 13:09:10 INFO DAGScheduler: Missing parents: List()
26/01/16 13:09:10 INFO DAGScheduler: Submitting ShuffleMapStage 135 (MapPartitionsRDD[335] at Spark Connect - session_id: "a9408e72-f784-4414-a94c-48a15c61a2a5"
user_context {
  user_id: "141038968383667"
  user_name: "c0711894@vale.co...), which has no missing parents
26/01/16 13:09:10 INFO DAGScheduler: Submitting 1 missing tasks from ShuffleMapStage 135 (MapPartitionsRDD[335] at Spark Connect - session_id: "a9408e72-f784-4414-a94c-48a15c61a2a5"
user_context {
  user_id: "141038968383667"
  user_name: "c0711894@vale.co...) (first 15 tasks are for partitions Vector(0))
26/01/16 13:09:10 INFO TaskSchedulerImpl: Adding task set 135.0 with 1 tasks resource profile 0
26/01/16 13:09:10 INFO TaskSetManager: TaskSet 135.0 using PreferredLocationsV1
26/01/16 13:09:10 INFO FairSchedulableBuilder: Added task set TaskSet_135.0 tasks to pool 1768568637510
26/01/16 13:09:10 INFO DAGScheduler: Registering RDD 340 (Spark Connect - session_id: "a9408e72-f784-4414-a94c-48a15c61a2a5"
user_context {
  user_id: "141038968383667"
  user_name: "c0711894@vale.co...) as input to shuffle 29
26/01/16 13:09:10 INFO DAGScheduler: Got map stage job 136 (Spark Connect - session_id: "a9408e72-f784-4414-a94c-48a15c61a2a5"
user_context {
  user_id: "141038968383667"
  user_name: "c0711894@vale.co...) with 2 output partitions
26/01/16 13:09:10 INFO DAGScheduler: Final stage: ShuffleMapStage 136 (Spark Connect - session_id: "a9408e72-f784-4414-a94c-48a15c61a2a5"
user_context {
  user_id: "141038968383667"
  user_name: "c0711894@vale.co...)
26/01/16 13:09:10 INFO DAGScheduler: Parents of final stage: List()
26/01/16 13:09:10 INFO DAGScheduler: Missing parents: List()
26/01/16 13:09:10 INFO DAGScheduler: Submitting ShuffleMapStage 136 (MapPartitionsRDD[340] at Spark Connect - session_id: "a9408e72-f784-4414-a94c-48a15c61a2a5"
user_context {
  user_id: "141038968383667"
  user_name: "c0711894@vale.co...), which has no missing parents
26/01/16 13:09:10 INFO DAGScheduler: Submitting 2 missing tasks from ShuffleMapStage 136 (MapPartitionsRDD[340] at Spark Connect - session_id: "a9408e72-f784-4414-a94c-48a15c61a2a5"
user_context {
  user_id: "141038968383667"
  user_name: "c0711894@vale.co...) (first 15 tasks are for partitions Vector(0, 1))
26/01/16 13:09:10 INFO TaskSchedulerImpl: Adding task set 136.0 with 2 tasks resource profile 0
26/01/16 13:09:10 INFO TaskSetManager: TaskSet 136.0 using PreferredLocationsV1
26/01/16 13:09:11 INFO FairSchedulableBuilder: Added task set TaskSet_136.0 tasks to pool 1768568637510
26/01/16 13:09:11 INFO DAGScheduler: Registering RDD 343 (Spark Connect - session_id: "a9408e72-f784-4414-a94c-48a15c61a2a5"
user_context {
  user_id: "141038968383667"
  user_name: "c0711894@vale.co...) as input to shuffle 30
26/01/16 13:09:11 INFO DAGScheduler: Got map stage job 137 (Spark Connect - session_id: "a9408e72-f784-4414-a94c-48a15c61a2a5"
user_context {
  user_id: "141038968383667"
  user_name: "c0711894@vale.co...) with 1 output partitions
26/01/16 13:09:11 INFO DAGScheduler: Final stage: ShuffleMapStage 137 (Spark Connect - session_id: "a9408e72-f784-4414-a94c-48a15c61a2a5"
user_context {
  user_id: "141038968383667"
  user_name: "c0711894@vale.co...)
26/01/16 13:09:11 INFO DAGScheduler: Parents of final stage: List()
26/01/16 13:09:11 INFO DAGScheduler: Missing parents: List()
26/01/16 13:09:11 INFO DAGScheduler: Submitting ShuffleMapStage 137 (MapPartitionsRDD[343] at Spark Connect - session_id: "a9408e72-f784-4414-a94c-48a15c61a2a5"
user_context {
  user_id: "141038968383667"
  user_name: "c0711894@vale.co...), which has no missing parents
26/01/16 13:09:11 INFO DAGScheduler: Submitting 1 missing tasks from ShuffleMapStage 137 (MapPartitionsRDD[343] at Spark Connect - session_id: "a9408e72-f784-4414-a94c-48a15c61a2a5"
user_context {
  user_id: "141038968383667"
  user_name: "c0711894@vale.co...) (first 15 tasks are for partitions Vector(0))
26/01/16 13:09:11 INFO TaskSchedulerImpl: Adding task set 137.0 with 1 tasks resource profile 0
26/01/16 13:09:11 INFO TaskSetManager: TaskSet 137.0 using PreferredLocationsV1
26/01/16 13:09:11 INFO FairSchedulableBuilder: Added task set TaskSet_137.0 tasks to pool 1768568637510
26/01/16 13:09:11 INFO DAGScheduler: Registering RDD 347 (Spark Connect - session_id: "a9408e72-f784-4414-a94c-48a15c61a2a5"
user_context {
  user_id: "141038968383667"
  user_name: "c0711894@vale.co...) as input to shuffle 31
26/01/16 13:09:11 INFO DAGScheduler: Got map stage job 138 (Spark Connect - session_id: "a9408e72-f784-4414-a94c-48a15c61a2a5"
user_context {
  user_id: "141038968383667"
  user_name: "c0711894@vale.co...) with 6 output partitions
26/01/16 13:09:11 INFO DAGScheduler: Final stage: ShuffleMapStage 138 (Spark Connect - session_id: "a9408e72-f784-4414-a94c-48a15c61a2a5"
user_context {
  user_id: "141038968383667"
  user_name: "c0711894@vale.co...)
26/01/16 13:09:11 INFO DAGScheduler: Parents of final stage: List()
26/01/16 13:09:11 INFO DAGScheduler: Missing parents: List()
26/01/16 13:09:11 INFO DAGScheduler: Submitting ShuffleMapStage 138 (MapPartitionsRDD[347] at Spark Connect - session_id: "a9408e72-f784-4414-a94c-48a15c61a2a5"
user_context {
  user_id: "141038968383667"
  user_name: "c0711894@vale.co...), which has no missing parents
26/01/16 13:09:11 INFO TaskSetManager: Finished task 0.0 in stage 113.0 (TID 115) in 141 ms on 10.139.64.10 (executor 0) (1/1)
26/01/16 13:09:11 INFO TaskSchedulerImpl: Removed TaskSet 113.0 whose tasks have all completed, from pool 1768568637510
26/01/16 13:09:11 INFO TaskSetManager: Starting task 0.0 in stage 114.0 (TID 118) (10.139.64.10,executor 0, partition 0, PROCESS_LOCAL, 
26/01/16 13:09:11 INFO MemoryStore: Block broadcast_150 stored as values in memory (estimated size 250.8 KiB, free 3.3 GiB)
26/01/16 13:09:11 INFO MemoryStore: Block broadcast_150_piece0 stored as bytes in memory (estimated size 93.6 KiB, free 3.3 GiB)
26/01/16 13:09:11 INFO SparkContext: Created broadcast 150 from broadcast at TaskSetManager.scala:848
26/01/16 13:09:11 INFO TaskSetManager: Starting task 0.0 in stage 115.0 (TID 119) (10.139.64.10,executor 0, partition 0, PROCESS_LOCAL, 
26/01/16 13:09:11 INFO TaskSetManager: Starting task 0.0 in stage 118.0 (TID 120) (10.139.64.10,executor 0, partition 0, PROCESS_LOCAL, 
26/01/16 13:09:11 INFO MemoryStore: Block broadcast_151 stored as values in memory (estimated size 250.8 KiB, free 3.3 GiB)
26/01/16 13:09:11 INFO TaskSetManager: Finished task 0.0 in stage 111.0 (TID 116) in 167 ms on 10.139.64.10 (executor 0) (1/1)
26/01/16 13:09:11 INFO TaskSchedulerImpl: Removed TaskSet 111.0 whose tasks have all completed, from pool 1768568637510
26/01/16 13:09:11 INFO TaskSetManager: Finished task 0.0 in stage 116.0 (TID 114) in 177 ms on 10.139.64.10 (executor 0) (1/1)
26/01/16 13:09:11 INFO TaskSchedulerImpl: Removed TaskSet 116.0 whose tasks have all completed, from pool 1768568637510
26/01/16 13:09:11 INFO MemoryStore: Block broadcast_152 stored as values in memory (estimated size 250.8 KiB, free 3.3 GiB)
26/01/16 13:09:11 INFO MemoryStore: Block broadcast_152_piece0 stored as bytes in memory (estimated size 93.6 KiB, free 3.3 GiB)
26/01/16 13:09:11 INFO DAGScheduler: Submitting 6 missing tasks from ShuffleMapStage 138 (MapPartitionsRDD[347] at Spark Connect - session_id: "a9408e72-f784-4414-a94c-48a15c61a2a5"
user_context {
  user_id: "141038968383667"
  user_name: "c0711894@vale.co...) (first 15 tasks are for partitions Vector(0, 1, 2, 3, 4, 5))
26/01/16 13:09:11 INFO TaskSchedulerImpl: Adding task set 138.0 with 6 tasks resource profile 0
26/01/16 13:09:11 INFO TaskSetManager: TaskSet 138.0 using PreferredLocationsV1
26/01/16 13:09:11 INFO FairSchedulableBuilder: Added task set TaskSet_138.0 tasks to pool 1768568637510
26/01/16 13:09:11 INFO MemoryStore: Block broadcast_151_piece0 stored as bytes in memory (estimated size 93.5 KiB, free 3.3 GiB)
26/01/16 13:09:11 INFO SparkContext: Created broadcast 151 from broadcast at TaskSetManager.scala:848
26/01/16 13:09:11 INFO SparkContext: Created broadcast 152 from broadcast at TaskSetManager.scala:848
26/01/16 13:09:11 INFO DAGScheduler: ShuffleMapStage 109 (Spark Connect - session_id: "a9408e72-f784-4414-a94c-48a15c61a2a5"
user_context {
  user_id: "141038968383667"
  user_name: "c0711894@vale.co...) finished in 637 ms
26/01/16 13:09:11 INFO DAGScheduler: looking for newly runnable stages
26/01/16 13:09:11 INFO DAGScheduler: running: HashSet(ShuffleMapStage 128, ShuffleMapStage 129, ShuffleMapStage 130, ShuffleMapStage 131, ShuffleMapStage 132, ShuffleMapStage 133, ShuffleMapStage 134, ShuffleMapStage 135, ShuffleMapStage 136, ShuffleMapStage 137, ShuffleMapStage 138, ShuffleMapStage 107, ShuffleMapStage 108, ShuffleMapStage 110, ShuffleMapStage 111, ShuffleMapStage 112, ShuffleMapStage 113, ShuffleMapStage 114, ShuffleMapStage 115, ShuffleMapStage 116, ShuffleMapStage 117, ShuffleMapStage 118, ShuffleMapStage 119, ShuffleMapStage 120, ShuffleMapStage 121, ShuffleMapStage 122, ShuffleMapStage 123, ShuffleMapStage 124, ShuffleMapStage 125, ShuffleMapStage 126, ShuffleMapStage 127)
26/01/16 13:09:11 INFO DAGScheduler: waiting: HashSet()
26/01/16 13:09:11 INFO DAGScheduler: failed: HashSet()
26/01/16 13:09:11 INFO DAGScheduler: ShuffleMapStage 107 (Spark Connect - session_id: "a9408e72-f784-4414-a94c-48a15c61a2a5"
user_context {
  user_id: "141038968383667"
  user_name: "c0711894@vale.co...) finished in 720 ms
26/01/16 13:09:11 INFO DAGScheduler: looking for newly runnable stages
26/01/16 13:09:11 INFO DAGScheduler: running: HashSet(ShuffleMapStage 128, ShuffleMapStage 129, ShuffleMapStage 130, ShuffleMapStage 131, ShuffleMapStage 132, ShuffleMapStage 133, ShuffleMapStage 134, ShuffleMapStage 135, ShuffleMapStage 136, ShuffleMapStage 137, ShuffleMapStage 138, ShuffleMapStage 108, ShuffleMapStage 110, ShuffleMapStage 111, ShuffleMapStage 112, ShuffleMapStage 113, ShuffleMapStage 114, ShuffleMapStage 115, ShuffleMapStage 116, ShuffleMapStage 117, ShuffleMapStage 118, ShuffleMapStage 119, ShuffleMapStage 120, ShuffleMapStage 121, ShuffleMapStage 122, ShuffleMapStage 123, ShuffleMapStage 124, ShuffleMapStage 125, ShuffleMapStage 126, ShuffleMapStage 127)
26/01/16 13:09:11 INFO DAGScheduler: waiting: HashSet()
26/01/16 13:09:11 INFO DAGScheduler: failed: HashSet()
26/01/16 13:09:11 INFO DAGScheduler: ShuffleMapStage 110 (Spark Connect - session_id: "a9408e72-f784-4414-a94c-48a15c61a2a5"
user_context {
  user_id: "141038968383667"
  user_name: "c0711894@vale.co...) finished in 643 ms
26/01/16 13:09:11 INFO DAGScheduler: looking for newly runnable stages
26/01/16 13:09:11 INFO DAGScheduler: running: HashSet(ShuffleMapStage 128, ShuffleMapStage 129, ShuffleMapStage 130, ShuffleMapStage 131, ShuffleMapStage 132, ShuffleMapStage 133, ShuffleMapStage 134, ShuffleMapStage 135, ShuffleMapStage 136, ShuffleMapStage 137, ShuffleMapStage 138, ShuffleMapStage 108, ShuffleMapStage 111, ShuffleMapStage 112, ShuffleMapStage 113, ShuffleMapStage 114, ShuffleMapStage 115, ShuffleMapStage 116, ShuffleMapStage 117, ShuffleMapStage 118, ShuffleMapStage 119, ShuffleMapStage 120, ShuffleMapStage 121, ShuffleMapStage 122, ShuffleMapStage 123, ShuffleMapStage 124, ShuffleMapStage 125, ShuffleMapStage 126, ShuffleMapStage 127)
26/01/16 13:09:11 INFO DAGScheduler: waiting: HashSet()
26/01/16 13:09:11 INFO DAGScheduler: failed: HashSet()
26/01/16 13:09:11 INFO DAGScheduler: ShuffleMapStage 108 (Spark Connect - session_id: "a9408e72-f784-4414-a94c-48a15c61a2a5"
user_context {
  user_id: "141038968383667"
  user_name: "c0711894@vale.co...) finished in 694 ms
26/01/16 13:09:11 INFO DAGScheduler: looking for newly runnable stages
26/01/16 13:09:11 INFO DAGScheduler: running: HashSet(ShuffleMapStage 128, ShuffleMapStage 129, ShuffleMapStage 130, ShuffleMapStage 131, ShuffleMapStage 132, ShuffleMapStage 133, ShuffleMapStage 134, ShuffleMapStage 135, ShuffleMapStage 136, ShuffleMapStage 137, ShuffleMapStage 138, ShuffleMapStage 111, ShuffleMapStage 112, ShuffleMapStage 113, ShuffleMapStage 114, ShuffleMapStage 115, ShuffleMapStage 116, ShuffleMapStage 117, ShuffleMapStage 118, ShuffleMapStage 119, ShuffleMapStage 120, ShuffleMapStage 121, ShuffleMapStage 122, ShuffleMapStage 123, ShuffleMapStage 124, ShuffleMapStage 125, ShuffleMapStage 126, ShuffleMapStage 127)
26/01/16 13:09:11 INFO DAGScheduler: waiting: HashSet()
26/01/16 13:09:11 INFO DAGScheduler: failed: HashSet()
26/01/16 13:09:11 INFO DAGScheduler: ShuffleMapStage 113 (Spark Connect - session_id: "a9408e72-f784-4414-a94c-48a15c61a2a5"
user_context {
  user_id: "141038968383667"
  user_name: "c0711894@vale.co...) finished in 597 ms
26/01/16 13:09:11 INFO DAGScheduler: looking for newly runnable stages
26/01/16 13:09:11 INFO DAGScheduler: running: HashSet(ShuffleMapStage 128, ShuffleMapStage 129, ShuffleMapStage 130, ShuffleMapStage 131, ShuffleMapStage 132, ShuffleMapStage 133, ShuffleMapStage 134, ShuffleMapStage 135, ShuffleMapStage 136, ShuffleMapStage 137, ShuffleMapStage 138, ShuffleMapStage 111, ShuffleMapStage 112, ShuffleMapStage 114, ShuffleMapStage 115, ShuffleMapStage 116, ShuffleMapStage 117, ShuffleMapStage 118, ShuffleMapStage 119, ShuffleMapStage 120, ShuffleMapStage 121, ShuffleMapStage 122, ShuffleMapStage 123, ShuffleMapStage 124, ShuffleMapStage 125, ShuffleMapStage 126, ShuffleMapStage 127)
26/01/16 13:09:11 INFO DAGScheduler: waiting: HashSet()
26/01/16 13:09:11 INFO DAGScheduler: failed: HashSet()
26/01/16 13:09:11 INFO DAGScheduler: ShuffleMapStage 111 (Spark Connect - session_id: "a9408e72-f784-4414-a94c-48a15c61a2a5"
user_context {
  user_id: "141038968383667"
  user_name: "c0711894@vale.co...) finished in 637 ms
26/01/16 13:09:11 INFO DAGScheduler: looking for newly runnable stages
26/01/16 13:09:11 INFO DAGScheduler: running: HashSet(ShuffleMapStage 128, ShuffleMapStage 129, ShuffleMapStage 130, ShuffleMapStage 131, ShuffleMapStage 132, ShuffleMapStage 133, ShuffleMapStage 134, ShuffleMapStage 135, ShuffleMapStage 136, ShuffleMapStage 137, ShuffleMapStage 138, ShuffleMapStage 112, ShuffleMapStage 114, ShuffleMapStage 115, ShuffleMapStage 116, ShuffleMapStage 117, ShuffleMapStage 118, ShuffleMapStage 119, ShuffleMapStage 120, ShuffleMapStage 121, ShuffleMapStage 122, ShuffleMapStage 123, ShuffleMapStage 124, ShuffleMapStage 125, ShuffleMapStage 126, ShuffleMapStage 127)
26/01/16 13:09:11 INFO DAGScheduler: waiting: HashSet()
26/01/16 13:09:11 INFO DAGScheduler: failed: HashSet()
26/01/16 13:09:11 INFO DAGScheduler: ShuffleMapStage 116 (Spark Connect - session_id: "a9408e72-f784-4414-a94c-48a15c61a2a5"
user_context {
  user_id: "141038968383667"
  user_name: "c0711894@vale.co...) finished in 529 ms
26/01/16 13:09:11 INFO DAGScheduler: looking for newly runnable stages
26/01/16 13:09:11 INFO DAGScheduler: running: HashSet(ShuffleMapStage 128, ShuffleMapStage 129, ShuffleMapStage 130, ShuffleMapStage 131, ShuffleMapStage 132, ShuffleMapStage 133, ShuffleMapStage 134, ShuffleMapStage 135, ShuffleMapStage 136, ShuffleMapStage 137, ShuffleMapStage 138, ShuffleMapStage 112, ShuffleMapStage 114, ShuffleMapStage 115, ShuffleMapStage 117, ShuffleMapStage 118, ShuffleMapStage 119, ShuffleMapStage 120, ShuffleMapStage 121, ShuffleMapStage 122, ShuffleMapStage 123, ShuffleMapStage 124, ShuffleMapStage 125, ShuffleMapStage 126, ShuffleMapStage 127)
26/01/16 13:09:11 INFO DAGScheduler: waiting: HashSet()
26/01/16 13:09:11 INFO DAGScheduler: failed: HashSet()
26/01/16 13:09:11 INFO TaskSetManager: Finished task 0.0 in stage 118.0 (TID 120) in 110 ms on 10.139.64.10 (executor 0) (1/1)
26/01/16 13:09:11 INFO TaskSchedulerImpl: Removed TaskSet 118.0 whose tasks have all completed, from pool 1768568637510
26/01/16 13:09:11 INFO DAGScheduler: ShuffleMapStage 118 (Spark Connect - session_id: "a9408e72-f784-4414-a94c-48a15c61a2a5"
user_context {
  user_id: "141038968383667"
  user_name: "c0711894@vale.co...) finished in 540 ms
26/01/16 13:09:11 INFO TaskSetManager: Starting task 0.0 in stage 117.0 (TID 121) (10.139.64.10,executor 0, partition 0, PROCESS_LOCAL, 
26/01/16 13:09:11 INFO DAGScheduler: looking for newly runnable stages
26/01/16 13:09:11 INFO DAGScheduler: running: HashSet(ShuffleMapStage 128, ShuffleMapStage 129, ShuffleMapStage 130, ShuffleMapStage 131, ShuffleMapStage 132, ShuffleMapStage 133, ShuffleMapStage 134, ShuffleMapStage 135, ShuffleMapStage 136, ShuffleMapStage 137, ShuffleMapStage 138, ShuffleMapStage 112, ShuffleMapStage 114, ShuffleMapStage 115, ShuffleMapStage 117, ShuffleMapStage 119, ShuffleMapStage 120, ShuffleMapStage 121, ShuffleMapStage 122, ShuffleMapStage 123, ShuffleMapStage 124, ShuffleMapStage 125, ShuffleMapStage 126, ShuffleMapStage 127)
26/01/16 13:09:11 INFO DAGScheduler: waiting: HashSet()
26/01/16 13:09:11 INFO DAGScheduler: failed: HashSet()
26/01/16 13:09:11 INFO MemoryStore: Block broadcast_153 stored as values in memory (estimated size 257.8 KiB, free 3.3 GiB)
26/01/16 13:09:11 INFO MemoryStore: Block broadcast_153_piece0 stored as bytes in memory (estimated size 94.6 KiB, free 3.3 GiB)
26/01/16 13:09:11 INFO SparkContext: Created broadcast 153 from broadcast at TaskSetManager.scala:848
26/01/16 13:09:11 INFO TaskSetManager: Finished task 0.0 in stage 114.0 (TID 118) in 145 ms on 10.139.64.10 (executor 0) (1/1)
26/01/16 13:09:11 INFO TaskSchedulerImpl: Removed TaskSet 114.0 whose tasks have all completed, from pool 1768568637510
26/01/16 13:09:11 INFO DAGScheduler: ShuffleMapStage 114 (Spark Connect - session_id: "a9408e72-f784-4414-a94c-48a15c61a2a5"
user_context {
  user_id: "141038968383667"
  user_name: "c0711894@vale.co...) finished in 638 ms
26/01/16 13:09:11 INFO DAGScheduler: looking for newly runnable stages
26/01/16 13:09:11 INFO DAGScheduler: running: HashSet(ShuffleMapStage 128, ShuffleMapStage 129, ShuffleMapStage 130, ShuffleMapStage 131, ShuffleMapStage 132, ShuffleMapStage 133, ShuffleMapStage 134, ShuffleMapStage 135, ShuffleMapStage 136, ShuffleMapStage 137, ShuffleMapStage 138, ShuffleMapStage 112, ShuffleMapStage 115, ShuffleMapStage 117, ShuffleMapStage 119, ShuffleMapStage 120, ShuffleMapStage 121, ShuffleMapStage 122, ShuffleMapStage 123, ShuffleMapStage 124, ShuffleMapStage 125, ShuffleMapStage 126, ShuffleMapStage 127)
26/01/16 13:09:11 INFO DAGScheduler: waiting: HashSet()
26/01/16 13:09:11 INFO DAGScheduler: failed: HashSet()
26/01/16 13:09:11 INFO TaskSetManager: Starting task 0.0 in stage 119.0 (TID 122) (10.139.64.10,executor 0, partition 0, PROCESS_LOCAL, 
26/01/16 13:09:11 INFO MemoryStore: Block broadcast_154 stored as values in memory (estimated size 250.8 KiB, free 3.3 GiB)
26/01/16 13:09:11 INFO TaskSetManager: Finished task 0.0 in stage 115.0 (TID 119) in 127 ms on 10.139.64.10 (executor 0) (1/1)
26/01/16 13:09:11 INFO TaskSchedulerImpl: Removed TaskSet 115.0 whose tasks have all completed, from pool 1768568637510
26/01/16 13:09:11 INFO TaskSetManager: Starting task 0.0 in stage 120.0 (TID 123) (10.139.64.10,executor 0, partition 0, PROCESS_LOCAL, 
26/01/16 13:09:11 INFO MemoryStore: Block broadcast_155 stored as values in memory (estimated size 254.1 KiB, free 3.3 GiB)
26/01/16 13:09:11 INFO MemoryStore: Block broadcast_154_piece0 stored as bytes in memory (estimated size 93.5 KiB, free 3.3 GiB)
26/01/16 13:09:11 INFO SparkContext: Created broadcast 154 from broadcast at TaskSetManager.scala:848
26/01/16 13:09:11 INFO MemoryStore: Block broadcast_155_piece0 stored as bytes in memory (estimated size 93.8 KiB, free 3.3 GiB)
26/01/16 13:09:11 INFO SparkContext: Created broadcast 155 from broadcast at TaskSetManager.scala:848
26/01/16 13:09:11 INFO DAGScheduler: ShuffleMapStage 115 (Spark Connect - session_id: "a9408e72-f784-4414-a94c-48a15c61a2a5"
user_context {
  user_id: "141038968383667"
  user_name: "c0711894@vale.co...) finished in 625 ms
26/01/16 13:09:11 INFO DAGScheduler: looking for newly runnable stages
26/01/16 13:09:11 INFO DAGScheduler: running: HashSet(ShuffleMapStage 128, ShuffleMapStage 129, ShuffleMapStage 130, ShuffleMapStage 131, ShuffleMapStage 132, ShuffleMapStage 133, ShuffleMapStage 134, ShuffleMapStage 135, ShuffleMapStage 136, ShuffleMapStage 137, ShuffleMapStage 138, ShuffleMapStage 112, ShuffleMapStage 117, ShuffleMapStage 119, ShuffleMapStage 120, ShuffleMapStage 121, ShuffleMapStage 122, ShuffleMapStage 123, ShuffleMapStage 124, ShuffleMapStage 125, ShuffleMapStage 126, ShuffleMapStage 127)
26/01/16 13:09:11 INFO DAGScheduler: waiting: HashSet()
26/01/16 13:09:11 INFO DAGScheduler: failed: HashSet()
26/01/16 13:09:11 INFO TaskSetManager: Finished task 0.0 in stage 112.0 (TID 117) in 321 ms on 10.139.64.10 (executor 0) (1/1)
26/01/16 13:09:11 INFO TaskSchedulerImpl: Removed TaskSet 112.0 whose tasks have all completed, from pool 1768568637510
26/01/16 13:09:11 INFO TaskSetManager: Starting task 0.0 in stage 121.0 (TID 124) (10.139.64.10,executor 0, partition 0, PROCESS_LOCAL, 
26/01/16 13:09:11 INFO DAGScheduler: ShuffleMapStage 112 (Spark Connect - session_id: "a9408e72-f784-4414-a94c-48a15c61a2a5"
user_context {
  user_id: "141038968383667"
  user_name: "c0711894@vale.co...) finished in 738 ms
26/01/16 13:09:11 INFO DAGScheduler: looking for newly runnable stages
26/01/16 13:09:11 INFO MemoryStore: Block broadcast_156 stored as values in memory (estimated size 251.7 KiB, free 3.3 GiB)
26/01/16 13:09:11 INFO DAGScheduler: running: HashSet(ShuffleMapStage 128, ShuffleMapStage 129, ShuffleMapStage 130, ShuffleMapStage 131, ShuffleMapStage 132, ShuffleMapStage 133, ShuffleMapStage 134, ShuffleMapStage 135, ShuffleMapStage 136, ShuffleMapStage 137, ShuffleMapStage 138, ShuffleMapStage 117, ShuffleMapStage 119, ShuffleMapStage 120, ShuffleMapStage 121, ShuffleMapStage 122, ShuffleMapStage 123, ShuffleMapStage 124, ShuffleMapStage 125, ShuffleMapStage 126, ShuffleMapStage 127)
26/01/16 13:09:11 INFO DAGScheduler: waiting: HashSet()
26/01/16 13:09:11 INFO DAGScheduler: failed: HashSet()
26/01/16 13:09:11 INFO MemoryStore: Block broadcast_156_piece0 stored as bytes in memory (estimated size 93.8 KiB, free 3.3 GiB)
26/01/16 13:09:11 INFO SparkContext: Created broadcast 156 from broadcast at TaskSetManager.scala:848
26/01/16 13:09:11 INFO QueryPlanningTracker: Query phase replanning took 0s before execution.
26/01/16 13:09:11 INFO TaskSetManager: Finished task 0.0 in stage 119.0 (TID 122) in 107 ms on 10.139.64.10 (executor 0) (1/1)
26/01/16 13:09:11 INFO TaskSchedulerImpl: Removed TaskSet 119.0 whose tasks have all completed, from pool 1768568637510
26/01/16 13:09:11 INFO DAGScheduler: ShuffleMapStage 119 (Spark Connect - session_id: "a9408e72-f784-4414-a94c-48a15c61a2a5"
user_context {
  user_id: "141038968383667"
  user_name: "c0711894@vale.co...) finished in 633 ms
26/01/16 13:09:11 INFO DAGScheduler: looking for newly runnable stages
26/01/16 13:09:11 INFO DAGScheduler: running: HashSet(ShuffleMapStage 128, ShuffleMapStage 129, ShuffleMapStage 130, ShuffleMapStage 131, ShuffleMapStage 132, ShuffleMapStage 133, ShuffleMapStage 134, ShuffleMapStage 135, ShuffleMapStage 136, ShuffleMapStage 137, ShuffleMapStage 138, ShuffleMapStage 117, ShuffleMapStage 120, ShuffleMapStage 121, ShuffleMapStage 122, ShuffleMapStage 123, ShuffleMapStage 124, ShuffleMapStage 125, ShuffleMapStage 126, ShuffleMapStage 127)
26/01/16 13:09:11 INFO DAGScheduler: waiting: HashSet()
26/01/16 13:09:11 INFO DAGScheduler: failed: HashSet()
26/01/16 13:09:11 INFO TaskSetManager: Starting task 0.0 in stage 122.0 (TID 125) (10.139.64.10,executor 0, partition 0, PROCESS_LOCAL, 
26/01/16 13:09:11 INFO MemoryStore: Block broadcast_157 stored as values in memory (estimated size 250.8 KiB, free 3.3 GiB)
26/01/16 13:09:11 INFO MemoryStore: Block broadcast_157_piece0 stored as bytes in memory (estimated size 93.5 KiB, free 3.3 GiB)
26/01/16 13:09:11 INFO SparkContext: Created broadcast 157 from broadcast at TaskSetManager.scala:848
26/01/16 13:09:11 INFO FileSourceStrategy: Pushed Filters: IsNotNull(DATA_OCORRENCIA),IsNotNull(STATUS_OCORRENCIA),GreaterThanOrEqual(DATA_OCORRENCIA,2020-01-01),Not(EqualTo(STATUS_OCORRENCIA,SS04))
26/01/16 13:09:11 INFO FileSourceStrategy: Post-Scan Filters: Set(isnotnull(DATA_OCORRENCIA#704), isnotnull(STATUS_OCORRENCIA#728), (DATA_OCORRENCIA#704 >= 2020-01-01), NOT (STATUS_OCORRENCIA#728 = SS04))
26/01/16 13:09:11 INFO QueryPlanningTracker: Query phase replanning took 0s before execution.
26/01/16 13:09:11 INFO TaskSetManager: Finished task 0.0 in stage 117.0 (TID 121) in 235 ms on 10.139.64.10 (executor 0) (1/1)
26/01/16 13:09:11 INFO TaskSchedulerImpl: Removed TaskSet 117.0 whose tasks have all completed, from pool 1768568637510
26/01/16 13:09:11 INFO DAGScheduler: ShuffleMapStage 117 (Spark Connect - session_id: "a9408e72-f784-4414-a94c-48a15c61a2a5"
user_context {
  user_id: "141038968383667"
  user_name: "c0711894@vale.co...) finished in 798 ms
26/01/16 13:09:11 INFO TaskSetManager: Starting task 0.0 in stage 123.0 (TID 126) (10.139.64.10,executor 0, partition 0, PROCESS_LOCAL, 
26/01/16 13:09:11 INFO DAGScheduler: looking for newly runnable stages
26/01/16 13:09:11 INFO DAGScheduler: running: HashSet(ShuffleMapStage 128, ShuffleMapStage 129, ShuffleMapStage 130, ShuffleMapStage 131, ShuffleMapStage 132, ShuffleMapStage 133, ShuffleMapStage 134, ShuffleMapStage 135, ShuffleMapStage 136, ShuffleMapStage 137, ShuffleMapStage 138, ShuffleMapStage 120, ShuffleMapStage 121, ShuffleMapStage 122, ShuffleMapStage 123, ShuffleMapStage 124, ShuffleMapStage 125, ShuffleMapStage 126, ShuffleMapStage 127)
26/01/16 13:09:11 INFO DAGScheduler: waiting: HashSet()
26/01/16 13:09:11 INFO DAGScheduler: failed: HashSet()
26/01/16 13:09:11 INFO MemoryStore: Block broadcast_158 stored as values in memory (estimated size 250.8 KiB, free 3.3 GiB)
26/01/16 13:09:11 INFO MemoryStore: Block broadcast_158_piece0 stored as bytes in memory (estimated size 93.6 KiB, free 3.3 GiB)
26/01/16 13:09:11 INFO SparkContext: Created broadcast 158 from broadcast at TaskSetManager.scala:848
26/01/16 13:09:11 INFO TaskSetManager: Starting task 0.0 in stage 124.0 (TID 127) (10.139.64.10,executor 0, partition 0, PROCESS_LOCAL, 
26/01/16 13:09:11 INFO TaskSetManager: Finished task 0.0 in stage 121.0 (TID 124) in 212 ms on 10.139.64.10 (executor 0) (1/1)
26/01/16 13:09:11 INFO TaskSchedulerImpl: Removed TaskSet 121.0 whose tasks have all completed, from pool 1768568637510
26/01/16 13:09:11 INFO MemoryStore: Block broadcast_159 stored as values in memory (estimated size 250.8 KiB, free 3.3 GiB)
26/01/16 13:09:11 INFO DAGScheduler: ShuffleMapStage 121 (Spark Connect - session_id: "a9408e72-f784-4414-a94c-48a15c61a2a5"
user_context {
  user_id: "141038968383667"
  user_name: "c0711894@vale.co...) finished in 786 ms
26/01/16 13:09:11 INFO DAGScheduler: looking for newly runnable stages
26/01/16 13:09:11 INFO DAGScheduler: running: HashSet(ShuffleMapStage 128, ShuffleMapStage 129, ShuffleMapStage 130, ShuffleMapStage 131, ShuffleMapStage 132, ShuffleMapStage 133, ShuffleMapStage 134, ShuffleMapStage 135, ShuffleMapStage 136, ShuffleMapStage 137, ShuffleMapStage 138, ShuffleMapStage 120, ShuffleMapStage 122, ShuffleMapStage 123, ShuffleMapStage 124, ShuffleMapStage 125, ShuffleMapStage 126, ShuffleMapStage 127)
26/01/16 13:09:11 INFO DAGScheduler: waiting: HashSet()
26/01/16 13:09:11 INFO DAGScheduler: failed: HashSet()
26/01/16 13:09:11 INFO MemoryStore: Block broadcast_159_piece0 stored as bytes in memory (estimated size 93.5 KiB, free 3.3 GiB)
26/01/16 13:09:11 INFO SparkContext: Created broadcast 159 from broadcast at TaskSetManager.scala:848
26/01/16 13:09:11 INFO TaskSetManager: Starting task 0.0 in stage 130.0 (TID 128) (10.139.64.10,executor 0, partition 0, PROCESS_LOCAL, 
26/01/16 13:09:11 INFO TaskSetManager: Finished task 0.0 in stage 122.0 (TID 125) in 225 ms on 10.139.64.10 (executor 0) (1/1)
26/01/16 13:09:11 INFO MemoryStore: Block broadcast_160 stored as values in memory (estimated size 250.8 KiB, free 3.3 GiB)
26/01/16 13:09:11 INFO TaskSchedulerImpl: Removed TaskSet 122.0 whose tasks have all completed, from pool 1768568637510
26/01/16 13:09:11 INFO DAGScheduler: ShuffleMapStage 122 (Spark Connect - session_id: "a9408e72-f784-4414-a94c-48a15c61a2a5"
user_context {
  user_id: "141038968383667"
  user_name: "c0711894@vale.co...) finished in 818 ms
26/01/16 13:09:11 INFO DAGScheduler: looking for newly runnable stages
26/01/16 13:09:11 INFO DAGScheduler: running: HashSet(ShuffleMapStage 128, ShuffleMapStage 129, ShuffleMapStage 130, ShuffleMapStage 131, ShuffleMapStage 132, ShuffleMapStage 133, ShuffleMapStage 134, ShuffleMapStage 135, ShuffleMapStage 136, ShuffleMapStage 137, ShuffleMapStage 138, ShuffleMapStage 120, ShuffleMapStage 123, ShuffleMapStage 124, ShuffleMapStage 125, ShuffleMapStage 126, ShuffleMapStage 127)
26/01/16 13:09:11 INFO DAGScheduler: waiting: HashSet()
26/01/16 13:09:11 INFO DAGScheduler: failed: HashSet()
26/01/16 13:09:11 INFO MemoryStore: Block broadcast_160_piece0 stored as bytes in memory (estimated size 93.6 KiB, free 3.3 GiB)
26/01/16 13:09:11 INFO SparkContext: Created broadcast 160 from broadcast at TaskSetManager.scala:848
26/01/16 13:09:11 INFO TaskSetManager: Starting task 0.0 in stage 125.0 (TID 129) (10.139.64.10,executor 0, partition 0, PROCESS_LOCAL, 
26/01/16 13:09:11 INFO QueryPlanningTracker: Query phase replanning took 0s before execution.
26/01/16 13:09:11 INFO TaskSetManager: Finished task 0.0 in stage 123.0 (TID 126) in 125 ms on 10.139.64.10 (executor 0) (1/1)
26/01/16 13:09:11 INFO TaskSchedulerImpl: Removed TaskSet 123.0 whose tasks have all completed, from pool 1768568637510
26/01/16 13:09:11 INFO MemoryStore: Block broadcast_161 stored as values in memory (estimated size 250.8 KiB, free 3.3 GiB)
26/01/16 13:09:11 INFO DAGScheduler: ShuffleMapStage 123 (Spark Connect - session_id: "a9408e72-f784-4414-a94c-48a15c61a2a5"
user_context {
  user_id: "141038968383667"
  user_name: "c0711894@vale.co...) finished in 825 ms
26/01/16 13:09:11 INFO DAGScheduler: looking for newly runnable stages
26/01/16 13:09:11 INFO DAGScheduler: running: HashSet(ShuffleMapStage 128, ShuffleMapStage 129, ShuffleMapStage 130, ShuffleMapStage 131, ShuffleMapStage 132, ShuffleMapStage 133, ShuffleMapStage 134, ShuffleMapStage 135, ShuffleMapStage 136, ShuffleMapStage 137, ShuffleMapStage 138, ShuffleMapStage 120, ShuffleMapStage 124, ShuffleMapStage 125, ShuffleMapStage 126, ShuffleMapStage 127)
26/01/16 13:09:11 INFO DAGScheduler: waiting: HashSet()
26/01/16 13:09:11 INFO DAGScheduler: failed: HashSet()
26/01/16 13:09:11 INFO MemoryStore: Block broadcast_161_piece0 stored as bytes in memory (estimated size 93.6 KiB, free 3.3 GiB)
26/01/16 13:09:11 INFO SparkContext: Created broadcast 161 from broadcast at TaskSetManager.scala:848
26/01/16 13:09:11 INFO ClusterLoadAvgHelper: Current cluster load: 1, Old Ema: 1.0, New Ema: 1.0 
26/01/16 13:09:11 INFO QueryPlanningTracker: Query phase replanning took 0s before execution.
26/01/16 13:09:11 INFO FileSourceStrategy: Pushed Filters: IsNotNull(DATA_OCORRENCIA),IsNotNull(STATUS_OCORRENCIA),GreaterThanOrEqual(DATA_OCORRENCIA,2020-01-01),Not(EqualTo(STATUS_OCORRENCIA,SS04))
26/01/16 13:09:11 INFO FileSourceStrategy: Post-Scan Filters: Set(isnotnull(DATA_OCORRENCIA#704), isnotnull(STATUS_OCORRENCIA#728), (DATA_OCORRENCIA#704 >= 2020-01-01), NOT (STATUS_OCORRENCIA#728 = SS04))
26/01/16 13:09:11 INFO TaskSetManager: Starting task 0.0 in stage 126.0 (TID 130) (10.139.64.10,executor 0, partition 0, PROCESS_LOCAL, 
26/01/16 13:09:11 INFO MemoryStore: Block broadcast_162 stored as values in memory (estimated size 253.3 KiB, free 3.3 GiB)
26/01/16 13:09:11 INFO MemoryStore: Block broadcast_162_piece0 stored as bytes in memory (estimated size 93.9 KiB, free 3.3 GiB)
26/01/16 13:09:11 INFO TaskSetManager: Finished task 0.0 in stage 124.0 (TID 127) in 185 ms on 10.139.64.10 (executor 0) (1/1)
26/01/16 13:09:11 INFO TaskSchedulerImpl: Removed TaskSet 124.0 whose tasks have all completed, from pool 1768568637510
26/01/16 13:09:11 INFO DAGScheduler: ShuffleMapStage 124 (Spark Connect - session_id: "a9408e72-f784-4414-a94c-48a15c61a2a5"
user_context {
  user_id: "141038968383667"
  user_name: "c0711894@vale.co...) finished in 919 ms
26/01/16 13:09:11 INFO SparkContext: Created broadcast 162 from broadcast at TaskSetManager.scala:848
26/01/16 13:09:11 INFO DAGScheduler: looking for newly runnable stages
26/01/16 13:09:11 INFO DAGScheduler: running: HashSet(ShuffleMapStage 128, ShuffleMapStage 129, ShuffleMapStage 130, ShuffleMapStage 131, ShuffleMapStage 132, ShuffleMapStage 133, ShuffleMapStage 134, ShuffleMapStage 135, ShuffleMapStage 136, ShuffleMapStage 137, ShuffleMapStage 138, ShuffleMapStage 120, ShuffleMapStage 125, ShuffleMapStage 126, ShuffleMapStage 127)
26/01/16 13:09:11 INFO DAGScheduler: waiting: HashSet()
26/01/16 13:09:11 INFO DAGScheduler: failed: HashSet()
26/01/16 13:09:11 INFO QueryPlanningTracker: Query phase replanning took 0s before execution.
26/01/16 13:09:11 INFO TaskSetManager: Starting task 0.0 in stage 127.0 (TID 131) (10.139.64.10,executor 0, partition 0, PROCESS_LOCAL, 
26/01/16 13:09:11 INFO TaskSetManager: Finished task 0.0 in stage 125.0 (TID 129) in 128 ms on 10.139.64.10 (executor 0) (1/1)
26/01/16 13:09:11 INFO TaskSchedulerImpl: Removed TaskSet 125.0 whose tasks have all completed, from pool 1768568637510
26/01/16 13:09:11 INFO MemoryStore: Block broadcast_163 stored as values in memory (estimated size 250.8 KiB, free 3.3 GiB)
26/01/16 13:09:11 INFO DAGScheduler: ShuffleMapStage 125 (Spark Connect - session_id: "a9408e72-f784-4414-a94c-48a15c61a2a5"
user_context {
  user_id: "141038968383667"
  user_name: "c0711894@vale.co...) finished in 913 ms
26/01/16 13:09:11 INFO DAGScheduler: looking for newly runnable stages
26/01/16 13:09:11 INFO DAGScheduler: running: HashSet(ShuffleMapStage 128, ShuffleMapStage 129, ShuffleMapStage 130, ShuffleMapStage 131, ShuffleMapStage 132, ShuffleMapStage 133, ShuffleMapStage 134, ShuffleMapStage 135, ShuffleMapStage 136, ShuffleMapStage 137, ShuffleMapStage 138, ShuffleMapStage 120, ShuffleMapStage 126, ShuffleMapStage 127)
26/01/16 13:09:11 INFO DAGScheduler: waiting: HashSet()
26/01/16 13:09:11 INFO DAGScheduler: failed: HashSet()
26/01/16 13:09:11 INFO MemoryStore: Block broadcast_163_piece0 stored as bytes in memory (estimated size 93.6 KiB, free 3.3 GiB)
26/01/16 13:09:11 INFO SparkContext: Created broadcast 163 from broadcast at TaskSetManager.scala:848
26/01/16 13:09:11 INFO TaskSetManager: Starting task 0.0 in stage 131.0 (TID 132) (10.139.64.10,executor 0, partition 0, PROCESS_LOCAL, 
26/01/16 13:09:11 INFO TaskSetManager: Finished task 0.0 in stage 130.0 (TID 128) in 156 ms on 10.139.64.10 (executor 0) (1/1)
26/01/16 13:09:11 INFO TaskSchedulerImpl: Removed TaskSet 130.0 whose tasks have all completed, from pool 1768568637510
26/01/16 13:09:11 INFO MemoryStore: Block broadcast_164 stored as values in memory (estimated size 250.8 KiB, free 3.3 GiB)
26/01/16 13:09:11 INFO DAGScheduler: ShuffleMapStage 130 (Spark Connect - session_id: "a9408e72-f784-4414-a94c-48a15c61a2a5"
user_context {
  user_id: "141038968383667"
  user_name: "c0711894@vale.co...) finished in 838 ms
26/01/16 13:09:11 INFO DAGScheduler: looking for newly runnable stages
26/01/16 13:09:11 INFO DAGScheduler: running: HashSet(ShuffleMapStage 128, ShuffleMapStage 129, ShuffleMapStage 131, ShuffleMapStage 132, ShuffleMapStage 133, ShuffleMapStage 134, ShuffleMapStage 135, ShuffleMapStage 136, ShuffleMapStage 137, ShuffleMapStage 138, ShuffleMapStage 120, ShuffleMapStage 126, ShuffleMapStage 127)
26/01/16 13:09:11 INFO DAGScheduler: waiting: HashSet()
26/01/16 13:09:11 INFO DAGScheduler: failed: HashSet()
26/01/16 13:09:11 INFO MemoryStore: Block broadcast_164_piece0 stored as bytes in memory (estimated size 93.6 KiB, free 3.3 GiB)
26/01/16 13:09:11 INFO SparkContext: Created broadcast 164 from broadcast at TaskSetManager.scala:848
26/01/16 13:09:11 INFO QueryPlanningTracker: Query phase replanning took 0s before execution.
26/01/16 13:09:11 INFO TaskSetManager: Finished task 0.0 in stage 131.0 (TID 132) in 111 ms on 10.139.64.10 (executor 0) (1/1)
26/01/16 13:09:11 INFO TaskSchedulerImpl: Removed TaskSet 131.0 whose tasks have all completed, from pool 1768568637510
26/01/16 13:09:11 INFO DAGScheduler: ShuffleMapStage 131 (Spark Connect - session_id: "a9408e72-f784-4414-a94c-48a15c61a2a5"
user_context {
  user_id: "141038968383667"
  user_name: "c0711894@vale.co...) finished in 906 ms
26/01/16 13:09:11 INFO DAGScheduler: looking for newly runnable stages
26/01/16 13:09:11 INFO DAGScheduler: running: HashSet(ShuffleMapStage 128, ShuffleMapStage 129, ShuffleMapStage 132, ShuffleMapStage 133, ShuffleMapStage 134, ShuffleMapStage 135, ShuffleMapStage 136, ShuffleMapStage 137, ShuffleMapStage 138, ShuffleMapStage 120, ShuffleMapStage 126, ShuffleMapStage 127)
26/01/16 13:09:11 INFO DAGScheduler: waiting: HashSet()
26/01/16 13:09:11 INFO DAGScheduler: failed: HashSet()
26/01/16 13:09:11 INFO TaskSetManager: Starting task 0.0 in stage 128.0 (TID 133) (10.139.64.10,executor 0, partition 0, PROCESS_LOCAL, 
26/01/16 13:09:11 INFO TaskSetManager: Starting task 0.0 in stage 129.0 (TID 134) (10.139.64.10,executor 0, partition 0, PROCESS_LOCAL, 
26/01/16 13:09:11 INFO MemoryStore: Block broadcast_165 stored as values in memory (estimated size 250.8 KiB, free 3.3 GiB)
26/01/16 13:09:11 INFO TaskSetManager: Finished task 0.0 in stage 126.0 (TID 130) in 172 ms on 10.139.64.10 (executor 0) (1/1)
26/01/16 13:09:11 INFO DAGScheduler: ShuffleMapStage 126 (Spark Connect - session_id: "a9408e72-f784-4414-a94c-48a15c61a2a5"
user_context {
  user_id: "141038968383667"
  user_name: "c0711894@vale.co...) finished in 1022 ms
26/01/16 13:09:11 INFO DAGScheduler: looking for newly runnable stages
26/01/16 13:09:11 INFO DAGScheduler: running: HashSet(ShuffleMapStage 128, ShuffleMapStage 129, ShuffleMapStage 132, ShuffleMapStage 133, ShuffleMapStage 134, ShuffleMapStage 135, ShuffleMapStage 136, ShuffleMapStage 137, ShuffleMapStage 138, ShuffleMapStage 120, ShuffleMapStage 127)
26/01/16 13:09:11 INFO DAGScheduler: waiting: HashSet()
26/01/16 13:09:11 INFO DAGScheduler: failed: HashSet()
26/01/16 13:09:11 INFO TaskSchedulerImpl: Removed TaskSet 126.0 whose tasks have all completed, from pool 1768568637510
26/01/16 13:09:11 INFO MemoryStore: Block broadcast_166 stored as values in memory (estimated size 250.8 KiB, free 3.3 GiB)
26/01/16 13:09:11 INFO MemoryStore: Block broadcast_166_piece0 stored as bytes in memory (estimated size 93.6 KiB, free 3.3 GiB)
26/01/16 13:09:11 INFO MemoryStore: Block broadcast_165_piece0 stored as bytes in memory (estimated size 93.5 KiB, free 3.3 GiB)
26/01/16 13:09:11 INFO SparkContext: Created broadcast 166 from broadcast at TaskSetManager.scala:848
26/01/16 13:09:11 INFO SparkContext: Created broadcast 165 from broadcast at TaskSetManager.scala:848
26/01/16 13:09:11 INFO TaskSetManager: Starting task 0.0 in stage 132.0 (TID 135) (10.139.64.10,executor 0, partition 0, PROCESS_LOCAL, 
26/01/16 13:09:11 INFO MemoryStore: Block broadcast_167 stored as values in memory (estimated size 250.8 KiB, free 3.3 GiB)
26/01/16 13:09:11 INFO MemoryStore: Block broadcast_167_piece0 stored as bytes in memory (estimated size 93.5 KiB, free 3.3 GiB)
26/01/16 13:09:11 INFO SparkContext: Created broadcast 167 from broadcast at TaskSetManager.scala:848
26/01/16 13:09:11 INFO TaskSetManager: Finished task 0.0 in stage 127.0 (TID 131) in 163 ms on 10.139.64.10 (executor 0) (1/1)
26/01/16 13:09:11 INFO TaskSchedulerImpl: Removed TaskSet 127.0 whose tasks have all completed, from pool 1768568637510
26/01/16 13:09:11 INFO DAGScheduler: ShuffleMapStage 127 (Spark Connect - session_id: "a9408e72-f784-4414-a94c-48a15c61a2a5"
user_context {
  user_id: "141038968383667"
  user_name: "c0711894@vale.co...) finished in 1030 ms
26/01/16 13:09:11 INFO DAGScheduler: looking for newly runnable stages
26/01/16 13:09:11 INFO DAGScheduler: running: HashSet(ShuffleMapStage 128, ShuffleMapStage 129, ShuffleMapStage 132, ShuffleMapStage 133, ShuffleMapStage 134, ShuffleMapStage 135, ShuffleMapStage 136, ShuffleMapStage 137, ShuffleMapStage 138, ShuffleMapStage 120)
26/01/16 13:09:11 INFO DAGScheduler: waiting: HashSet()
26/01/16 13:09:11 INFO DAGScheduler: failed: HashSet()
26/01/16 13:09:11 INFO QueryPlanningTracker: Query phase replanning took 0s before execution.
26/01/16 13:09:11 INFO FileSourceStrategy: Pushed Filters: IsNotNull(DATA_OCORRENCIA),IsNotNull(STATUS_OCORRENCIA),GreaterThanOrEqual(DATA_OCORRENCIA,2020-01-01),Not(EqualTo(STATUS_OCORRENCIA,SS04))
26/01/16 13:09:11 INFO FileSourceStrategy: Post-Scan Filters: Set(isnotnull(DATA_OCORRENCIA#704), isnotnull(STATUS_OCORRENCIA#728), (DATA_OCORRENCIA#704 >= 2020-01-01), NOT (STATUS_OCORRENCIA#728 = SS04))
26/01/16 13:09:11 INFO QueryPlanningTracker: Query phase replanning took 0s before execution.
26/01/16 13:09:11 INFO TaskSetManager: Finished task 0.0 in stage 132.0 (TID 135) in 106 ms on 10.139.64.10 (executor 0) (1/1)
26/01/16 13:09:11 INFO TaskSchedulerImpl: Removed TaskSet 132.0 whose tasks have all completed, from pool 1768568637510
26/01/16 13:09:11 INFO TaskSetManager: Starting task 0.0 in stage 133.0 (TID 136) (10.139.64.10,executor 0, partition 0, PROCESS_LOCAL, 
26/01/16 13:09:11 INFO DAGScheduler: ShuffleMapStage 132 (Spark Connect - session_id: "a9408e72-f784-4414-a94c-48a15c61a2a5"
user_context {
  user_id: "141038968383667"
  user_name: "c0711894@vale.co...) finished in 1017 ms
26/01/16 13:09:11 INFO DAGScheduler: looking for newly runnable stages
26/01/16 13:09:11 INFO DAGScheduler: running: HashSet(ShuffleMapStage 128, ShuffleMapStage 129, ShuffleMapStage 133, ShuffleMapStage 134, ShuffleMapStage 135, ShuffleMapStage 136, ShuffleMapStage 137, ShuffleMapStage 138, ShuffleMapStage 120)
26/01/16 13:09:11 INFO DAGScheduler: waiting: HashSet()
26/01/16 13:09:11 INFO DAGScheduler: failed: HashSet()
26/01/16 13:09:11 INFO MemoryStore: Block broadcast_168 stored as values in memory (estimated size 250.8 KiB, free 3.3 GiB)
26/01/16 13:09:11 INFO MemoryStore: Block broadcast_168_piece0 stored as bytes in memory (estimated size 93.5 KiB, free 3.3 GiB)
26/01/16 13:09:11 INFO SparkContext: Created broadcast 168 from broadcast at TaskSetManager.scala:848
26/01/16 13:09:11 INFO TaskSetManager: Starting task 0.0 in stage 134.0 (TID 137) (10.139.64.10,executor 0, partition 0, PROCESS_LOCAL, 
26/01/16 13:09:11 INFO TaskSetManager: Finished task 0.0 in stage 129.0 (TID 134) in 157 ms on 10.139.64.10 (executor 0) (1/1)
26/01/16 13:09:11 INFO TaskSchedulerImpl: Removed TaskSet 129.0 whose tasks have all completed, from pool 1768568637510
26/01/16 13:09:11 INFO DAGScheduler: ShuffleMapStage 129 (Spark Connect - session_id: "a9408e72-f784-4414-a94c-48a15c61a2a5"
user_context {
  user_id: "141038968383667"
  user_name: "c0711894@vale.co...) finished in 1119 ms
26/01/16 13:09:11 INFO DAGScheduler: looking for newly runnable stages
26/01/16 13:09:11 INFO DAGScheduler: running: HashSet(ShuffleMapStage 128, ShuffleMapStage 133, ShuffleMapStage 134, ShuffleMapStage 135, ShuffleMapStage 136, ShuffleMapStage 137, ShuffleMapStage 138, ShuffleMapStage 120)
26/01/16 13:09:11 INFO DAGScheduler: waiting: HashSet()
26/01/16 13:09:11 INFO DAGScheduler: failed: HashSet()
26/01/16 13:09:11 INFO MemoryStore: Block broadcast_169 stored as values in memory (estimated size 250.8 KiB, free 3.3 GiB)
26/01/16 13:09:11 INFO MemoryStore: Block broadcast_169_piece0 stored as bytes in memory (estimated size 93.5 KiB, free 3.3 GiB)
26/01/16 13:09:11 INFO SparkContext: Created broadcast 169 from broadcast at TaskSetManager.scala:848
26/01/16 13:09:11 INFO TaskSetManager: Finished task 0.0 in stage 128.0 (TID 133) in 166 ms on 10.139.64.10 (executor 0) (1/1)
26/01/16 13:09:11 INFO TaskSchedulerImpl: Removed TaskSet 128.0 whose tasks have all completed, from pool 1768568637510
26/01/16 13:09:11 INFO DAGScheduler: ShuffleMapStage 128 (Spark Connect - session_id: "a9408e72-f784-4414-a94c-48a15c61a2a5"
user_context {
  user_id: "141038968383667"
  user_name: "c0711894@vale.co...) finished in 1138 ms
26/01/16 13:09:11 INFO TaskSetManager: Starting task 0.0 in stage 135.0 (TID 138) (10.139.64.10,executor 0, partition 0, PROCESS_LOCAL, 
26/01/16 13:09:11 INFO DAGScheduler: looking for newly runnable stages
26/01/16 13:09:11 INFO DAGScheduler: running: HashSet(ShuffleMapStage 133, ShuffleMapStage 134, ShuffleMapStage 135, ShuffleMapStage 136, ShuffleMapStage 137, ShuffleMapStage 138, ShuffleMapStage 120)
26/01/16 13:09:11 INFO DAGScheduler: waiting: HashSet()
26/01/16 13:09:11 INFO DAGScheduler: failed: HashSet()
26/01/16 13:09:11 INFO MemoryStore: Block broadcast_170 stored as values in memory (estimated size 250.8 KiB, free 3.3 GiB)
26/01/16 13:09:11 INFO MemoryStore: Block broadcast_170_piece0 stored as bytes in memory (estimated size 93.5 KiB, free 3.3 GiB)
26/01/16 13:09:11 INFO SparkContext: Created broadcast 170 from broadcast at TaskSetManager.scala:848
26/01/16 13:09:11 INFO QueryPlanningTracker: Query phase replanning took 0s before execution.
26/01/16 13:09:12 INFO QueryPlanningTracker: Query phase replanning took 0s before execution.
26/01/16 13:09:12 INFO FileSourceStrategy: Pushed Filters: IsNotNull(DATA_OCORRENCIA),IsNotNull(STATUS_OCORRENCIA),GreaterThanOrEqual(DATA_OCORRENCIA,2020-01-01),Not(EqualTo(STATUS_OCORRENCIA,SS04))
26/01/16 13:09:12 INFO FileSourceStrategy: Post-Scan Filters: Set(isnotnull(DATA_OCORRENCIA#704), isnotnull(STATUS_OCORRENCIA#728), (DATA_OCORRENCIA#704 >= 2020-01-01), NOT (STATUS_OCORRENCIA#728 = SS04))
26/01/16 13:09:12 INFO QueryPlanningTracker: Query phase replanning took 0s before execution.
26/01/16 13:09:12 INFO TaskSetManager: Finished task 0.0 in stage 133.0 (TID 136) in 179 ms on 10.139.64.10 (executor 0) (1/1)
26/01/16 13:09:12 INFO TaskSchedulerImpl: Removed TaskSet 133.0 whose tasks have all completed, from pool 1768568637510
26/01/16 13:09:12 INFO TaskSetManager: Starting task 0.0 in stage 136.0 (TID 139) (10.139.64.10,executor 0, partition 0, PROCESS_LOCAL, 
26/01/16 13:09:12 INFO MemoryStore: Block broadcast_171 stored as values in memory (estimated size 262.9 KiB, free 3.3 GiB)
26/01/16 13:09:12 INFO DAGScheduler: ShuffleMapStage 133 (Spark Connect - session_id: "a9408e72-f784-4414-a94c-48a15c61a2a5"
user_context {
  user_id: "141038968383667"
  user_name: "c0711894@vale.co...) finished in 1193 ms
26/01/16 13:09:12 INFO DAGScheduler: looking for newly runnable stages
26/01/16 13:09:12 INFO DAGScheduler: running: HashSet(ShuffleMapStage 134, ShuffleMapStage 135, ShuffleMapStage 136, ShuffleMapStage 137, ShuffleMapStage 138, ShuffleMapStage 120)
26/01/16 13:09:12 INFO DAGScheduler: waiting: HashSet()
26/01/16 13:09:12 INFO DAGScheduler: failed: HashSet()
26/01/16 13:09:12 INFO MemoryStore: Block broadcast_171_piece0 stored as bytes in memory (estimated size 95.8 KiB, free 3.3 GiB)
26/01/16 13:09:12 INFO SparkContext: Created broadcast 171 from broadcast at TaskSetManager.scala:848
26/01/16 13:09:12 INFO TaskSetManager: Finished task 0.0 in stage 134.0 (TID 137) in 191 ms on 10.139.64.10 (executor 0) (1/1)
26/01/16 13:09:12 INFO TaskSchedulerImpl: Removed TaskSet 134.0 whose tasks have all completed, from pool 1768568637510
26/01/16 13:09:12 INFO DAGScheduler: ShuffleMapStage 134 (Spark Connect - session_id: "a9408e72-f784-4414-a94c-48a15c61a2a5"
user_context {
  user_id: "141038968383667"
  user_name: "c0711894@vale.co...) finished in 1199 ms
26/01/16 13:09:12 INFO TaskSetManager: Starting task 1.0 in stage 136.0 (TID 140) (10.139.64.10,executor 0, partition 1, PROCESS_LOCAL, 
26/01/16 13:09:12 INFO DAGScheduler: looking for newly runnable stages
26/01/16 13:09:12 INFO DAGScheduler: running: HashSet(ShuffleMapStage 135, ShuffleMapStage 136, ShuffleMapStage 137, ShuffleMapStage 138, ShuffleMapStage 120)
26/01/16 13:09:12 INFO DAGScheduler: waiting: HashSet()
26/01/16 13:09:12 INFO DAGScheduler: failed: HashSet()
26/01/16 13:09:12 INFO TaskSetManager: Finished task 0.0 in stage 135.0 (TID 138) in 190 ms on 10.139.64.10 (executor 0) (1/1)
26/01/16 13:09:12 INFO QueryPlanningTracker: Query phase replanning took 0s before execution.
26/01/16 13:09:12 INFO TaskSchedulerImpl: Removed TaskSet 135.0 whose tasks have all completed, from pool 1768568637510
26/01/16 13:09:12 INFO DAGScheduler: ShuffleMapStage 135 (Spark Connect - session_id: "a9408e72-f784-4414-a94c-48a15c61a2a5"
user_context {
  user_id: "141038968383667"
  user_name: "c0711894@vale.co...) finished in 1188 ms
26/01/16 13:09:12 INFO DAGScheduler: looking for newly runnable stages
26/01/16 13:09:12 INFO DAGScheduler: running: HashSet(ShuffleMapStage 136, ShuffleMapStage 137, ShuffleMapStage 138, ShuffleMapStage 120)
26/01/16 13:09:12 INFO DAGScheduler: waiting: HashSet()
26/01/16 13:09:12 INFO DAGScheduler: failed: HashSet()
26/01/16 13:09:12 INFO TaskSetManager: Starting task 0.0 in stage 137.0 (TID 141) (10.139.64.10,executor 0, partition 0, PROCESS_LOCAL, 
26/01/16 13:09:12 INFO MemoryStore: Block broadcast_172 stored as values in memory (estimated size 254.1 KiB, free 3.3 GiB)
26/01/16 13:09:12 INFO MemoryStore: Block broadcast_172_piece0 stored as bytes in memory (estimated size 93.8 KiB, free 3.3 GiB)
26/01/16 13:09:12 INFO SparkContext: Created broadcast 172 from broadcast at TaskSetManager.scala:848
26/01/16 13:09:12 INFO QueryPlanningTracker: Query phase planning took 0s before execution.
26/01/16 13:09:12 INFO LogInterceptor: RPC spark.connect.SparkConnectService/ExecutePlan (116612358) [ExecutePlanResponse]: sessionId: a9408e72-f784-4414-a94c-48a15c61a2a5, serverSideSessionId: 26b20359-cf6e-401c-83bf-84c101c974f2, operationId: 39147498-2835-4eec-9c32-a9a79e74ca90, responseId: 57a7b08b-9a3f-400f-aa16-3df87ebf6a95
26/01/16 13:09:12 INFO LogInterceptor: RPC spark.connect.SparkConnectService/ExecutePlan (116612358) [ExecutePlanResponse]: sessionId: a9408e72-f784-4414-a94c-48a15c61a2a5, serverSideSessionId: 26b20359-cf6e-401c-83bf-84c101c974f2, operationId: 39147498-2835-4eec-9c32-a9a79e74ca90, responseId: e9268d32-8b2f-487e-a16f-99d4c9dc4ce8
26/01/16 13:09:12 INFO QueryPlanningTracker: Query phase planning took 0s before execution.
26/01/16 13:09:12 INFO QueryPlanningTracker: Query phase replanning took 0s before execution.
26/01/16 13:09:12 INFO QueryPlanningTracker: Query phase replanning took 0s before execution.
26/01/16 13:09:12 INFO QueryPlanningTracker: Query phase replanning took 0s before execution.
26/01/16 13:09:12 WARN JupyterKernelListener: Received Jupyter debug message with unknown command: null
26/01/16 13:09:12 INFO CodeGenerator: Generated method too long to be JIT compiled: org.apache.spark.sql.catalyst.expressions.GeneratedClass$GeneratedIteratorForCodegenStage33.processNext is 11851 bytes
26/01/16 13:09:12 INFO CodeGenerator: Code generated in 229.816549 ms
26/01/16 13:09:12 INFO MemoryStore: Block broadcast_173 stored as values in memory (estimated size 325.0 KiB, free 3.3 GiB)
26/01/16 13:09:12 INFO MemoryStore: Block broadcast_173_piece0 stored as bytes in memory (estimated size 29.3 KiB, free 3.3 GiB)
26/01/16 13:09:12 INFO SparkContext: Created broadcast 173 from Spark Connect - session_id: "a9408e72-f784-4414-a94c-48a15c61a2a5"
user_context {
  user_id: "141038968383667"
  user_name: "c0711894@vale.co...
26/01/16 13:09:12 INFO FileSourceScanExec: Planning scan with bin packing, max size: 134217728 bytes, open cost is considered as scanning 4194304 bytes.
26/01/16 13:09:13 INFO DAGScheduler: Registering RDD 466 (Spark Connect - session_id: "a9408e72-f784-4414-a94c-48a15c61a2a5"
user_context {
  user_id: "141038968383667"
  user_name: "c0711894@vale.co...) as input to shuffle 32
26/01/16 13:09:13 INFO DAGScheduler: Got map stage job 139 (Spark Connect - session_id: "a9408e72-f784-4414-a94c-48a15c61a2a5"
user_context {
  user_id: "141038968383667"
  user_name: "c0711894@vale.co...) with 8 output partitions
26/01/16 13:09:13 INFO DAGScheduler: Final stage: ShuffleMapStage 159 (Spark Connect - session_id: "a9408e72-f784-4414-a94c-48a15c61a2a5"
user_context {
  user_id: "141038968383667"
  user_name: "c0711894@vale.co...)
26/01/16 13:09:13 INFO DAGScheduler: Parents of final stage: List(ShuffleMapStage 139, ShuffleMapStage 140, ShuffleMapStage 141, ShuffleMapStage 142, ShuffleMapStage 143, ShuffleMapStage 144, ShuffleMapStage 145, ShuffleMapStage 146, ShuffleMapStage 147, ShuffleMapStage 148, ShuffleMapStage 149, ShuffleMapStage 150, ShuffleMapStage 151, ShuffleMapStage 152, ShuffleMapStage 153, ShuffleMapStage 154, ShuffleMapStage 155, ShuffleMapStage 156, ShuffleMapStage 157, ShuffleMapStage 158)
26/01/16 13:09:13 INFO DAGScheduler: Missing parents: List()
26/01/16 13:09:13 INFO DAGScheduler: Submitting ShuffleMapStage 159 (MapPartitionsRDD[466] at Spark Connect - session_id: "a9408e72-f784-4414-a94c-48a15c61a2a5"
user_context {
  user_id: "141038968383667"
  user_name: "c0711894@vale.co...), which has no missing parents
26/01/16 13:09:13 INFO TaskSetManager: Starting task 0.0 in stage 138.0 (TID 142) (10.139.64.10,executor 0, partition 0, PROCESS_LOCAL, 
26/01/16 13:09:13 INFO TaskSetManager: Finished task 0.0 in stage 137.0 (TID 141) in 1076 ms on 10.139.64.10 (executor 0) (1/1)
26/01/16 13:09:13 INFO TaskSchedulerImpl: Removed TaskSet 137.0 whose tasks have all completed, from pool 1768568637510
26/01/16 13:09:13 INFO MemoryStore: Block broadcast_174 stored as values in memory (estimated size 270.0 KiB, free 3.3 GiB)
26/01/16 13:09:13 INFO MemoryStore: Block broadcast_174_piece0 stored as bytes in memory (estimated size 100.2 KiB, free 3.3 GiB)
26/01/16 13:09:13 INFO SparkContext: Created broadcast 174 from broadcast at TaskSetManager.scala:848
26/01/16 13:09:13 WARN DAGScheduler: Broadcasting large task binary with size 1377663
26/01/16 13:09:13 INFO DAGScheduler: Submitting 8 missing tasks from ShuffleMapStage 159 (MapPartitionsRDD[466] at Spark Connect - session_id: "a9408e72-f784-4414-a94c-48a15c61a2a5"
user_context {
  user_id: "141038968383667"
  user_name: "c0711894@vale.co...) (first 15 tasks are for partitions Vector(0, 1, 2, 3, 4, 5, 6, 7))
26/01/16 13:09:13 INFO TaskSchedulerImpl: Adding task set 159.0 with 8 tasks resource profile 0
26/01/16 13:09:13 INFO TaskSetManager: TaskSet 159.0 using PreferredLocationsV1
26/01/16 13:09:13 INFO FairSchedulableBuilder: Added task set TaskSet_159.0 tasks to pool 1768568637510
26/01/16 13:09:13 INFO DAGScheduler: ShuffleMapStage 137 (Spark Connect - session_id: "a9408e72-f784-4414-a94c-48a15c61a2a5"
user_context {
  user_id: "141038968383667"
  user_name: "c0711894@vale.co...) finished in 2252 ms
26/01/16 13:09:13 INFO DAGScheduler: looking for newly runnable stages
26/01/16 13:09:13 INFO DAGScheduler: running: HashSet(ShuffleMapStage 136, ShuffleMapStage 138, ShuffleMapStage 159, ShuffleMapStage 120)
26/01/16 13:09:13 INFO DAGScheduler: waiting: HashSet()
26/01/16 13:09:13 INFO DAGScheduler: failed: HashSet()
26/01/16 13:09:13 INFO QueryPlanningTracker: Query phase replanning took 0s before execution.
26/01/16 13:09:13 INFO QueryPlanningTracker: Query phase replanning took 0s before execution.
26/01/16 13:09:13 INFO QueryPlanningTracker: Query phase replanning took 0s before execution.
26/01/16 13:09:14 INFO LogInterceptor: RPC spark.connect.SparkConnectService/ExecutePlan (116612358) [ExecutePlanResponse]: sessionId: a9408e72-f784-4414-a94c-48a15c61a2a5, serverSideSessionId: 26b20359-cf6e-401c-83bf-84c101c974f2, operationId: 39147498-2835-4eec-9c32-a9a79e74ca90, responseId: 0321920c-1c08-4c60-988f-63ba6b042119
26/01/16 13:09:14 INFO LogInterceptor: RPC spark.connect.SparkConnectService/ExecutePlan (116612358) [ExecutePlanResponse]: sessionId: a9408e72-f784-4414-a94c-48a15c61a2a5, serverSideSessionId: 26b20359-cf6e-401c-83bf-84c101c974f2, operationId: 39147498-2835-4eec-9c32-a9a79e74ca90, responseId: 70ce3c0f-5791-45d1-b0d6-fe6d6c6c907a
26/01/16 13:09:14 INFO ClusterLoadAvgHelper: Current cluster load: 1, Old Ema: 1.0, New Ema: 1.0 
26/01/16 13:09:14 INFO TaskSetManager: Starting task 1.0 in stage 138.0 (TID 143) (10.139.64.10,executor 0, partition 1, PROCESS_LOCAL, 
26/01/16 13:09:14 INFO TaskSetManager: Finished task 1.0 in stage 136.0 (TID 140) in 2714 ms on 10.139.64.10 (executor 0) (1/2)
26/01/16 13:09:15 INFO TaskSetManager: Finished task 0.0 in stage 120.0 (TID 123) in 4182 ms on 10.139.64.10 (executor 0) (1/1)
26/01/16 13:09:15 INFO TaskSchedulerImpl: Removed TaskSet 120.0 whose tasks have all completed, from pool 1768568637510
26/01/16 13:09:15 INFO TaskSetManager: Starting task 2.0 in stage 138.0 (TID 144) (10.139.64.10,executor 0, partition 2, PROCESS_LOCAL, 
26/01/16 13:09:15 INFO DAGScheduler: ShuffleMapStage 120 (Spark Connect - session_id: "a9408e72-f784-4414-a94c-48a15c61a2a5"
user_context {
  user_id: "141038968383667"
  user_name: "c0711894@vale.co...) finished in 4703 ms
26/01/16 13:09:15 INFO DAGScheduler: looking for newly runnable stages
26/01/16 13:09:15 INFO DAGScheduler: running: HashSet(ShuffleMapStage 136, ShuffleMapStage 138, ShuffleMapStage 159)
26/01/16 13:09:15 INFO DAGScheduler: waiting: HashSet()
26/01/16 13:09:15 INFO DAGScheduler: failed: HashSet()
26/01/16 13:09:15 INFO QueryPlanningTracker: Query phase replanning took 0s before execution.
26/01/16 13:09:15 INFO QueryPlanningTracker: Query phase replanning took 0s before execution.
26/01/16 13:09:15 INFO QueryPlanningTracker: Query phase replanning took 0s before execution.
26/01/16 13:09:16 INFO LogInterceptor: RPC spark.connect.SparkConnectService/ExecutePlan (116612358) [ExecutePlanResponse]: sessionId: a9408e72-f784-4414-a94c-48a15c61a2a5, serverSideSessionId: 26b20359-cf6e-401c-83bf-84c101c974f2, operationId: 39147498-2835-4eec-9c32-a9a79e74ca90, responseId: 48a3de22-289d-414a-a82f-dfe21e3008f7
26/01/16 13:09:16 INFO LogInterceptor: RPC spark.connect.SparkConnectService/ExecutePlan (116612358) [ExecutePlanResponse]: sessionId: a9408e72-f784-4414-a94c-48a15c61a2a5, serverSideSessionId: 26b20359-cf6e-401c-83bf-84c101c974f2, operationId: 39147498-2835-4eec-9c32-a9a79e74ca90, responseId: 29e50884-0dda-4955-8267-1a4c1248a67d
26/01/16 13:09:17 INFO TaskSetManager: Starting task 3.0 in stage 138.0 (TID 145) (10.139.64.10,executor 0, partition 3, PROCESS_LOCAL, 
26/01/16 13:09:17 INFO TaskSetManager: Finished task 1.0 in stage 138.0 (TID 143) in 2473 ms on 10.139.64.10 (executor 0) (1/6)
26/01/16 13:09:17 INFO TaskSetManager: Starting task 4.0 in stage 138.0 (TID 146) (10.139.64.10,executor 0, partition 4, PROCESS_LOCAL, 
26/01/16 13:09:17 INFO TaskSetManager: Finished task 0.0 in stage 136.0 (TID 139) in 5240 ms on 10.139.64.10 (executor 0) (2/2)
26/01/16 13:09:17 INFO TaskSchedulerImpl: Removed TaskSet 136.0 whose tasks have all completed, from pool 1768568637510
26/01/16 13:09:17 INFO DAGScheduler: ShuffleMapStage 136 (Spark Connect - session_id: "a9408e72-f784-4414-a94c-48a15c61a2a5"
user_context {
  user_id: "141038968383667"
  user_name: "c0711894@vale.co...) finished in 6366 ms
26/01/16 13:09:17 INFO DAGScheduler: looking for newly runnable stages
26/01/16 13:09:17 INFO DAGScheduler: running: HashSet(ShuffleMapStage 138, ShuffleMapStage 159)
26/01/16 13:09:17 INFO DAGScheduler: waiting: HashSet()
26/01/16 13:09:17 INFO DAGScheduler: failed: HashSet()
26/01/16 13:09:17 INFO QueryPlanningTracker: Query phase replanning took 0s before execution.
26/01/16 13:09:17 INFO QueryPlanningTracker: Query phase replanning took 0s before execution.
26/01/16 13:09:17 INFO QueryPlanningTracker: Query phase replanning took 0s before execution.
26/01/16 13:09:17 INFO TaskSetManager: Starting task 5.0 in stage 138.0 (TID 147) (10.139.64.10,executor 0, partition 5, PROCESS_LOCAL, 
26/01/16 13:09:17 INFO TaskSetManager: Finished task 0.0 in stage 138.0 (TID 142) in 4262 ms on 10.139.64.10 (executor 0) (2/6)
26/01/16 13:09:17 INFO ClusterLoadAvgHelper: Current cluster load: 1, Old Ema: 1.0, New Ema: 1.0 
26/01/16 13:09:18 INFO LogInterceptor: RPC spark.connect.SparkConnectService/ExecutePlan (116612358) [ExecutePlanResponse]: sessionId: a9408e72-f784-4414-a94c-48a15c61a2a5, serverSideSessionId: 26b20359-cf6e-401c-83bf-84c101c974f2, operationId: 39147498-2835-4eec-9c32-a9a79e74ca90, responseId: cb3291fd-3b67-4be0-a81e-de28d8ec6a55
26/01/16 13:09:18 INFO LogInterceptor: RPC spark.connect.SparkConnectService/ExecutePlan (116612358) [ExecutePlanResponse]: sessionId: a9408e72-f784-4414-a94c-48a15c61a2a5, serverSideSessionId: 26b20359-cf6e-401c-83bf-84c101c974f2, operationId: 39147498-2835-4eec-9c32-a9a79e74ca90, responseId: 7b0ea30d-1b06-4aa0-a78b-35c8331b5e08
26/01/16 13:09:18 INFO TaskSetManager: Starting task 0.0 in stage 159.0 (TID 148) (10.139.64.10,executor 0, partition 0, PROCESS_LOCAL, 
26/01/16 13:09:18 INFO TaskSetManager: Finished task 5.0 in stage 138.0 (TID 147) in 922 ms on 10.139.64.10 (executor 0) (3/6)
26/01/16 13:09:18 INFO MemoryStore: Block broadcast_175 stored as values in memory (estimated size 1490.7 KiB, free 3.3 GiB)
26/01/16 13:09:18 INFO MemoryStore: Block broadcast_175_piece0 stored as bytes in memory (estimated size 551.1 KiB, free 3.3 GiB)
26/01/16 13:09:18 INFO SparkContext: Created broadcast 175 from broadcast at TaskSetManager.scala:848
26/01/16 13:09:19 INFO DataSourceFactory$: DataSource Jdbc URL: jdbc:mariadb://consolidated-eastus2c3-prod-metastore-0.mysql.database.azure.com:9207/organization116288240407984?useSSL=true&sslMode=VERIFY_CA&disableSslHostnameVerification=true&trustServerCertificate=false&serverSslCert=/databricks/common/mysql-ssl-ca-cert.crt
26/01/16 13:09:19 INFO HikariDataSource: metastore-monitor - Starting...
26/01/16 13:09:19 INFO HikariDataSource: metastore-monitor - Start completed.
26/01/16 13:09:19 INFO MapOutputTrackerMasterEndpoint: Asked to send map output locations for shuffle 1 to 10.139.64.10:38544
26/01/16 13:09:19 INFO HikariDataSource: metastore-monitor - Shutdown initiated...
26/01/16 13:09:19 INFO HikariDataSource: metastore-monitor - Shutdown completed.
26/01/16 13:09:19 INFO MetastoreMonitor: Metastore healthcheck successful (connection duration = 441 milliseconds)
26/01/16 13:09:19 INFO DataSourceFactory$: DataSource Jdbc URL: jdbc:mariadb://consolidated-eastus2c3-prod-metastore-0.mysql.database.azure.com:9207/organization116288240407984?useSSL=true&sslMode=VERIFY_CA&disableSslHostnameVerification=true&trustServerCertificate=false&serverSslCert=/databricks/common/mysql-ssl-ca-cert.crt
26/01/16 13:09:19 INFO HikariDataSource: metastore-monitor - Starting...
26/01/16 13:09:19 INFO HikariDataSource: metastore-monitor - Start completed.
26/01/16 13:09:19 INFO TaskSetManager: Starting task 1.0 in stage 159.0 (TID 149) (10.139.64.10,executor 0, partition 1, PROCESS_LOCAL, 
26/01/16 13:09:19 INFO TaskSetManager: Finished task 2.0 in stage 138.0 (TID 144) in 4329 ms on 10.139.64.10 (executor 0) (4/6)
26/01/16 13:09:19 INFO MapOutputTrackerMasterEndpoint: Asked to send map output locations for shuffle 17 to 10.139.64.10:38544
26/01/16 13:09:19 INFO MapOutputTrackerMasterEndpoint: Asked to send map output locations for shuffle 10 to 10.139.64.10:38544
26/01/16 13:09:19 INFO MapOutputTrackerMasterEndpoint: Asked to send map output locations for shuffle 3 to 10.139.64.10:38544
26/01/16 13:09:20 INFO MapOutputTrackerMasterEndpoint: Asked to send map output locations for shuffle 9 to 10.139.64.10:38544
26/01/16 13:09:20 INFO MapOutputTrackerMasterEndpoint: Asked to send map output locations for shuffle 14 to 10.139.64.10:38544
26/01/16 13:09:20 INFO MapOutputTrackerMasterEndpoint: Asked to send map output locations for shuffle 11 to 10.139.64.10:38544
26/01/16 13:09:20 INFO HikariDataSource: metastore-monitor - Shutdown initiated...
26/01/16 13:09:20 INFO HikariDataSource: metastore-monitor - Shutdown completed.
26/01/16 13:09:20 INFO MetastoreMonitor: PoPProxy healthcheck successful (connection duration = 459 milliseconds)
26/01/16 13:09:20 INFO MapOutputTrackerMasterEndpoint: Asked to send map output locations for shuffle 8 to 10.139.64.10:38544
26/01/16 13:09:20 INFO LogInterceptor: RPC spark.connect.SparkConnectService/ExecutePlan (116612358) [ExecutePlanResponse]: sessionId: a9408e72-f784-4414-a94c-48a15c61a2a5, serverSideSessionId: 26b20359-cf6e-401c-83bf-84c101c974f2, operationId: 39147498-2835-4eec-9c32-a9a79e74ca90, responseId: c1c9af9c-4bcf-4e91-a172-e1d0c07cb440
26/01/16 13:09:20 INFO LogInterceptor: RPC spark.connect.SparkConnectService/ExecutePlan (116612358) [ExecutePlanResponse]: sessionId: a9408e72-f784-4414-a94c-48a15c61a2a5, serverSideSessionId: 26b20359-cf6e-401c-83bf-84c101c974f2, operationId: 39147498-2835-4eec-9c32-a9a79e74ca90, responseId: c8f4faef-0b61-4f10-8558-76ae065bea03
26/01/16 13:09:20 INFO MapOutputTrackerMasterEndpoint: Asked to send map output locations for shuffle 5 to 10.139.64.10:38544
26/01/16 13:09:20 INFO MapOutputTrackerMasterEndpoint: Asked to send map output locations for shuffle 0 to 10.139.64.10:38544
26/01/16 13:09:20 INFO MapOutputTrackerMasterEndpoint: Asked to send map output locations for shuffle 4 to 10.139.64.10:38544
26/01/16 13:09:20 INFO MapOutputTrackerMasterEndpoint: Asked to send map output locations for shuffle 7 to 10.139.64.10:38544
26/01/16 13:09:20 INFO ClusterLoadAvgHelper: Current cluster load: 1, Old Ema: 1.0, New Ema: 1.0 
26/01/16 13:09:20 INFO MapOutputTrackerMasterEndpoint: Asked to send map output locations for shuffle 12 to 10.139.64.10:38544
26/01/16 13:09:20 INFO MapOutputTrackerMasterEndpoint: Asked to send map output locations for shuffle 6 to 10.139.64.10:38544
26/01/16 13:09:20 INFO MapOutputTrackerMasterEndpoint: Asked to send map output locations for shuffle 16 to 10.139.64.10:38544
26/01/16 13:09:20 INFO MapOutputTrackerMasterEndpoint: Asked to send map output locations for shuffle 2 to 10.139.64.10:38544
26/01/16 13:09:21 INFO MapOutputTrackerMasterEndpoint: Asked to send map output locations for shuffle 13 to 10.139.64.10:38544
26/01/16 13:09:21 INFO MapOutputTrackerMasterEndpoint: Asked to send map output locations for shuffle 15 to 10.139.64.10:38544
26/01/16 13:09:21 INFO MapOutputTrackerMasterEndpoint: Asked to send map output locations for shuffle 18 to 10.139.64.10:38544
26/01/16 13:09:21 INFO MapOutputTrackerMasterEndpoint: Asked to send map output locations for shuffle 24 to 10.139.64.10:38544
26/01/16 13:09:22 INFO LogInterceptor: RPC spark.connect.SparkConnectService/ExecutePlan (116612358) [ExecutePlanResponse]: sessionId: a9408e72-f784-4414-a94c-48a15c61a2a5, serverSideSessionId: 26b20359-cf6e-401c-83bf-84c101c974f2, operationId: 39147498-2835-4eec-9c32-a9a79e74ca90, responseId: 4f52c36f-2dd0-4840-8419-4a5ec1c88ee3
26/01/16 13:09:22 INFO TaskSetManager: Finished task 3.0 in stage 138.0 (TID 145) in 5370 ms on 10.139.64.10 (executor 0) (5/6)
26/01/16 13:09:22 INFO TaskSetManager: Starting task 2.0 in stage 159.0 (TID 150) (10.139.64.10,executor 0, partition 2, PROCESS_LOCAL, 
26/01/16 13:09:22 INFO TaskSetManager: Starting task 3.0 in stage 159.0 (TID 151) (10.139.64.10,executor 0, partition 3, PROCESS_LOCAL, 
26/01/16 13:09:22 INFO TaskSetManager: Finished task 4.0 in stage 138.0 (TID 146) in 5443 ms on 10.139.64.10 (executor 0) (6/6)
26/01/16 13:09:22 INFO TaskSchedulerImpl: Removed TaskSet 138.0 whose tasks have all completed, from pool 1768568637510
26/01/16 13:09:22 INFO DAGScheduler: ShuffleMapStage 138 (Spark Connect - session_id: "a9408e72-f784-4414-a94c-48a15c61a2a5"
user_context {
  user_id: "141038968383667"
  user_name: "c0711894@vale.co...) finished in 11772 ms
26/01/16 13:09:22 INFO DAGScheduler: looking for newly runnable stages
26/01/16 13:09:22 INFO DAGScheduler: running: HashSet(ShuffleMapStage 159)
26/01/16 13:09:22 INFO DAGScheduler: waiting: HashSet()
26/01/16 13:09:22 INFO DAGScheduler: failed: HashSet()
26/01/16 13:09:22 INFO QueryPlanningTracker: Query phase replanning took 0s before execution.
26/01/16 13:09:22 INFO QueryPlanningTracker: Query phase replanning took 0s before execution.
26/01/16 13:09:22 INFO QueryPlanningTracker: Query phase replanning took 0s before execution.
26/01/16 13:09:23 INFO ClusterLoadAvgHelper: Current cluster load: 1, Old Ema: 1.0, New Ema: 1.0 
26/01/16 13:09:24 INFO LogInterceptor: RPC spark.connect.SparkConnectService/ExecutePlan (116612358) [ExecutePlanResponse]: sessionId: a9408e72-f784-4414-a94c-48a15c61a2a5, serverSideSessionId: 26b20359-cf6e-401c-83bf-84c101c974f2, operationId: 39147498-2835-4eec-9c32-a9a79e74ca90, responseId: 33675b93-335c-4146-96e3-390281d1de44
26/01/16 13:09:24 INFO LogInterceptor: RPC spark.connect.SparkConnectService/ExecutePlan (116612358) [ExecutePlanResponse]: sessionId: a9408e72-f784-4414-a94c-48a15c61a2a5, serverSideSessionId: 26b20359-cf6e-401c-83bf-84c101c974f2, operationId: 39147498-2835-4eec-9c32-a9a79e74ca90, responseId: 5c0e00fc-beab-43bb-bbd9-f5a24e376e61
26/01/16 13:09:26 INFO LogInterceptor: RPC spark.connect.SparkConnectService/ExecutePlan (116612358) [ExecutePlanResponse]: sessionId: a9408e72-f784-4414-a94c-48a15c61a2a5, serverSideSessionId: 26b20359-cf6e-401c-83bf-84c101c974f2, operationId: 39147498-2835-4eec-9c32-a9a79e74ca90, responseId: addf3cd6-e72f-4c2f-93ec-3f1232b3ea31
26/01/16 13:09:26 INFO ClusterLoadAvgHelper: Current cluster load: 1, Old Ema: 1.0, New Ema: 1.0 
